2026-09-20T16:04:16.231+05:30  INFO 13188 --- [smartmetro-api] [restartedMain] c.smartmetro.SmartmetroApiApplication    : Starting SmartmetroApiApplication using Java 24.0.1 with PID 13188 (C:\Users\SHASHANK\Downloads\smartmetro-api\smartmetro-api\build\classes\java\main started by SHASHANK in C:\Users\SHASHANK\Downloads\smartmetro-api\smartmetro-api)
2026-09-20T16:04:16.240+05:30 DEBUG 13188 --- [smartmetro-api] [restartedMain] c.smartmetro.SmartmetroApiApplication    : Running with Spring Boot v4.1.0, Spring v7.0.8
2026-09-20T16:04:16.240+05:30  INFO 13188 --- [smartmetro-api] [restartedMain] c.smartmetro.SmartmetroApiApplication    : The following 1 profile is active: "uat"
2026-09-20T16:04:16.319+05:30  INFO 13188 --- [smartmetro-api] [restartedMain] o.s.b.devtools.restart.ChangeableUrls    : The Class-Path manifest attribute in C:\Users\SHASHANK\.gradle\caches\modules-2\files-2.1\com.oracle.database.jdbc\ojdbc11\23.26.2.0.0\2462b603e435c9a2707f41a1896e5b5be6f36520\ojdbc11-23.26.2.0.0.jar referenced one or more files that do not exist: file:/C:/Users/SHASHANK/.gradle/caches/modules-2/files-2.1/com.oracle.database.jdbc/ojdbc11/23.26.2.0.0/2462b603e435c9a2707f41a1896e5b5be6f36520/oraclepki.jar
2026-09-20T16:04:16.319+05:30  INFO 13188 --- [smartmetro-api] [restartedMain] .e.DevToolsPropertyDefaultsPostProcessor : Devtools property defaults active! Set 'spring.devtools.add-properties' to 'false' to disable
2026-09-20T16:04:16.321+05:30  INFO 13188 --- [smartmetro-api] [restartedMain] .e.DevToolsPropertyDefaultsPostProcessor : For additional web related logging consider setting the 'logging.level.web' property to 'DEBUG'
2026-09-20T16:04:18.153+05:30  INFO 13188 --- [smartmetro-api] [restartedMain] .s.d.r.c.RepositoryConfigurationDelegate : Multiple Spring Data modules found, entering strict repository configuration mode
2026-09-20T16:04:18.154+05:30  INFO 13188 --- [smartmetro-api] [restartedMain] .s.d.r.c.RepositoryConfigurationDelegate : Bootstrapping Spring Data JPA repositories in DEFAULT mode.
2026-09-20T16:04:18.253+05:30  INFO 13188 --- [smartmetro-api] [restartedMain] .s.d.r.c.RepositoryConfigurationDelegate : Finished Spring Data repository scanning in 83 ms. Found 8 JPA repository interfaces.
2026-09-20T16:04:18.319+05:30  INFO 13188 --- [smartmetro-api] [restartedMain] .s.d.r.c.RepositoryConfigurationDelegate : Multiple Spring Data modules found, entering strict repository configuration mode
2026-09-20T16:04:18.319+05:30  INFO 13188 --- [smartmetro-api] [restartedMain] .s.d.r.c.RepositoryConfigurationDelegate : Bootstrapping Spring Data MongoDB repositories in DEFAULT mode.
2026-09-20T16:04:18.327+05:30  INFO 13188 --- [smartmetro-api] [restartedMain] .RepositoryConfigurationExtensionSupport : Spring Data MongoDB - Could not safely identify store assignment for repository candidate interface com.smartmetro.repository.MetroCardRepository; If you want this repository to be a MongoDB repository, consider annotating your entities with one of these annotations: org.springframework.data.mongodb.core.mapping.Document (preferred), or consider extending one of the following types with your repository: org.springframework.data.mongodb.repository.MongoRepository
2026-09-20T16:04:18.327+05:30  INFO 13188 --- [smartmetro-api] [restartedMain] .RepositoryConfigurationExtensionSupport : Spring Data MongoDB - Could not safely identify store assignment for repository candidate interface com.smartmetro.repository.PaymentRepository; If you want this repository to be a MongoDB repository, consider annotating your entities with one of these annotations: org.springframework.data.mongodb.core.mapping.Document (preferred), or consider extending one of the following types with your repository: org.springframework.data.mongodb.repository.MongoRepository
2026-09-20T16:04:18.327+05:30  INFO 13188 --- [smartmetro-api] [restartedMain] .RepositoryConfigurationExtensionSupport : Spring Data MongoDB - Could not safely identify store assignment for repository candidate interface com.smartmetro.repository.RouteRepository; If you want this repository to be a MongoDB repository, consider annotating your entities with one of these annotations: org.springframework.data.mongodb.core.mapping.Document (preferred), or consider extending one of the following types with your repository: org.springframework.data.mongodb.repository.MongoRepository
2026-09-20T16:04:18.328+05:30  INFO 13188 --- [smartmetro-api] [restartedMain] .RepositoryConfigurationExtensionSupport : Spring Data MongoDB - Could not safely identify store assignment for repository candidate interface com.smartmetro.repository.RouteStationRepository; If you want this repository to be a MongoDB repository, consider annotating your entities with one of these annotations: org.springframework.data.mongodb.core.mapping.Document (preferred), or consider extending one of the following types with your repository: org.springframework.data.mongodb.repository.MongoRepository
2026-09-20T16:04:18.328+05:30  INFO 13188 --- [smartmetro-api] [restartedMain] .RepositoryConfigurationExtensionSupport : Spring Data MongoDB - Could not safely identify store assignment for repository candidate interface com.smartmetro.repository.StationRepository; If you want this repository to be a MongoDB repository, consider annotating your entities with one of these annotations: org.springframework.data.mongodb.core.mapping.Document (preferred), or consider extending one of the following types with your repository: org.springframework.data.mongodb.repository.MongoRepository
2026-09-20T16:04:18.329+05:30  INFO 13188 --- [smartmetro-api] [restartedMain] .RepositoryConfigurationExtensionSupport : Spring Data MongoDB - Could not safely identify store assignment for repository candidate interface com.smartmetro.repository.TransactionRepository; If you want this repository to be a MongoDB repository, consider annotating your entities with one of these annotations: org.springframework.data.mongodb.core.mapping.Document (preferred), or consider extending one of the following types with your repository: org.springframework.data.mongodb.repository.MongoRepository
2026-09-20T16:04:18.329+05:30  INFO 13188 --- [smartmetro-api] [restartedMain] .RepositoryConfigurationExtensionSupport : Spring Data MongoDB - Could not safely identify store assignment for repository candidate interface com.smartmetro.repository.TripRepository; If you want this repository to be a MongoDB repository, consider annotating your entities with one of these annotations: org.springframework.data.mongodb.core.mapping.Document (preferred), or consider extending one of the following types with your repository: org.springframework.data.mongodb.repository.MongoRepository
2026-09-20T16:04:18.331+05:30  INFO 13188 --- [smartmetro-api] [restartedMain] .RepositoryConfigurationExtensionSupport : Spring Data MongoDB - Could not safely identify store assignment for repository candidate interface com.smartmetro.repository.UserRepository; If you want this repository to be a MongoDB repository, consider annotating your entities with one of these annotations: org.springframework.data.mongodb.core.mapping.Document (preferred), or consider extending one of the following types with your repository: org.springframework.data.mongodb.repository.MongoRepository
2026-09-20T16:04:18.332+05:30  INFO 13188 --- [smartmetro-api] [restartedMain] .s.d.r.c.RepositoryConfigurationDelegate : Finished Spring Data repository scanning in 10 ms. Found 0 MongoDB repository interfaces.
2026-09-20T16:04:19.281+05:30  INFO 13188 --- [smartmetro-api] [restartedMain] o.s.boot.tomcat.TomcatWebServer          : Tomcat initialized with port 8084 (http)
2026-09-20T16:04:19.310+05:30  INFO 13188 --- [smartmetro-api] [restartedMain] o.apache.catalina.core.StandardService   : Starting service [Tomcat]
2026-09-20T16:04:19.311+05:30  INFO 13188 --- [smartmetro-api] [restartedMain] o.apache.catalina.core.StandardEngine    : Starting Servlet engine: [Apache Tomcat/11.0.22]
2026-09-20T16:04:19.393+05:30  INFO 13188 --- [smartmetro-api] [restartedMain] b.w.c.s.WebApplicationContextInitializer : Root WebApplicationContext: initialization completed in 3072 ms
2026-09-20T16:04:19.893+05:30  INFO 13188 --- [smartmetro-api] [restartedMain] com.zaxxer.hikari.HikariDataSource       : HikariPool-1 - Starting...
2026-09-20T16:04:20.546+05:30  INFO 13188 --- [smartmetro-api] [restartedMain] com.zaxxer.hikari.pool.HikariPool        : HikariPool-1 - Added connection oracle.jdbc.driver.T4CConnection@5a44802c
2026-09-20T16:04:20.549+05:30  INFO 13188 --- [smartmetro-api] [restartedMain] com.zaxxer.hikari.HikariDataSource       : HikariPool-1 - Start completed.
2026-09-20T16:04:20.596+05:30  INFO 13188 --- [smartmetro-api] [restartedMain] org.hibernate.orm.jpa                    : HHH008540: Processing PersistenceUnitInfo [name: default]
2026-09-20T16:04:20.700+05:30  INFO 13188 --- [smartmetro-api] [restartedMain] org.hibernate.orm.core                   : HHH000001: Hibernate ORM core version 7.4.1.Final
2026-09-20T16:04:21.549+05:30  INFO 13188 --- [smartmetro-api] [restartedMain] o.s.o.j.p.SpringPersistenceUnitInfo      : No LoadTimeWeaver setup: ignoring JPA class transformer
2026-09-20T16:04:21.919+05:30  WARN 13188 --- [smartmetro-api] [restartedMain] org.hibernate.orm.core                   : HHH000511: The 11.2.0 version for [org.hibernate.dialect.OracleDialect] is no longer supported, hence certain features may not work properly.The minimum supported version is 19.0.0. Check the community dialects project for available legacy versions.
2026-09-20T16:04:21.953+05:30  WARN 13188 --- [smartmetro-api] [restartedMain] org.hibernate.orm.jdbc                   : HHH100123: Low default JDBC fetch size: 10 (consider setting 'hibernate.jdbc.fetch_size')
2026-09-20T16:04:21.958+05:30  INFO 13188 --- [smartmetro-api] [restartedMain] org.hibernate.orm.connections.pooling    : HHH10001005: Database info:
	Database JDBC URL [jdbc:oracle:thin:@localhost:1521:xe]
	Database driver: Oracle JDBC driver
	Database dialect: OracleDialect
	Database version: 11.2
	Default catalog/schema: undefined/SYSTEM
	Autocommit mode: undefined/unknown
	Isolation level: READ_COMMITTED [default READ_COMMITTED]
	JDBC fetch size: 10
	Pool: DataSourceConnectionProvider
	Minimum pool size: undefined/unknown
	Maximum pool size: undefined/unknown
2026-09-20T16:04:22.497+05:30 ERROR 13188 --- [smartmetro-api] [restartedMain] j.LocalContainerEntityManagerFactoryBean : Failed to initialize JPA EntityManagerFactory: Unable to build Hibernate SessionFactory  [persistence unit: default] ; nested exception is org.hibernate.MappingException: Column 'card_id' is duplicated in mapping for entity 'com.smartmetro.entity.Trip' (use '@Column(insertable=false, updatable=false)' when mapping multiple properties to the same column)
2026-09-20T16:04:22.498+05:30  WARN 13188 --- [smartmetro-api] [restartedMain] ConfigServletWebServerApplicationContext : Exception encountered during context initialization - cancelling refresh attempt: org.springframework.beans.factory.BeanCreationException: Error creating bean with name 'entityManagerFactory' defined in class path resource [org/springframework/boot/hibernate/autoconfigure/HibernateJpaConfiguration.class]: Unable to build Hibernate SessionFactory  [persistence unit: default] ; nested exception is org.hibernate.MappingException: Column 'card_id' is duplicated in mapping for entity 'com.smartmetro.entity.Trip' (use '@Column(insertable=false, updatable=false)' when mapping multiple properties to the same column)
2026-09-20T16:04:22.501+05:30  INFO 13188 --- [smartmetro-api] [restartedMain] com.zaxxer.hikari.HikariDataSource       : HikariPool-1 - Shutdown initiated...
2026-09-20T16:04:22.516+05:30  INFO 13188 --- [smartmetro-api] [restartedMain] com.zaxxer.hikari.HikariDataSource       : HikariPool-1 - Shutdown completed.
2026-09-20T16:04:22.522+05:30  INFO 13188 --- [smartmetro-api] [restartedMain] o.apache.catalina.core.StandardService   : Stopping service [Tomcat]
2026-09-20T16:04:22.540+05:30  INFO 13188 --- [smartmetro-api] [restartedMain] .s.b.a.l.ConditionEvaluationReportLogger : 

Error starting ApplicationContext. To display the condition evaluation report re-run your application with 'debug' enabled.
2026-09-20T16:04:22.562+05:30 ERROR 13188 --- [smartmetro-api] [restartedMain] o.s.boot.SpringApplication               : Application run failed

org.springframework.beans.factory.BeanCreationException: Error creating bean with name 'entityManagerFactory' defined in class path resource [org/springframework/boot/hibernate/autoconfigure/HibernateJpaConfiguration.class]: Unable to build Hibernate SessionFactory  [persistence unit: default] ; nested exception is org.hibernate.MappingException: Column 'card_id' is duplicated in mapping for entity 'com.smartmetro.entity.Trip' (use '@Column(insertable=false, updatable=false)' when mapping multiple properties to the same column)
	at org.springframework.beans.factory.support.AbstractAutowireCapableBeanFactory.initializeBean(AbstractAutowireCapableBeanFactory.java:1815) ~[spring-beans-7.0.8.jar:7.0.8]
	at org.springframework.beans.factory.support.AbstractAutowireCapableBeanFactory.doCreateBean(AbstractAutowireCapableBeanFactory.java:603) ~[spring-beans-7.0.8.jar:7.0.8]
	at org.springframework.beans.factory.support.AbstractAutowireCapableBeanFactory.createBean(AbstractAutowireCapableBeanFactory.java:525) ~[spring-beans-7.0.8.jar:7.0.8]
	at org.springframework.beans.factory.support.AbstractBeanFactory.lambda$doGetBean$0(AbstractBeanFactory.java:333) ~[spring-beans-7.0.8.jar:7.0.8]
	at org.springframework.beans.factory.support.DefaultSingletonBeanRegistry.getSingleton(DefaultSingletonBeanRegistry.java:371) ~[spring-beans-7.0.8.jar:7.0.8]
	at org.springframework.beans.factory.support.AbstractBeanFactory.doGetBean(AbstractBeanFactory.java:331) ~[spring-beans-7.0.8.jar:7.0.8]
	at org.springframework.beans.factory.support.AbstractBeanFactory.getBean(AbstractBeanFactory.java:201) ~[spring-beans-7.0.8.jar:7.0.8]
	at org.springframework.context.support.AbstractApplicationContext.finishBeanFactoryInitialization(AbstractApplicationContext.java:977) ~[spring-context-7.0.8.jar:7.0.8]
	at org.springframework.context.support.AbstractApplicationContext.refresh(AbstractApplicationContext.java:621) ~[spring-context-7.0.8.jar:7.0.8]
	at org.springframework.boot.web.server.servlet.context.ServletWebServerApplicationContext.refresh(ServletWebServerApplicationContext.java:143) ~[spring-boot-web-server-4.1.0.jar:4.1.0]
	at org.springframework.boot.SpringApplication.refresh(SpringApplication.java:756) ~[spring-boot-4.1.0.jar:4.1.0]
	at org.springframework.boot.SpringApplication.refreshContext(SpringApplication.java:445) ~[spring-boot-4.1.0.jar:4.1.0]
	at org.springframework.boot.SpringApplication.run(SpringApplication.java:321) ~[spring-boot-4.1.0.jar:4.1.0]
	at org.springframework.boot.SpringApplication.run(SpringApplication.java:1365) ~[spring-boot-4.1.0.jar:4.1.0]
	at org.springframework.boot.SpringApplication.run(SpringApplication.java:1354) ~[spring-boot-4.1.0.jar:4.1.0]
	at com.smartmetro.SmartmetroApiApplication.main(SmartmetroApiApplication.java:11) ~[main/:na]
	at java.base/jdk.internal.reflect.DirectMethodHandleAccessor.invoke(DirectMethodHandleAccessor.java:104) ~[na:na]
	at java.base/java.lang.reflect.Method.invoke(Method.java:565) ~[na:na]
	at org.springframework.boot.devtools.restart.RestartLauncher.run(RestartLauncher.java:52) ~[spring-boot-devtools-4.1.0.jar:4.1.0]
Caused by: jakarta.persistence.PersistenceException: Unable to build Hibernate SessionFactory  [persistence unit: default] ; nested exception is org.hibernate.MappingException: Column 'card_id' is duplicated in mapping for entity 'com.smartmetro.entity.Trip' (use '@Column(insertable=false, updatable=false)' when mapping multiple properties to the same column)
	at org.springframework.orm.jpa.AbstractEntityManagerFactoryBean.buildNativeEntityManagerFactory(AbstractEntityManagerFactoryBean.java:448) ~[spring-orm-7.0.8.jar:7.0.8]
	at org.springframework.orm.jpa.AbstractEntityManagerFactoryBean.afterPropertiesSet(AbstractEntityManagerFactoryBean.java:411) ~[spring-orm-7.0.8.jar:7.0.8]
	at org.springframework.orm.jpa.LocalContainerEntityManagerFactoryBean.afterPropertiesSet(LocalContainerEntityManagerFactoryBean.java:419) ~[spring-orm-7.0.8.jar:7.0.8]
	at org.springframework.beans.factory.support.AbstractAutowireCapableBeanFactory.invokeInitMethods(AbstractAutowireCapableBeanFactory.java:1862) ~[spring-beans-7.0.8.jar:7.0.8]
	at org.springframework.beans.factory.support.AbstractAutowireCapableBeanFactory.initializeBean(AbstractAutowireCapableBeanFactory.java:1811) ~[spring-beans-7.0.8.jar:7.0.8]
	... 18 common frames omitted
Caused by: org.hibernate.MappingException: Column 'card_id' is duplicated in mapping for entity 'com.smartmetro.entity.Trip' (use '@Column(insertable=false, updatable=false)' when mapping multiple properties to the same column)
	at org.hibernate.mapping.Value.checkColumnDuplication(Value.java:214) ~[hibernate-core-7.4.1.Final.jar:7.4.1.Final]
	at org.hibernate.mapping.MappingHelper.checkPropertyColumnDuplication(MappingHelper.java:112) ~[hibernate-core-7.4.1.Final.jar:7.4.1.Final]
	at org.hibernate.mapping.PersistentClass.checkColumnDuplication(PersistentClass.java:971) ~[hibernate-core-7.4.1.Final.jar:7.4.1.Final]
	at org.hibernate.mapping.PersistentClass.validate(PersistentClass.java:718) ~[hibernate-core-7.4.1.Final.jar:7.4.1.Final]
	at org.hibernate.mapping.RootClass.validate(RootClass.java:286) ~[hibernate-core-7.4.1.Final.jar:7.4.1.Final]
	at org.hibernate.boot.internal.MetadataImpl.validate(MetadataImpl.java:464) ~[hibernate-core-7.4.1.Final.jar:7.4.1.Final]
	at org.hibernate.internal.SessionFactoryImpl.<init>(SessionFactoryImpl.java:269) ~[hibernate-core-7.4.1.Final.jar:7.4.1.Final]
	at org.hibernate.internal.SessionFactoryRegistry.instantiateSessionFactory(SessionFactoryRegistry.java:64) ~[hibernate-core-7.4.1.Final.jar:7.4.1.Final]
	at org.hibernate.boot.internal.SessionFactoryBuilderImpl.build(SessionFactoryBuilderImpl.java:458) ~[hibernate-core-7.4.1.Final.jar:7.4.1.Final]
	at org.hibernate.jpa.boot.internal.EntityManagerFactoryBuilderImpl.build(EntityManagerFactoryBuilderImpl.java:1452) ~[hibernate-core-7.4.1.Final.jar:7.4.1.Final]
	at org.springframework.orm.jpa.vendor.SpringHibernateJpaPersistenceProvider.createContainerEntityManagerFactory(SpringHibernateJpaPersistenceProvider.java:93) ~[spring-orm-7.0.8.jar:7.0.8]
	at org.springframework.orm.jpa.LocalContainerEntityManagerFactoryBean.createNativeEntityManagerFactory(LocalContainerEntityManagerFactoryBean.java:443) ~[spring-orm-7.0.8.jar:7.0.8]
	at org.springframework.orm.jpa.AbstractEntityManagerFactoryBean.buildNativeEntityManagerFactory(AbstractEntityManagerFactoryBean.java:436) ~[spring-orm-7.0.8.jar:7.0.8]
	... 22 common frames omitted

2026-09-20T16:05:11.696+05:30  INFO 11508 --- [smartmetro-api] [restartedMain] c.smartmetro.SmartmetroApiApplication    : Starting SmartmetroApiApplication using Java 24.0.1 with PID 11508 (C:\Users\SHASHANK\Downloads\smartmetro-api\smartmetro-api\build\classes\java\main started by SHASHANK in C:\Users\SHASHANK\Downloads\smartmetro-api\smartmetro-api)
2026-09-20T16:05:11.699+05:30 DEBUG 11508 --- [smartmetro-api] [restartedMain] c.smartmetro.SmartmetroApiApplication    : Running with Spring Boot v4.1.0, Spring v7.0.8
2026-09-20T16:05:11.701+05:30  INFO 11508 --- [smartmetro-api] [restartedMain] c.smartmetro.SmartmetroApiApplication    : The following 1 profile is active: "uat"
2026-09-20T16:05:11.758+05:30  INFO 11508 --- [smartmetro-api] [restartedMain] o.s.b.devtools.restart.ChangeableUrls    : The Class-Path manifest attribute in C:\Users\SHASHANK\.gradle\caches\modules-2\files-2.1\com.oracle.database.jdbc\ojdbc11\23.26.2.0.0\2462b603e435c9a2707f41a1896e5b5be6f36520\ojdbc11-23.26.2.0.0.jar referenced one or more files that do not exist: file:/C:/Users/SHASHANK/.gradle/caches/modules-2/files-2.1/com.oracle.database.jdbc/ojdbc11/23.26.2.0.0/2462b603e435c9a2707f41a1896e5b5be6f36520/oraclepki.jar
2026-09-20T16:05:11.759+05:30  INFO 11508 --- [smartmetro-api] [restartedMain] .e.DevToolsPropertyDefaultsPostProcessor : Devtools property defaults active! Set 'spring.devtools.add-properties' to 'false' to disable
2026-09-20T16:05:11.759+05:30  INFO 11508 --- [smartmetro-api] [restartedMain] .e.DevToolsPropertyDefaultsPostProcessor : For additional web related logging consider setting the 'logging.level.web' property to 'DEBUG'
2026-09-20T16:05:12.789+05:30  INFO 11508 --- [smartmetro-api] [restartedMain] .s.d.r.c.RepositoryConfigurationDelegate : Multiple Spring Data modules found, entering strict repository configuration mode
2026-09-20T16:05:12.792+05:30  INFO 11508 --- [smartmetro-api] [restartedMain] .s.d.r.c.RepositoryConfigurationDelegate : Bootstrapping Spring Data JPA repositories in DEFAULT mode.
2026-09-20T16:05:12.882+05:30  INFO 11508 --- [smartmetro-api] [restartedMain] .s.d.r.c.RepositoryConfigurationDelegate : Finished Spring Data repository scanning in 78 ms. Found 8 JPA repository interfaces.
2026-09-20T16:05:12.929+05:30  INFO 11508 --- [smartmetro-api] [restartedMain] .s.d.r.c.RepositoryConfigurationDelegate : Multiple Spring Data modules found, entering strict repository configuration mode
2026-09-20T16:05:12.929+05:30  INFO 11508 --- [smartmetro-api] [restartedMain] .s.d.r.c.RepositoryConfigurationDelegate : Bootstrapping Spring Data MongoDB repositories in DEFAULT mode.
2026-09-20T16:05:12.941+05:30  INFO 11508 --- [smartmetro-api] [restartedMain] .RepositoryConfigurationExtensionSupport : Spring Data MongoDB - Could not safely identify store assignment for repository candidate interface com.smartmetro.repository.MetroCardRepository; If you want this repository to be a MongoDB repository, consider annotating your entities with one of these annotations: org.springframework.data.mongodb.core.mapping.Document (preferred), or consider extending one of the following types with your repository: org.springframework.data.mongodb.repository.MongoRepository
2026-09-20T16:05:12.942+05:30  INFO 11508 --- [smartmetro-api] [restartedMain] .RepositoryConfigurationExtensionSupport : Spring Data MongoDB - Could not safely identify store assignment for repository candidate interface com.smartmetro.repository.PaymentRepository; If you want this repository to be a MongoDB repository, consider annotating your entities with one of these annotations: org.springframework.data.mongodb.core.mapping.Document (preferred), or consider extending one of the following types with your repository: org.springframework.data.mongodb.repository.MongoRepository
2026-09-20T16:05:12.943+05:30  INFO 11508 --- [smartmetro-api] [restartedMain] .RepositoryConfigurationExtensionSupport : Spring Data MongoDB - Could not safely identify store assignment for repository candidate interface com.smartmetro.repository.RouteRepository; If you want this repository to be a MongoDB repository, consider annotating your entities with one of these annotations: org.springframework.data.mongodb.core.mapping.Document (preferred), or consider extending one of the following types with your repository: org.springframework.data.mongodb.repository.MongoRepository
2026-09-20T16:05:12.943+05:30  INFO 11508 --- [smartmetro-api] [restartedMain] .RepositoryConfigurationExtensionSupport : Spring Data MongoDB - Could not safely identify store assignment for repository candidate interface com.smartmetro.repository.RouteStationRepository; If you want this repository to be a MongoDB repository, consider annotating your entities with one of these annotations: org.springframework.data.mongodb.core.mapping.Document (preferred), or consider extending one of the following types with your repository: org.springframework.data.mongodb.repository.MongoRepository
2026-09-20T16:05:12.943+05:30  INFO 11508 --- [smartmetro-api] [restartedMain] .RepositoryConfigurationExtensionSupport : Spring Data MongoDB - Could not safely identify store assignment for repository candidate interface com.smartmetro.repository.StationRepository; If you want this repository to be a MongoDB repository, consider annotating your entities with one of these annotations: org.springframework.data.mongodb.core.mapping.Document (preferred), or consider extending one of the following types with your repository: org.springframework.data.mongodb.repository.MongoRepository
2026-09-20T16:05:12.943+05:30  INFO 11508 --- [smartmetro-api] [restartedMain] .RepositoryConfigurationExtensionSupport : Spring Data MongoDB - Could not safely identify store assignment for repository candidate interface com.smartmetro.repository.TransactionRepository; If you want this repository to be a MongoDB repository, consider annotating your entities with one of these annotations: org.springframework.data.mongodb.core.mapping.Document (preferred), or consider extending one of the following types with your repository: org.springframework.data.mongodb.repository.MongoRepository
2026-09-20T16:05:12.944+05:30  INFO 11508 --- [smartmetro-api] [restartedMain] .RepositoryConfigurationExtensionSupport : Spring Data MongoDB - Could not safely identify store assignment for repository candidate interface com.smartmetro.repository.TripRepository; If you want this repository to be a MongoDB repository, consider annotating your entities with one of these annotations: org.springframework.data.mongodb.core.mapping.Document (preferred), or consider extending one of the following types with your repository: org.springframework.data.mongodb.repository.MongoRepository
2026-09-20T16:05:12.945+05:30  INFO 11508 --- [smartmetro-api] [restartedMain] .RepositoryConfigurationExtensionSupport : Spring Data MongoDB - Could not safely identify store assignment for repository candidate interface com.smartmetro.repository.UserRepository; If you want this repository to be a MongoDB repository, consider annotating your entities with one of these annotations: org.springframework.data.mongodb.core.mapping.Document (preferred), or consider extending one of the following types with your repository: org.springframework.data.mongodb.repository.MongoRepository
2026-09-20T16:05:12.945+05:30  INFO 11508 --- [smartmetro-api] [restartedMain] .s.d.r.c.RepositoryConfigurationDelegate : Finished Spring Data repository scanning in 12 ms. Found 0 MongoDB repository interfaces.
2026-09-20T16:05:13.704+05:30  INFO 11508 --- [smartmetro-api] [restartedMain] o.s.boot.tomcat.TomcatWebServer          : Tomcat initialized with port 8084 (http)
2026-09-20T16:05:13.725+05:30  INFO 11508 --- [smartmetro-api] [restartedMain] o.apache.catalina.core.StandardService   : Starting service [Tomcat]
2026-09-20T16:05:13.728+05:30  INFO 11508 --- [smartmetro-api] [restartedMain] o.apache.catalina.core.StandardEngine    : Starting Servlet engine: [Apache Tomcat/11.0.22]
2026-09-20T16:05:13.787+05:30  INFO 11508 --- [smartmetro-api] [restartedMain] b.w.c.s.WebApplicationContextInitializer : Root WebApplicationContext: initialization completed in 2028 ms
2026-09-20T16:05:14.188+05:30  INFO 11508 --- [smartmetro-api] [restartedMain] com.zaxxer.hikari.HikariDataSource       : HikariPool-1 - Starting...
2026-09-20T16:05:14.595+05:30  INFO 11508 --- [smartmetro-api] [restartedMain] com.zaxxer.hikari.pool.HikariPool        : HikariPool-1 - Added connection oracle.jdbc.driver.T4CConnection@4fccd071
2026-09-20T16:05:14.598+05:30  INFO 11508 --- [smartmetro-api] [restartedMain] com.zaxxer.hikari.HikariDataSource       : HikariPool-1 - Start completed.
2026-09-20T16:05:14.636+05:30  INFO 11508 --- [smartmetro-api] [restartedMain] org.hibernate.orm.jpa                    : HHH008540: Processing PersistenceUnitInfo [name: default]
2026-09-20T16:05:14.699+05:30  INFO 11508 --- [smartmetro-api] [restartedMain] org.hibernate.orm.core                   : HHH000001: Hibernate ORM core version 7.4.1.Final
2026-09-20T16:05:15.233+05:30  INFO 11508 --- [smartmetro-api] [restartedMain] o.s.o.j.p.SpringPersistenceUnitInfo      : No LoadTimeWeaver setup: ignoring JPA class transformer
2026-09-20T16:05:15.492+05:30  WARN 11508 --- [smartmetro-api] [restartedMain] org.hibernate.orm.core                   : HHH000511: The 11.2.0 version for [org.hibernate.dialect.OracleDialect] is no longer supported, hence certain features may not work properly.The minimum supported version is 19.0.0. Check the community dialects project for available legacy versions.
2026-09-20T16:05:15.517+05:30  WARN 11508 --- [smartmetro-api] [restartedMain] org.hibernate.orm.jdbc                   : HHH100123: Low default JDBC fetch size: 10 (consider setting 'hibernate.jdbc.fetch_size')
2026-09-20T16:05:15.521+05:30  INFO 11508 --- [smartmetro-api] [restartedMain] org.hibernate.orm.connections.pooling    : HHH10001005: Database info:
	Database JDBC URL [jdbc:oracle:thin:@localhost:1521:xe]
	Database driver: Oracle JDBC driver
	Database dialect: OracleDialect
	Database version: 11.2
	Default catalog/schema: undefined/SYSTEM
	Autocommit mode: undefined/unknown
	Isolation level: READ_COMMITTED [default READ_COMMITTED]
	JDBC fetch size: 10
	Pool: DataSourceConnectionProvider
	Minimum pool size: undefined/unknown
	Maximum pool size: undefined/unknown
2026-09-20T16:05:15.956+05:30 ERROR 11508 --- [smartmetro-api] [restartedMain] j.LocalContainerEntityManagerFactoryBean : Failed to initialize JPA EntityManagerFactory: Unable to build Hibernate SessionFactory  [persistence unit: default] ; nested exception is org.hibernate.MappingException: Column 'card_id' is duplicated in mapping for entity 'com.smartmetro.entity.Trip' (use '@Column(insertable=false, updatable=false)' when mapping multiple properties to the same column)
2026-09-20T16:05:15.957+05:30  WARN 11508 --- [smartmetro-api] [restartedMain] ConfigServletWebServerApplicationContext : Exception encountered during context initialization - cancelling refresh attempt: org.springframework.beans.factory.BeanCreationException: Error creating bean with name 'entityManagerFactory' defined in class path resource [org/springframework/boot/hibernate/autoconfigure/HibernateJpaConfiguration.class]: Unable to build Hibernate SessionFactory  [persistence unit: default] ; nested exception is org.hibernate.MappingException: Column 'card_id' is duplicated in mapping for entity 'com.smartmetro.entity.Trip' (use '@Column(insertable=false, updatable=false)' when mapping multiple properties to the same column)
2026-09-20T16:05:15.959+05:30  INFO 11508 --- [smartmetro-api] [restartedMain] com.zaxxer.hikari.HikariDataSource       : HikariPool-1 - Shutdown initiated...
2026-09-20T16:05:15.968+05:30  INFO 11508 --- [smartmetro-api] [restartedMain] com.zaxxer.hikari.HikariDataSource       : HikariPool-1 - Shutdown completed.
2026-09-20T16:05:15.971+05:30  INFO 11508 --- [smartmetro-api] [restartedMain] o.apache.catalina.core.StandardService   : Stopping service [Tomcat]
2026-09-20T16:05:15.985+05:30  INFO 11508 --- [smartmetro-api] [restartedMain] .s.b.a.l.ConditionEvaluationReportLogger : 

Error starting ApplicationContext. To display the condition evaluation report re-run your application with 'debug' enabled.
2026-09-20T16:05:16.002+05:30 ERROR 11508 --- [smartmetro-api] [restartedMain] o.s.boot.SpringApplication               : Application run failed

org.springframework.beans.factory.BeanCreationException: Error creating bean with name 'entityManagerFactory' defined in class path resource [org/springframework/boot/hibernate/autoconfigure/HibernateJpaConfiguration.class]: Unable to build Hibernate SessionFactory  [persistence unit: default] ; nested exception is org.hibernate.MappingException: Column 'card_id' is duplicated in mapping for entity 'com.smartmetro.entity.Trip' (use '@Column(insertable=false, updatable=false)' when mapping multiple properties to the same column)
	at org.springframework.beans.factory.support.AbstractAutowireCapableBeanFactory.initializeBean(AbstractAutowireCapableBeanFactory.java:1815) ~[spring-beans-7.0.8.jar:7.0.8]
	at org.springframework.beans.factory.support.AbstractAutowireCapableBeanFactory.doCreateBean(AbstractAutowireCapableBeanFactory.java:603) ~[spring-beans-7.0.8.jar:7.0.8]
	at org.springframework.beans.factory.support.AbstractAutowireCapableBeanFactory.createBean(AbstractAutowireCapableBeanFactory.java:525) ~[spring-beans-7.0.8.jar:7.0.8]
	at org.springframework.beans.factory.support.AbstractBeanFactory.lambda$doGetBean$0(AbstractBeanFactory.java:333) ~[spring-beans-7.0.8.jar:7.0.8]
	at org.springframework.beans.factory.support.DefaultSingletonBeanRegistry.getSingleton(DefaultSingletonBeanRegistry.java:371) ~[spring-beans-7.0.8.jar:7.0.8]
	at org.springframework.beans.factory.support.AbstractBeanFactory.doGetBean(AbstractBeanFactory.java:331) ~[spring-beans-7.0.8.jar:7.0.8]
	at org.springframework.beans.factory.support.AbstractBeanFactory.getBean(AbstractBeanFactory.java:201) ~[spring-beans-7.0.8.jar:7.0.8]
	at org.springframework.context.support.AbstractApplicationContext.finishBeanFactoryInitialization(AbstractApplicationContext.java:977) ~[spring-context-7.0.8.jar:7.0.8]
	at org.springframework.context.support.AbstractApplicationContext.refresh(AbstractApplicationContext.java:621) ~[spring-context-7.0.8.jar:7.0.8]
	at org.springframework.boot.web.server.servlet.context.ServletWebServerApplicationContext.refresh(ServletWebServerApplicationContext.java:143) ~[spring-boot-web-server-4.1.0.jar:4.1.0]
	at org.springframework.boot.SpringApplication.refresh(SpringApplication.java:756) ~[spring-boot-4.1.0.jar:4.1.0]
	at org.springframework.boot.SpringApplication.refreshContext(SpringApplication.java:445) ~[spring-boot-4.1.0.jar:4.1.0]
	at org.springframework.boot.SpringApplication.run(SpringApplication.java:321) ~[spring-boot-4.1.0.jar:4.1.0]
	at org.springframework.boot.SpringApplication.run(SpringApplication.java:1365) ~[spring-boot-4.1.0.jar:4.1.0]
	at org.springframework.boot.SpringApplication.run(SpringApplication.java:1354) ~[spring-boot-4.1.0.jar:4.1.0]
	at com.smartmetro.SmartmetroApiApplication.main(SmartmetroApiApplication.java:11) ~[main/:na]
	at java.base/jdk.internal.reflect.DirectMethodHandleAccessor.invoke(DirectMethodHandleAccessor.java:104) ~[na:na]
	at java.base/java.lang.reflect.Method.invoke(Method.java:565) ~[na:na]
	at org.springframework.boot.devtools.restart.RestartLauncher.run(RestartLauncher.java:52) ~[spring-boot-devtools-4.1.0.jar:4.1.0]
Caused by: jakarta.persistence.PersistenceException: Unable to build Hibernate SessionFactory  [persistence unit: default] ; nested exception is org.hibernate.MappingException: Column 'card_id' is duplicated in mapping for entity 'com.smartmetro.entity.Trip' (use '@Column(insertable=false, updatable=false)' when mapping multiple properties to the same column)
	at org.springframework.orm.jpa.AbstractEntityManagerFactoryBean.buildNativeEntityManagerFactory(AbstractEntityManagerFactoryBean.java:448) ~[spring-orm-7.0.8.jar:7.0.8]
	at org.springframework.orm.jpa.AbstractEntityManagerFactoryBean.afterPropertiesSet(AbstractEntityManagerFactoryBean.java:411) ~[spring-orm-7.0.8.jar:7.0.8]
	at org.springframework.orm.jpa.LocalContainerEntityManagerFactoryBean.afterPropertiesSet(LocalContainerEntityManagerFactoryBean.java:419) ~[spring-orm-7.0.8.jar:7.0.8]
	at org.springframework.beans.factory.support.AbstractAutowireCapableBeanFactory.invokeInitMethods(AbstractAutowireCapableBeanFactory.java:1862) ~[spring-beans-7.0.8.jar:7.0.8]
	at org.springframework.beans.factory.support.AbstractAutowireCapableBeanFactory.initializeBean(AbstractAutowireCapableBeanFactory.java:1811) ~[spring-beans-7.0.8.jar:7.0.8]
	... 18 common frames omitted
Caused by: org.hibernate.MappingException: Column 'card_id' is duplicated in mapping for entity 'com.smartmetro.entity.Trip' (use '@Column(insertable=false, updatable=false)' when mapping multiple properties to the same column)
	at org.hibernate.mapping.Value.checkColumnDuplication(Value.java:214) ~[hibernate-core-7.4.1.Final.jar:7.4.1.Final]
	at org.hibernate.mapping.MappingHelper.checkPropertyColumnDuplication(MappingHelper.java:112) ~[hibernate-core-7.4.1.Final.jar:7.4.1.Final]
	at org.hibernate.mapping.PersistentClass.checkColumnDuplication(PersistentClass.java:971) ~[hibernate-core-7.4.1.Final.jar:7.4.1.Final]
	at org.hibernate.mapping.PersistentClass.validate(PersistentClass.java:718) ~[hibernate-core-7.4.1.Final.jar:7.4.1.Final]
	at org.hibernate.mapping.RootClass.validate(RootClass.java:286) ~[hibernate-core-7.4.1.Final.jar:7.4.1.Final]
	at org.hibernate.boot.internal.MetadataImpl.validate(MetadataImpl.java:464) ~[hibernate-core-7.4.1.Final.jar:7.4.1.Final]
	at org.hibernate.internal.SessionFactoryImpl.<init>(SessionFactoryImpl.java:269) ~[hibernate-core-7.4.1.Final.jar:7.4.1.Final]
	at org.hibernate.internal.SessionFactoryRegistry.instantiateSessionFactory(SessionFactoryRegistry.java:64) ~[hibernate-core-7.4.1.Final.jar:7.4.1.Final]
	at org.hibernate.boot.internal.SessionFactoryBuilderImpl.build(SessionFactoryBuilderImpl.java:458) ~[hibernate-core-7.4.1.Final.jar:7.4.1.Final]
	at org.hibernate.jpa.boot.internal.EntityManagerFactoryBuilderImpl.build(EntityManagerFactoryBuilderImpl.java:1452) ~[hibernate-core-7.4.1.Final.jar:7.4.1.Final]
	at org.springframework.orm.jpa.vendor.SpringHibernateJpaPersistenceProvider.createContainerEntityManagerFactory(SpringHibernateJpaPersistenceProvider.java:93) ~[spring-orm-7.0.8.jar:7.0.8]
	at org.springframework.orm.jpa.LocalContainerEntityManagerFactoryBean.createNativeEntityManagerFactory(LocalContainerEntityManagerFactoryBean.java:443) ~[spring-orm-7.0.8.jar:7.0.8]
	at org.springframework.orm.jpa.AbstractEntityManagerFactoryBean.buildNativeEntityManagerFactory(AbstractEntityManagerFactoryBean.java:436) ~[spring-orm-7.0.8.jar:7.0.8]
	... 22 common frames omitted

2026-09-20T16:08:22.607+05:30  INFO 24848 --- [smartmetro-api] [restartedMain] c.smartmetro.SmartmetroApiApplication    : Starting SmartmetroApiApplication using Java 24.0.1 with PID 24848 (C:\Users\SHASHANK\Downloads\smartmetro-api\smartmetro-api\build\classes\java\main started by SHASHANK in C:\Users\SHASHANK\Downloads\smartmetro-api\smartmetro-api)
2026-09-20T16:08:22.609+05:30 DEBUG 24848 --- [smartmetro-api] [restartedMain] c.smartmetro.SmartmetroApiApplication    : Running with Spring Boot v4.1.0, Spring v7.0.8
2026-09-20T16:08:22.609+05:30  INFO 24848 --- [smartmetro-api] [restartedMain] c.smartmetro.SmartmetroApiApplication    : The following 1 profile is active: "uat"
2026-09-20T16:08:22.674+05:30  INFO 24848 --- [smartmetro-api] [restartedMain] o.s.b.devtools.restart.ChangeableUrls    : The Class-Path manifest attribute in C:\Users\SHASHANK\.gradle\caches\modules-2\files-2.1\com.oracle.database.jdbc\ojdbc11\23.26.2.0.0\2462b603e435c9a2707f41a1896e5b5be6f36520\ojdbc11-23.26.2.0.0.jar referenced one or more files that do not exist: file:/C:/Users/SHASHANK/.gradle/caches/modules-2/files-2.1/com.oracle.database.jdbc/ojdbc11/23.26.2.0.0/2462b603e435c9a2707f41a1896e5b5be6f36520/oraclepki.jar
2026-09-20T16:08:22.674+05:30  INFO 24848 --- [smartmetro-api] [restartedMain] .e.DevToolsPropertyDefaultsPostProcessor : Devtools property defaults active! Set 'spring.devtools.add-properties' to 'false' to disable
2026-09-20T16:08:22.674+05:30  INFO 24848 --- [smartmetro-api] [restartedMain] .e.DevToolsPropertyDefaultsPostProcessor : For additional web related logging consider setting the 'logging.level.web' property to 'DEBUG'
2026-09-20T16:08:23.656+05:30  INFO 24848 --- [smartmetro-api] [restartedMain] .s.d.r.c.RepositoryConfigurationDelegate : Multiple Spring Data modules found, entering strict repository configuration mode
2026-09-20T16:08:23.658+05:30  INFO 24848 --- [smartmetro-api] [restartedMain] .s.d.r.c.RepositoryConfigurationDelegate : Bootstrapping Spring Data JPA repositories in DEFAULT mode.
2026-09-20T16:08:23.740+05:30  INFO 24848 --- [smartmetro-api] [restartedMain] .s.d.r.c.RepositoryConfigurationDelegate : Finished Spring Data repository scanning in 71 ms. Found 8 JPA repository interfaces.
2026-09-20T16:08:23.780+05:30  INFO 24848 --- [smartmetro-api] [restartedMain] .s.d.r.c.RepositoryConfigurationDelegate : Multiple Spring Data modules found, entering strict repository configuration mode
2026-09-20T16:08:23.780+05:30  INFO 24848 --- [smartmetro-api] [restartedMain] .s.d.r.c.RepositoryConfigurationDelegate : Bootstrapping Spring Data MongoDB repositories in DEFAULT mode.
2026-09-20T16:08:23.785+05:30  INFO 24848 --- [smartmetro-api] [restartedMain] .RepositoryConfigurationExtensionSupport : Spring Data MongoDB - Could not safely identify store assignment for repository candidate interface com.smartmetro.repository.MetroCardRepository; If you want this repository to be a MongoDB repository, consider annotating your entities with one of these annotations: org.springframework.data.mongodb.core.mapping.Document (preferred), or consider extending one of the following types with your repository: org.springframework.data.mongodb.repository.MongoRepository
2026-09-20T16:08:23.786+05:30  INFO 24848 --- [smartmetro-api] [restartedMain] .RepositoryConfigurationExtensionSupport : Spring Data MongoDB - Could not safely identify store assignment for repository candidate interface com.smartmetro.repository.PaymentRepository; If you want this repository to be a MongoDB repository, consider annotating your entities with one of these annotations: org.springframework.data.mongodb.core.mapping.Document (preferred), or consider extending one of the following types with your repository: org.springframework.data.mongodb.repository.MongoRepository
2026-09-20T16:08:23.786+05:30  INFO 24848 --- [smartmetro-api] [restartedMain] .RepositoryConfigurationExtensionSupport : Spring Data MongoDB - Could not safely identify store assignment for repository candidate interface com.smartmetro.repository.RouteRepository; If you want this repository to be a MongoDB repository, consider annotating your entities with one of these annotations: org.springframework.data.mongodb.core.mapping.Document (preferred), or consider extending one of the following types with your repository: org.springframework.data.mongodb.repository.MongoRepository
2026-09-20T16:08:23.786+05:30  INFO 24848 --- [smartmetro-api] [restartedMain] .RepositoryConfigurationExtensionSupport : Spring Data MongoDB - Could not safely identify store assignment for repository candidate interface com.smartmetro.repository.RouteStationRepository; If you want this repository to be a MongoDB repository, consider annotating your entities with one of these annotations: org.springframework.data.mongodb.core.mapping.Document (preferred), or consider extending one of the following types with your repository: org.springframework.data.mongodb.repository.MongoRepository
2026-09-20T16:08:23.786+05:30  INFO 24848 --- [smartmetro-api] [restartedMain] .RepositoryConfigurationExtensionSupport : Spring Data MongoDB - Could not safely identify store assignment for repository candidate interface com.smartmetro.repository.StationRepository; If you want this repository to be a MongoDB repository, consider annotating your entities with one of these annotations: org.springframework.data.mongodb.core.mapping.Document (preferred), or consider extending one of the following types with your repository: org.springframework.data.mongodb.repository.MongoRepository
2026-09-20T16:08:23.786+05:30  INFO 24848 --- [smartmetro-api] [restartedMain] .RepositoryConfigurationExtensionSupport : Spring Data MongoDB - Could not safely identify store assignment for repository candidate interface com.smartmetro.repository.TransactionRepository; If you want this repository to be a MongoDB repository, consider annotating your entities with one of these annotations: org.springframework.data.mongodb.core.mapping.Document (preferred), or consider extending one of the following types with your repository: org.springframework.data.mongodb.repository.MongoRepository
2026-09-20T16:08:23.788+05:30  INFO 24848 --- [smartmetro-api] [restartedMain] .RepositoryConfigurationExtensionSupport : Spring Data MongoDB - Could not safely identify store assignment for repository candidate interface com.smartmetro.repository.TripRepository; If you want this repository to be a MongoDB repository, consider annotating your entities with one of these annotations: org.springframework.data.mongodb.core.mapping.Document (preferred), or consider extending one of the following types with your repository: org.springframework.data.mongodb.repository.MongoRepository
2026-09-20T16:08:23.788+05:30  INFO 24848 --- [smartmetro-api] [restartedMain] .RepositoryConfigurationExtensionSupport : Spring Data MongoDB - Could not safely identify store assignment for repository candidate interface com.smartmetro.repository.UserRepository; If you want this repository to be a MongoDB repository, consider annotating your entities with one of these annotations: org.springframework.data.mongodb.core.mapping.Document (preferred), or consider extending one of the following types with your repository: org.springframework.data.mongodb.repository.MongoRepository
2026-09-20T16:08:23.788+05:30  INFO 24848 --- [smartmetro-api] [restartedMain] .s.d.r.c.RepositoryConfigurationDelegate : Finished Spring Data repository scanning in 6 ms. Found 0 MongoDB repository interfaces.
2026-09-20T16:08:24.442+05:30  INFO 24848 --- [smartmetro-api] [restartedMain] o.s.boot.tomcat.TomcatWebServer          : Tomcat initialized with port 8084 (http)
2026-09-20T16:08:24.458+05:30  INFO 24848 --- [smartmetro-api] [restartedMain] o.apache.catalina.core.StandardService   : Starting service [Tomcat]
2026-09-20T16:08:24.458+05:30  INFO 24848 --- [smartmetro-api] [restartedMain] o.apache.catalina.core.StandardEngine    : Starting Servlet engine: [Apache Tomcat/11.0.22]
2026-09-20T16:08:24.497+05:30  INFO 24848 --- [smartmetro-api] [restartedMain] b.w.c.s.WebApplicationContextInitializer : Root WebApplicationContext: initialization completed in 1823 ms
2026-09-20T16:08:24.862+05:30  INFO 24848 --- [smartmetro-api] [restartedMain] com.zaxxer.hikari.HikariDataSource       : HikariPool-1 - Starting...
2026-09-20T16:08:25.209+05:30  INFO 24848 --- [smartmetro-api] [restartedMain] com.zaxxer.hikari.pool.HikariPool        : HikariPool-1 - Added connection oracle.jdbc.driver.T4CConnection@2fa72071
2026-09-20T16:08:25.212+05:30  INFO 24848 --- [smartmetro-api] [restartedMain] com.zaxxer.hikari.HikariDataSource       : HikariPool-1 - Start completed.
2026-09-20T16:08:25.245+05:30  INFO 24848 --- [smartmetro-api] [restartedMain] org.hibernate.orm.jpa                    : HHH008540: Processing PersistenceUnitInfo [name: default]
2026-09-20T16:08:25.304+05:30  INFO 24848 --- [smartmetro-api] [restartedMain] org.hibernate.orm.core                   : HHH000001: Hibernate ORM core version 7.4.1.Final
2026-09-20T16:08:25.802+05:30  INFO 24848 --- [smartmetro-api] [restartedMain] o.s.o.j.p.SpringPersistenceUnitInfo      : No LoadTimeWeaver setup: ignoring JPA class transformer
2026-09-20T16:08:26.049+05:30  WARN 24848 --- [smartmetro-api] [restartedMain] org.hibernate.orm.core                   : HHH000511: The 11.2.0 version for [org.hibernate.dialect.OracleDialect] is no longer supported, hence certain features may not work properly.The minimum supported version is 19.0.0. Check the community dialects project for available legacy versions.
2026-09-20T16:08:26.074+05:30  WARN 24848 --- [smartmetro-api] [restartedMain] org.hibernate.orm.jdbc                   : HHH100123: Low default JDBC fetch size: 10 (consider setting 'hibernate.jdbc.fetch_size')
2026-09-20T16:08:26.078+05:30  INFO 24848 --- [smartmetro-api] [restartedMain] org.hibernate.orm.connections.pooling    : HHH10001005: Database info:
	Database JDBC URL [jdbc:oracle:thin:@localhost:1521:xe]
	Database driver: Oracle JDBC driver
	Database dialect: OracleDialect
	Database version: 11.2
	Default catalog/schema: undefined/SYSTEM
	Autocommit mode: undefined/unknown
	Isolation level: READ_COMMITTED [default READ_COMMITTED]
	JDBC fetch size: 10
	Pool: DataSourceConnectionProvider
	Minimum pool size: undefined/unknown
	Maximum pool size: undefined/unknown
2026-09-20T16:08:26.329+05:30 ERROR 24848 --- [smartmetro-api] [restartedMain] j.LocalContainerEntityManagerFactoryBean : Failed to initialize JPA EntityManagerFactory: Collection 'com.smartmetro.entity.MetroCard.trips' is 'mappedBy' a property named 'card' which does not exist in the target entity 'com.smartmetro.entity.Trip'
2026-09-20T16:08:26.330+05:30  WARN 24848 --- [smartmetro-api] [restartedMain] ConfigServletWebServerApplicationContext : Exception encountered during context initialization - cancelling refresh attempt: org.springframework.beans.factory.BeanCreationException: Error creating bean with name 'entityManagerFactory' defined in class path resource [org/springframework/boot/hibernate/autoconfigure/HibernateJpaConfiguration.class]: Collection 'com.smartmetro.entity.MetroCard.trips' is 'mappedBy' a property named 'card' which does not exist in the target entity 'com.smartmetro.entity.Trip'
2026-09-20T16:08:26.331+05:30  INFO 24848 --- [smartmetro-api] [restartedMain] com.zaxxer.hikari.HikariDataSource       : HikariPool-1 - Shutdown initiated...
2026-09-20T16:08:26.343+05:30  INFO 24848 --- [smartmetro-api] [restartedMain] com.zaxxer.hikari.HikariDataSource       : HikariPool-1 - Shutdown completed.
2026-09-20T16:08:26.347+05:30  INFO 24848 --- [smartmetro-api] [restartedMain] o.apache.catalina.core.StandardService   : Stopping service [Tomcat]
2026-09-20T16:08:26.362+05:30  INFO 24848 --- [smartmetro-api] [restartedMain] .s.b.a.l.ConditionEvaluationReportLogger : 

Error starting ApplicationContext. To display the condition evaluation report re-run your application with 'debug' enabled.
2026-09-20T16:08:26.380+05:30 ERROR 24848 --- [smartmetro-api] [restartedMain] o.s.boot.SpringApplication               : Application run failed

org.springframework.beans.factory.BeanCreationException: Error creating bean with name 'entityManagerFactory' defined in class path resource [org/springframework/boot/hibernate/autoconfigure/HibernateJpaConfiguration.class]: Collection 'com.smartmetro.entity.MetroCard.trips' is 'mappedBy' a property named 'card' which does not exist in the target entity 'com.smartmetro.entity.Trip'
	at org.springframework.beans.factory.support.AbstractAutowireCapableBeanFactory.initializeBean(AbstractAutowireCapableBeanFactory.java:1815) ~[spring-beans-7.0.8.jar:7.0.8]
	at org.springframework.beans.factory.support.AbstractAutowireCapableBeanFactory.doCreateBean(AbstractAutowireCapableBeanFactory.java:603) ~[spring-beans-7.0.8.jar:7.0.8]
	at org.springframework.beans.factory.support.AbstractAutowireCapableBeanFactory.createBean(AbstractAutowireCapableBeanFactory.java:525) ~[spring-beans-7.0.8.jar:7.0.8]
	at org.springframework.beans.factory.support.AbstractBeanFactory.lambda$doGetBean$0(AbstractBeanFactory.java:333) ~[spring-beans-7.0.8.jar:7.0.8]
	at org.springframework.beans.factory.support.DefaultSingletonBeanRegistry.getSingleton(DefaultSingletonBeanRegistry.java:371) ~[spring-beans-7.0.8.jar:7.0.8]
	at org.springframework.beans.factory.support.AbstractBeanFactory.doGetBean(AbstractBeanFactory.java:331) ~[spring-beans-7.0.8.jar:7.0.8]
	at org.springframework.beans.factory.support.AbstractBeanFactory.getBean(AbstractBeanFactory.java:201) ~[spring-beans-7.0.8.jar:7.0.8]
	at org.springframework.context.support.AbstractApplicationContext.finishBeanFactoryInitialization(AbstractApplicationContext.java:977) ~[spring-context-7.0.8.jar:7.0.8]
	at org.springframework.context.support.AbstractApplicationContext.refresh(AbstractApplicationContext.java:621) ~[spring-context-7.0.8.jar:7.0.8]
	at org.springframework.boot.web.server.servlet.context.ServletWebServerApplicationContext.refresh(ServletWebServerApplicationContext.java:143) ~[spring-boot-web-server-4.1.0.jar:4.1.0]
	at org.springframework.boot.SpringApplication.refresh(SpringApplication.java:756) ~[spring-boot-4.1.0.jar:4.1.0]
	at org.springframework.boot.SpringApplication.refreshContext(SpringApplication.java:445) ~[spring-boot-4.1.0.jar:4.1.0]
	at org.springframework.boot.SpringApplication.run(SpringApplication.java:321) ~[spring-boot-4.1.0.jar:4.1.0]
	at org.springframework.boot.SpringApplication.run(SpringApplication.java:1365) ~[spring-boot-4.1.0.jar:4.1.0]
	at org.springframework.boot.SpringApplication.run(SpringApplication.java:1354) ~[spring-boot-4.1.0.jar:4.1.0]
	at com.smartmetro.SmartmetroApiApplication.main(SmartmetroApiApplication.java:11) ~[main/:na]
	at java.base/jdk.internal.reflect.DirectMethodHandleAccessor.invoke(DirectMethodHandleAccessor.java:104) ~[na:na]
	at java.base/java.lang.reflect.Method.invoke(Method.java:565) ~[na:na]
	at org.springframework.boot.devtools.restart.RestartLauncher.run(RestartLauncher.java:52) ~[spring-boot-devtools-4.1.0.jar:4.1.0]
Caused by: org.hibernate.AnnotationException: Collection 'com.smartmetro.entity.MetroCard.trips' is 'mappedBy' a property named 'card' which does not exist in the target entity 'com.smartmetro.entity.Trip'
	at org.hibernate.boot.model.internal.CollectionBinder.getMappedByProperty(CollectionBinder.java:1507) ~[hibernate-core-7.4.1.Final.jar:7.4.1.Final]
	at org.hibernate.boot.model.internal.CollectionBinder.isReversePropertyInJoin(CollectionBinder.java:1490) ~[hibernate-core-7.4.1.Final.jar:7.4.1.Final]
	at org.hibernate.boot.model.internal.CollectionBinder.noAssociationTable(CollectionBinder.java:1515) ~[hibernate-core-7.4.1.Final.jar:7.4.1.Final]
	at org.hibernate.boot.model.internal.CollectionBinder.bindStarToManySecondPass(CollectionBinder.java:1473) ~[hibernate-core-7.4.1.Final.jar:7.4.1.Final]
	at org.hibernate.boot.model.internal.CollectionBinder$1.secondPass(CollectionBinder.java:1464) ~[hibernate-core-7.4.1.Final.jar:7.4.1.Final]
	at org.hibernate.boot.model.internal.CollectionSecondPass.doSecondPass(CollectionSecondPass.java:39) ~[hibernate-core-7.4.1.Final.jar:7.4.1.Final]
	at org.hibernate.boot.internal.InFlightMetadataCollectorImpl.processSecondPasses(InFlightMetadataCollectorImpl.java:1769) ~[hibernate-core-7.4.1.Final.jar:7.4.1.Final]
	at org.hibernate.boot.internal.InFlightMetadataCollectorImpl.processSecondPasses(InFlightMetadataCollectorImpl.java:1735) ~[hibernate-core-7.4.1.Final.jar:7.4.1.Final]
	at org.hibernate.boot.model.process.spi.MetadataBuildingProcess.coordinateProcessors(MetadataBuildingProcess.java:361) ~[hibernate-core-7.4.1.Final.jar:7.4.1.Final]
	at org.hibernate.boot.model.process.spi.MetadataBuildingProcess.complete(MetadataBuildingProcess.java:209) ~[hibernate-core-7.4.1.Final.jar:7.4.1.Final]
	at org.hibernate.jpa.boot.internal.EntityManagerFactoryBuilderImpl.metadata(EntityManagerFactoryBuilderImpl.java:1388) ~[hibernate-core-7.4.1.Final.jar:7.4.1.Final]
	at org.hibernate.jpa.boot.internal.EntityManagerFactoryBuilderImpl.populateSessionFactoryBuilder(EntityManagerFactoryBuilderImpl.java:1468) ~[hibernate-core-7.4.1.Final.jar:7.4.1.Final]
	at org.hibernate.jpa.boot.internal.EntityManagerFactoryBuilderImpl.build(EntityManagerFactoryBuilderImpl.java:1450) ~[hibernate-core-7.4.1.Final.jar:7.4.1.Final]
	at org.springframework.orm.jpa.vendor.SpringHibernateJpaPersistenceProvider.createContainerEntityManagerFactory(SpringHibernateJpaPersistenceProvider.java:93) ~[spring-orm-7.0.8.jar:7.0.8]
	at org.springframework.orm.jpa.LocalContainerEntityManagerFactoryBean.createNativeEntityManagerFactory(LocalContainerEntityManagerFactoryBean.java:443) ~[spring-orm-7.0.8.jar:7.0.8]
	at org.springframework.orm.jpa.AbstractEntityManagerFactoryBean.buildNativeEntityManagerFactory(AbstractEntityManagerFactoryBean.java:436) ~[spring-orm-7.0.8.jar:7.0.8]
	at org.springframework.orm.jpa.AbstractEntityManagerFactoryBean.afterPropertiesSet(AbstractEntityManagerFactoryBean.java:411) ~[spring-orm-7.0.8.jar:7.0.8]
	at org.springframework.orm.jpa.LocalContainerEntityManagerFactoryBean.afterPropertiesSet(LocalContainerEntityManagerFactoryBean.java:419) ~[spring-orm-7.0.8.jar:7.0.8]
	at org.springframework.beans.factory.support.AbstractAutowireCapableBeanFactory.invokeInitMethods(AbstractAutowireCapableBeanFactory.java:1862) ~[spring-beans-7.0.8.jar:7.0.8]
	at org.springframework.beans.factory.support.AbstractAutowireCapableBeanFactory.initializeBean(AbstractAutowireCapableBeanFactory.java:1811) ~[spring-beans-7.0.8.jar:7.0.8]
	... 18 common frames omitted

2026-09-20T16:10:00.660+05:30  INFO 19624 --- [smartmetro-api] [restartedMain] c.smartmetro.SmartmetroApiApplication    : Starting SmartmetroApiApplication using Java 24.0.1 with PID 19624 (C:\Users\SHASHANK\Downloads\smartmetro-api\smartmetro-api\build\classes\java\main started by SHASHANK in C:\Users\SHASHANK\Downloads\smartmetro-api\smartmetro-api)
2026-09-20T16:10:00.664+05:30 DEBUG 19624 --- [smartmetro-api] [restartedMain] c.smartmetro.SmartmetroApiApplication    : Running with Spring Boot v4.1.0, Spring v7.0.8
2026-09-20T16:10:00.665+05:30  INFO 19624 --- [smartmetro-api] [restartedMain] c.smartmetro.SmartmetroApiApplication    : The following 1 profile is active: "uat"
2026-09-20T16:10:00.728+05:30  INFO 19624 --- [smartmetro-api] [restartedMain] o.s.b.devtools.restart.ChangeableUrls    : The Class-Path manifest attribute in C:\Users\SHASHANK\.gradle\caches\modules-2\files-2.1\com.oracle.database.jdbc\ojdbc11\23.26.2.0.0\2462b603e435c9a2707f41a1896e5b5be6f36520\ojdbc11-23.26.2.0.0.jar referenced one or more files that do not exist: file:/C:/Users/SHASHANK/.gradle/caches/modules-2/files-2.1/com.oracle.database.jdbc/ojdbc11/23.26.2.0.0/2462b603e435c9a2707f41a1896e5b5be6f36520/oraclepki.jar
2026-09-20T16:10:00.728+05:30  INFO 19624 --- [smartmetro-api] [restartedMain] .e.DevToolsPropertyDefaultsPostProcessor : Devtools property defaults active! Set 'spring.devtools.add-properties' to 'false' to disable
2026-09-20T16:10:00.728+05:30  INFO 19624 --- [smartmetro-api] [restartedMain] .e.DevToolsPropertyDefaultsPostProcessor : For additional web related logging consider setting the 'logging.level.web' property to 'DEBUG'
2026-09-20T16:10:01.694+05:30  INFO 19624 --- [smartmetro-api] [restartedMain] .s.d.r.c.RepositoryConfigurationDelegate : Multiple Spring Data modules found, entering strict repository configuration mode
2026-09-20T16:10:01.696+05:30  INFO 19624 --- [smartmetro-api] [restartedMain] .s.d.r.c.RepositoryConfigurationDelegate : Bootstrapping Spring Data JPA repositories in DEFAULT mode.
2026-09-20T16:10:01.782+05:30  INFO 19624 --- [smartmetro-api] [restartedMain] .s.d.r.c.RepositoryConfigurationDelegate : Finished Spring Data repository scanning in 73 ms. Found 8 JPA repository interfaces.
2026-09-20T16:10:01.823+05:30  INFO 19624 --- [smartmetro-api] [restartedMain] .s.d.r.c.RepositoryConfigurationDelegate : Multiple Spring Data modules found, entering strict repository configuration mode
2026-09-20T16:10:01.823+05:30  INFO 19624 --- [smartmetro-api] [restartedMain] .s.d.r.c.RepositoryConfigurationDelegate : Bootstrapping Spring Data MongoDB repositories in DEFAULT mode.
2026-09-20T16:10:01.830+05:30  INFO 19624 --- [smartmetro-api] [restartedMain] .RepositoryConfigurationExtensionSupport : Spring Data MongoDB - Could not safely identify store assignment for repository candidate interface com.smartmetro.repository.MetroCardRepository; If you want this repository to be a MongoDB repository, consider annotating your entities with one of these annotations: org.springframework.data.mongodb.core.mapping.Document (preferred), or consider extending one of the following types with your repository: org.springframework.data.mongodb.repository.MongoRepository
2026-09-20T16:10:01.831+05:30  INFO 19624 --- [smartmetro-api] [restartedMain] .RepositoryConfigurationExtensionSupport : Spring Data MongoDB - Could not safely identify store assignment for repository candidate interface com.smartmetro.repository.PaymentRepository; If you want this repository to be a MongoDB repository, consider annotating your entities with one of these annotations: org.springframework.data.mongodb.core.mapping.Document (preferred), or consider extending one of the following types with your repository: org.springframework.data.mongodb.repository.MongoRepository
2026-09-20T16:10:01.831+05:30  INFO 19624 --- [smartmetro-api] [restartedMain] .RepositoryConfigurationExtensionSupport : Spring Data MongoDB - Could not safely identify store assignment for repository candidate interface com.smartmetro.repository.RouteRepository; If you want this repository to be a MongoDB repository, consider annotating your entities with one of these annotations: org.springframework.data.mongodb.core.mapping.Document (preferred), or consider extending one of the following types with your repository: org.springframework.data.mongodb.repository.MongoRepository
2026-09-20T16:10:01.831+05:30  INFO 19624 --- [smartmetro-api] [restartedMain] .RepositoryConfigurationExtensionSupport : Spring Data MongoDB - Could not safely identify store assignment for repository candidate interface com.smartmetro.repository.RouteStationRepository; If you want this repository to be a MongoDB repository, consider annotating your entities with one of these annotations: org.springframework.data.mongodb.core.mapping.Document (preferred), or consider extending one of the following types with your repository: org.springframework.data.mongodb.repository.MongoRepository
2026-09-20T16:10:01.832+05:30  INFO 19624 --- [smartmetro-api] [restartedMain] .RepositoryConfigurationExtensionSupport : Spring Data MongoDB - Could not safely identify store assignment for repository candidate interface com.smartmetro.repository.StationRepository; If you want this repository to be a MongoDB repository, consider annotating your entities with one of these annotations: org.springframework.data.mongodb.core.mapping.Document (preferred), or consider extending one of the following types with your repository: org.springframework.data.mongodb.repository.MongoRepository
2026-09-20T16:10:01.832+05:30  INFO 19624 --- [smartmetro-api] [restartedMain] .RepositoryConfigurationExtensionSupport : Spring Data MongoDB - Could not safely identify store assignment for repository candidate interface com.smartmetro.repository.TransactionRepository; If you want this repository to be a MongoDB repository, consider annotating your entities with one of these annotations: org.springframework.data.mongodb.core.mapping.Document (preferred), or consider extending one of the following types with your repository: org.springframework.data.mongodb.repository.MongoRepository
2026-09-20T16:10:01.832+05:30  INFO 19624 --- [smartmetro-api] [restartedMain] .RepositoryConfigurationExtensionSupport : Spring Data MongoDB - Could not safely identify store assignment for repository candidate interface com.smartmetro.repository.TripRepository; If you want this repository to be a MongoDB repository, consider annotating your entities with one of these annotations: org.springframework.data.mongodb.core.mapping.Document (preferred), or consider extending one of the following types with your repository: org.springframework.data.mongodb.repository.MongoRepository
2026-09-20T16:10:01.833+05:30  INFO 19624 --- [smartmetro-api] [restartedMain] .RepositoryConfigurationExtensionSupport : Spring Data MongoDB - Could not safely identify store assignment for repository candidate interface com.smartmetro.repository.UserRepository; If you want this repository to be a MongoDB repository, consider annotating your entities with one of these annotations: org.springframework.data.mongodb.core.mapping.Document (preferred), or consider extending one of the following types with your repository: org.springframework.data.mongodb.repository.MongoRepository
2026-09-20T16:10:01.833+05:30  INFO 19624 --- [smartmetro-api] [restartedMain] .s.d.r.c.RepositoryConfigurationDelegate : Finished Spring Data repository scanning in 8 ms. Found 0 MongoDB repository interfaces.
2026-09-20T16:10:02.434+05:30  INFO 19624 --- [smartmetro-api] [restartedMain] o.s.boot.tomcat.TomcatWebServer          : Tomcat initialized with port 8084 (http)
2026-09-20T16:10:02.451+05:30  INFO 19624 --- [smartmetro-api] [restartedMain] o.apache.catalina.core.StandardService   : Starting service [Tomcat]
2026-09-20T16:10:02.451+05:30  INFO 19624 --- [smartmetro-api] [restartedMain] o.apache.catalina.core.StandardEngine    : Starting Servlet engine: [Apache Tomcat/11.0.22]
2026-09-20T16:10:02.496+05:30  INFO 19624 --- [smartmetro-api] [restartedMain] b.w.c.s.WebApplicationContextInitializer : Root WebApplicationContext: initialization completed in 1767 ms
2026-09-20T16:10:02.872+05:30  INFO 19624 --- [smartmetro-api] [restartedMain] com.zaxxer.hikari.HikariDataSource       : HikariPool-1 - Starting...
2026-09-20T16:10:03.217+05:30  INFO 19624 --- [smartmetro-api] [restartedMain] com.zaxxer.hikari.pool.HikariPool        : HikariPool-1 - Added connection oracle.jdbc.driver.T4CConnection@6cc69b12
2026-09-20T16:10:03.218+05:30  INFO 19624 --- [smartmetro-api] [restartedMain] com.zaxxer.hikari.HikariDataSource       : HikariPool-1 - Start completed.
2026-09-20T16:10:03.251+05:30  INFO 19624 --- [smartmetro-api] [restartedMain] org.hibernate.orm.jpa                    : HHH008540: Processing PersistenceUnitInfo [name: default]
2026-09-20T16:10:03.311+05:30  INFO 19624 --- [smartmetro-api] [restartedMain] org.hibernate.orm.core                   : HHH000001: Hibernate ORM core version 7.4.1.Final
2026-09-20T16:10:03.816+05:30  INFO 19624 --- [smartmetro-api] [restartedMain] o.s.o.j.p.SpringPersistenceUnitInfo      : No LoadTimeWeaver setup: ignoring JPA class transformer
2026-09-20T16:10:04.069+05:30  WARN 19624 --- [smartmetro-api] [restartedMain] org.hibernate.orm.core                   : HHH000511: The 11.2.0 version for [org.hibernate.dialect.OracleDialect] is no longer supported, hence certain features may not work properly.The minimum supported version is 19.0.0. Check the community dialects project for available legacy versions.
2026-09-20T16:10:04.103+05:30  WARN 19624 --- [smartmetro-api] [restartedMain] org.hibernate.orm.jdbc                   : HHH100123: Low default JDBC fetch size: 10 (consider setting 'hibernate.jdbc.fetch_size')
2026-09-20T16:10:04.106+05:30  INFO 19624 --- [smartmetro-api] [restartedMain] org.hibernate.orm.connections.pooling    : HHH10001005: Database info:
	Database JDBC URL [jdbc:oracle:thin:@localhost:1521:xe]
	Database driver: Oracle JDBC driver
	Database dialect: OracleDialect
	Database version: 11.2
	Default catalog/schema: undefined/SYSTEM
	Autocommit mode: undefined/unknown
	Isolation level: READ_COMMITTED [default READ_COMMITTED]
	JDBC fetch size: 10
	Pool: DataSourceConnectionProvider
	Minimum pool size: undefined/unknown
	Maximum pool size: undefined/unknown
2026-09-20T16:10:04.518+05:30 ERROR 19624 --- [smartmetro-api] [restartedMain] j.LocalContainerEntityManagerFactoryBean : Failed to initialize JPA EntityManagerFactory: Unable to build Hibernate SessionFactory  [persistence unit: default] ; nested exception is org.hibernate.MappingException: Column 'user_id' is duplicated in mapping for entity 'com.smartmetro.entity.MetroCard' (use '@Column(insertable=false, updatable=false)' when mapping multiple properties to the same column)
2026-09-20T16:10:04.519+05:30  WARN 19624 --- [smartmetro-api] [restartedMain] ConfigServletWebServerApplicationContext : Exception encountered during context initialization - cancelling refresh attempt: org.springframework.beans.factory.BeanCreationException: Error creating bean with name 'entityManagerFactory' defined in class path resource [org/springframework/boot/hibernate/autoconfigure/HibernateJpaConfiguration.class]: Unable to build Hibernate SessionFactory  [persistence unit: default] ; nested exception is org.hibernate.MappingException: Column 'user_id' is duplicated in mapping for entity 'com.smartmetro.entity.MetroCard' (use '@Column(insertable=false, updatable=false)' when mapping multiple properties to the same column)
2026-09-20T16:10:04.524+05:30  INFO 19624 --- [smartmetro-api] [restartedMain] com.zaxxer.hikari.HikariDataSource       : HikariPool-1 - Shutdown initiated...
2026-09-20T16:10:04.536+05:30  INFO 19624 --- [smartmetro-api] [restartedMain] com.zaxxer.hikari.HikariDataSource       : HikariPool-1 - Shutdown completed.
2026-09-20T16:10:04.541+05:30  INFO 19624 --- [smartmetro-api] [restartedMain] o.apache.catalina.core.StandardService   : Stopping service [Tomcat]
2026-09-20T16:10:04.552+05:30  INFO 19624 --- [smartmetro-api] [restartedMain] .s.b.a.l.ConditionEvaluationReportLogger : 

Error starting ApplicationContext. To display the condition evaluation report re-run your application with 'debug' enabled.
2026-09-20T16:10:04.568+05:30 ERROR 19624 --- [smartmetro-api] [restartedMain] o.s.boot.SpringApplication               : Application run failed

org.springframework.beans.factory.BeanCreationException: Error creating bean with name 'entityManagerFactory' defined in class path resource [org/springframework/boot/hibernate/autoconfigure/HibernateJpaConfiguration.class]: Unable to build Hibernate SessionFactory  [persistence unit: default] ; nested exception is org.hibernate.MappingException: Column 'user_id' is duplicated in mapping for entity 'com.smartmetro.entity.MetroCard' (use '@Column(insertable=false, updatable=false)' when mapping multiple properties to the same column)
	at org.springframework.beans.factory.support.AbstractAutowireCapableBeanFactory.initializeBean(AbstractAutowireCapableBeanFactory.java:1815) ~[spring-beans-7.0.8.jar:7.0.8]
	at org.springframework.beans.factory.support.AbstractAutowireCapableBeanFactory.doCreateBean(AbstractAutowireCapableBeanFactory.java:603) ~[spring-beans-7.0.8.jar:7.0.8]
	at org.springframework.beans.factory.support.AbstractAutowireCapableBeanFactory.createBean(AbstractAutowireCapableBeanFactory.java:525) ~[spring-beans-7.0.8.jar:7.0.8]
	at org.springframework.beans.factory.support.AbstractBeanFactory.lambda$doGetBean$0(AbstractBeanFactory.java:333) ~[spring-beans-7.0.8.jar:7.0.8]
	at org.springframework.beans.factory.support.DefaultSingletonBeanRegistry.getSingleton(DefaultSingletonBeanRegistry.java:371) ~[spring-beans-7.0.8.jar:7.0.8]
	at org.springframework.beans.factory.support.AbstractBeanFactory.doGetBean(AbstractBeanFactory.java:331) ~[spring-beans-7.0.8.jar:7.0.8]
	at org.springframework.beans.factory.support.AbstractBeanFactory.getBean(AbstractBeanFactory.java:201) ~[spring-beans-7.0.8.jar:7.0.8]
	at org.springframework.context.support.AbstractApplicationContext.finishBeanFactoryInitialization(AbstractApplicationContext.java:977) ~[spring-context-7.0.8.jar:7.0.8]
	at org.springframework.context.support.AbstractApplicationContext.refresh(AbstractApplicationContext.java:621) ~[spring-context-7.0.8.jar:7.0.8]
	at org.springframework.boot.web.server.servlet.context.ServletWebServerApplicationContext.refresh(ServletWebServerApplicationContext.java:143) ~[spring-boot-web-server-4.1.0.jar:4.1.0]
	at org.springframework.boot.SpringApplication.refresh(SpringApplication.java:756) ~[spring-boot-4.1.0.jar:4.1.0]
	at org.springframework.boot.SpringApplication.refreshContext(SpringApplication.java:445) ~[spring-boot-4.1.0.jar:4.1.0]
	at org.springframework.boot.SpringApplication.run(SpringApplication.java:321) ~[spring-boot-4.1.0.jar:4.1.0]
	at org.springframework.boot.SpringApplication.run(SpringApplication.java:1365) ~[spring-boot-4.1.0.jar:4.1.0]
	at org.springframework.boot.SpringApplication.run(SpringApplication.java:1354) ~[spring-boot-4.1.0.jar:4.1.0]
	at com.smartmetro.SmartmetroApiApplication.main(SmartmetroApiApplication.java:11) ~[main/:na]
	at java.base/jdk.internal.reflect.DirectMethodHandleAccessor.invoke(DirectMethodHandleAccessor.java:104) ~[na:na]
	at java.base/java.lang.reflect.Method.invoke(Method.java:565) ~[na:na]
	at org.springframework.boot.devtools.restart.RestartLauncher.run(RestartLauncher.java:52) ~[spring-boot-devtools-4.1.0.jar:4.1.0]
Caused by: jakarta.persistence.PersistenceException: Unable to build Hibernate SessionFactory  [persistence unit: default] ; nested exception is org.hibernate.MappingException: Column 'user_id' is duplicated in mapping for entity 'com.smartmetro.entity.MetroCard' (use '@Column(insertable=false, updatable=false)' when mapping multiple properties to the same column)
	at org.springframework.orm.jpa.AbstractEntityManagerFactoryBean.buildNativeEntityManagerFactory(AbstractEntityManagerFactoryBean.java:448) ~[spring-orm-7.0.8.jar:7.0.8]
	at org.springframework.orm.jpa.AbstractEntityManagerFactoryBean.afterPropertiesSet(AbstractEntityManagerFactoryBean.java:411) ~[spring-orm-7.0.8.jar:7.0.8]
	at org.springframework.orm.jpa.LocalContainerEntityManagerFactoryBean.afterPropertiesSet(LocalContainerEntityManagerFactoryBean.java:419) ~[spring-orm-7.0.8.jar:7.0.8]
	at org.springframework.beans.factory.support.AbstractAutowireCapableBeanFactory.invokeInitMethods(AbstractAutowireCapableBeanFactory.java:1862) ~[spring-beans-7.0.8.jar:7.0.8]
	at org.springframework.beans.factory.support.AbstractAutowireCapableBeanFactory.initializeBean(AbstractAutowireCapableBeanFactory.java:1811) ~[spring-beans-7.0.8.jar:7.0.8]
	... 18 common frames omitted
Caused by: org.hibernate.MappingException: Column 'user_id' is duplicated in mapping for entity 'com.smartmetro.entity.MetroCard' (use '@Column(insertable=false, updatable=false)' when mapping multiple properties to the same column)
	at org.hibernate.mapping.Value.checkColumnDuplication(Value.java:214) ~[hibernate-core-7.4.1.Final.jar:7.4.1.Final]
	at org.hibernate.mapping.MappingHelper.checkPropertyColumnDuplication(MappingHelper.java:112) ~[hibernate-core-7.4.1.Final.jar:7.4.1.Final]
	at org.hibernate.mapping.PersistentClass.checkColumnDuplication(PersistentClass.java:971) ~[hibernate-core-7.4.1.Final.jar:7.4.1.Final]
	at org.hibernate.mapping.PersistentClass.validate(PersistentClass.java:718) ~[hibernate-core-7.4.1.Final.jar:7.4.1.Final]
	at org.hibernate.mapping.RootClass.validate(RootClass.java:286) ~[hibernate-core-7.4.1.Final.jar:7.4.1.Final]
	at org.hibernate.boot.internal.MetadataImpl.validate(MetadataImpl.java:464) ~[hibernate-core-7.4.1.Final.jar:7.4.1.Final]
	at org.hibernate.internal.SessionFactoryImpl.<init>(SessionFactoryImpl.java:269) ~[hibernate-core-7.4.1.Final.jar:7.4.1.Final]
	at org.hibernate.internal.SessionFactoryRegistry.instantiateSessionFactory(SessionFactoryRegistry.java:64) ~[hibernate-core-7.4.1.Final.jar:7.4.1.Final]
	at org.hibernate.boot.internal.SessionFactoryBuilderImpl.build(SessionFactoryBuilderImpl.java:458) ~[hibernate-core-7.4.1.Final.jar:7.4.1.Final]
	at org.hibernate.jpa.boot.internal.EntityManagerFactoryBuilderImpl.build(EntityManagerFactoryBuilderImpl.java:1452) ~[hibernate-core-7.4.1.Final.jar:7.4.1.Final]
	at org.springframework.orm.jpa.vendor.SpringHibernateJpaPersistenceProvider.createContainerEntityManagerFactory(SpringHibernateJpaPersistenceProvider.java:93) ~[spring-orm-7.0.8.jar:7.0.8]
	at org.springframework.orm.jpa.LocalContainerEntityManagerFactoryBean.createNativeEntityManagerFactory(LocalContainerEntityManagerFactoryBean.java:443) ~[spring-orm-7.0.8.jar:7.0.8]
	at org.springframework.orm.jpa.AbstractEntityManagerFactoryBean.buildNativeEntityManagerFactory(AbstractEntityManagerFactoryBean.java:436) ~[spring-orm-7.0.8.jar:7.0.8]
	... 22 common frames omitted

2026-09-20T16:11:00.265+05:30  INFO 9796 --- [smartmetro-api] [restartedMain] c.smartmetro.SmartmetroApiApplication    : Starting SmartmetroApiApplication using Java 24.0.1 with PID 9796 (C:\Users\SHASHANK\Downloads\smartmetro-api\smartmetro-api\build\classes\java\main started by SHASHANK in C:\Users\SHASHANK\Downloads\smartmetro-api\smartmetro-api)
2026-09-20T16:11:00.269+05:30 DEBUG 9796 --- [smartmetro-api] [restartedMain] c.smartmetro.SmartmetroApiApplication    : Running with Spring Boot v4.1.0, Spring v7.0.8
2026-09-20T16:11:00.270+05:30  INFO 9796 --- [smartmetro-api] [restartedMain] c.smartmetro.SmartmetroApiApplication    : The following 1 profile is active: "uat"
2026-09-20T16:11:00.340+05:30  INFO 9796 --- [smartmetro-api] [restartedMain] o.s.b.devtools.restart.ChangeableUrls    : The Class-Path manifest attribute in C:\Users\SHASHANK\.gradle\caches\modules-2\files-2.1\com.oracle.database.jdbc\ojdbc11\23.26.2.0.0\2462b603e435c9a2707f41a1896e5b5be6f36520\ojdbc11-23.26.2.0.0.jar referenced one or more files that do not exist: file:/C:/Users/SHASHANK/.gradle/caches/modules-2/files-2.1/com.oracle.database.jdbc/ojdbc11/23.26.2.0.0/2462b603e435c9a2707f41a1896e5b5be6f36520/oraclepki.jar
2026-09-20T16:11:00.340+05:30  INFO 9796 --- [smartmetro-api] [restartedMain] .e.DevToolsPropertyDefaultsPostProcessor : Devtools property defaults active! Set 'spring.devtools.add-properties' to 'false' to disable
2026-09-20T16:11:00.340+05:30  INFO 9796 --- [smartmetro-api] [restartedMain] .e.DevToolsPropertyDefaultsPostProcessor : For additional web related logging consider setting the 'logging.level.web' property to 'DEBUG'
2026-09-20T16:11:01.315+05:30  INFO 9796 --- [smartmetro-api] [restartedMain] .s.d.r.c.RepositoryConfigurationDelegate : Multiple Spring Data modules found, entering strict repository configuration mode
2026-09-20T16:11:01.316+05:30  INFO 9796 --- [smartmetro-api] [restartedMain] .s.d.r.c.RepositoryConfigurationDelegate : Bootstrapping Spring Data JPA repositories in DEFAULT mode.
2026-09-20T16:11:01.399+05:30  INFO 9796 --- [smartmetro-api] [restartedMain] .s.d.r.c.RepositoryConfigurationDelegate : Finished Spring Data repository scanning in 71 ms. Found 8 JPA repository interfaces.
2026-09-20T16:11:01.443+05:30  INFO 9796 --- [smartmetro-api] [restartedMain] .s.d.r.c.RepositoryConfigurationDelegate : Multiple Spring Data modules found, entering strict repository configuration mode
2026-09-20T16:11:01.444+05:30  INFO 9796 --- [smartmetro-api] [restartedMain] .s.d.r.c.RepositoryConfigurationDelegate : Bootstrapping Spring Data MongoDB repositories in DEFAULT mode.
2026-09-20T16:11:01.452+05:30  INFO 9796 --- [smartmetro-api] [restartedMain] .RepositoryConfigurationExtensionSupport : Spring Data MongoDB - Could not safely identify store assignment for repository candidate interface com.smartmetro.repository.MetroCardRepository; If you want this repository to be a MongoDB repository, consider annotating your entities with one of these annotations: org.springframework.data.mongodb.core.mapping.Document (preferred), or consider extending one of the following types with your repository: org.springframework.data.mongodb.repository.MongoRepository
2026-09-20T16:11:01.453+05:30  INFO 9796 --- [smartmetro-api] [restartedMain] .RepositoryConfigurationExtensionSupport : Spring Data MongoDB - Could not safely identify store assignment for repository candidate interface com.smartmetro.repository.PaymentRepository; If you want this repository to be a MongoDB repository, consider annotating your entities with one of these annotations: org.springframework.data.mongodb.core.mapping.Document (preferred), or consider extending one of the following types with your repository: org.springframework.data.mongodb.repository.MongoRepository
2026-09-20T16:11:01.453+05:30  INFO 9796 --- [smartmetro-api] [restartedMain] .RepositoryConfigurationExtensionSupport : Spring Data MongoDB - Could not safely identify store assignment for repository candidate interface com.smartmetro.repository.RouteRepository; If you want this repository to be a MongoDB repository, consider annotating your entities with one of these annotations: org.springframework.data.mongodb.core.mapping.Document (preferred), or consider extending one of the following types with your repository: org.springframework.data.mongodb.repository.MongoRepository
2026-09-20T16:11:01.454+05:30  INFO 9796 --- [smartmetro-api] [restartedMain] .RepositoryConfigurationExtensionSupport : Spring Data MongoDB - Could not safely identify store assignment for repository candidate interface com.smartmetro.repository.RouteStationRepository; If you want this repository to be a MongoDB repository, consider annotating your entities with one of these annotations: org.springframework.data.mongodb.core.mapping.Document (preferred), or consider extending one of the following types with your repository: org.springframework.data.mongodb.repository.MongoRepository
2026-09-20T16:11:01.454+05:30  INFO 9796 --- [smartmetro-api] [restartedMain] .RepositoryConfigurationExtensionSupport : Spring Data MongoDB - Could not safely identify store assignment for repository candidate interface com.smartmetro.repository.StationRepository; If you want this repository to be a MongoDB repository, consider annotating your entities with one of these annotations: org.springframework.data.mongodb.core.mapping.Document (preferred), or consider extending one of the following types with your repository: org.springframework.data.mongodb.repository.MongoRepository
2026-09-20T16:11:01.454+05:30  INFO 9796 --- [smartmetro-api] [restartedMain] .RepositoryConfigurationExtensionSupport : Spring Data MongoDB - Could not safely identify store assignment for repository candidate interface com.smartmetro.repository.TransactionRepository; If you want this repository to be a MongoDB repository, consider annotating your entities with one of these annotations: org.springframework.data.mongodb.core.mapping.Document (preferred), or consider extending one of the following types with your repository: org.springframework.data.mongodb.repository.MongoRepository
2026-09-20T16:11:01.454+05:30  INFO 9796 --- [smartmetro-api] [restartedMain] .RepositoryConfigurationExtensionSupport : Spring Data MongoDB - Could not safely identify store assignment for repository candidate interface com.smartmetro.repository.TripRepository; If you want this repository to be a MongoDB repository, consider annotating your entities with one of these annotations: org.springframework.data.mongodb.core.mapping.Document (preferred), or consider extending one of the following types with your repository: org.springframework.data.mongodb.repository.MongoRepository
2026-09-20T16:11:01.455+05:30  INFO 9796 --- [smartmetro-api] [restartedMain] .RepositoryConfigurationExtensionSupport : Spring Data MongoDB - Could not safely identify store assignment for repository candidate interface com.smartmetro.repository.UserRepository; If you want this repository to be a MongoDB repository, consider annotating your entities with one of these annotations: org.springframework.data.mongodb.core.mapping.Document (preferred), or consider extending one of the following types with your repository: org.springframework.data.mongodb.repository.MongoRepository
2026-09-20T16:11:01.456+05:30  INFO 9796 --- [smartmetro-api] [restartedMain] .s.d.r.c.RepositoryConfigurationDelegate : Finished Spring Data repository scanning in 9 ms. Found 0 MongoDB repository interfaces.
2026-09-20T16:11:02.062+05:30  INFO 9796 --- [smartmetro-api] [restartedMain] o.s.boot.tomcat.TomcatWebServer          : Tomcat initialized with port 8084 (http)
2026-09-20T16:11:02.080+05:30  INFO 9796 --- [smartmetro-api] [restartedMain] o.apache.catalina.core.StandardService   : Starting service [Tomcat]
2026-09-20T16:11:02.080+05:30  INFO 9796 --- [smartmetro-api] [restartedMain] o.apache.catalina.core.StandardEngine    : Starting Servlet engine: [Apache Tomcat/11.0.22]
2026-09-20T16:11:02.122+05:30  INFO 9796 --- [smartmetro-api] [restartedMain] b.w.c.s.WebApplicationContextInitializer : Root WebApplicationContext: initialization completed in 1781 ms
2026-09-20T16:11:02.485+05:30  INFO 9796 --- [smartmetro-api] [restartedMain] com.zaxxer.hikari.HikariDataSource       : HikariPool-1 - Starting...
2026-09-20T16:11:02.833+05:30  INFO 9796 --- [smartmetro-api] [restartedMain] com.zaxxer.hikari.pool.HikariPool        : HikariPool-1 - Added connection oracle.jdbc.driver.T4CConnection@48bc9c11
2026-09-20T16:11:02.834+05:30  INFO 9796 --- [smartmetro-api] [restartedMain] com.zaxxer.hikari.HikariDataSource       : HikariPool-1 - Start completed.
2026-09-20T16:11:02.865+05:30  INFO 9796 --- [smartmetro-api] [restartedMain] org.hibernate.orm.jpa                    : HHH008540: Processing PersistenceUnitInfo [name: default]
2026-09-20T16:11:02.919+05:30  INFO 9796 --- [smartmetro-api] [restartedMain] org.hibernate.orm.core                   : HHH000001: Hibernate ORM core version 7.4.1.Final
2026-09-20T16:11:03.433+05:30  INFO 9796 --- [smartmetro-api] [restartedMain] o.s.o.j.p.SpringPersistenceUnitInfo      : No LoadTimeWeaver setup: ignoring JPA class transformer
2026-09-20T16:11:03.679+05:30  WARN 9796 --- [smartmetro-api] [restartedMain] org.hibernate.orm.core                   : HHH000511: The 11.2.0 version for [org.hibernate.dialect.OracleDialect] is no longer supported, hence certain features may not work properly.The minimum supported version is 19.0.0. Check the community dialects project for available legacy versions.
2026-09-20T16:11:03.708+05:30  WARN 9796 --- [smartmetro-api] [restartedMain] org.hibernate.orm.jdbc                   : HHH100123: Low default JDBC fetch size: 10 (consider setting 'hibernate.jdbc.fetch_size')
2026-09-20T16:11:03.711+05:30  INFO 9796 --- [smartmetro-api] [restartedMain] org.hibernate.orm.connections.pooling    : HHH10001005: Database info:
	Database JDBC URL [jdbc:oracle:thin:@localhost:1521:xe]
	Database driver: Oracle JDBC driver
	Database dialect: OracleDialect
	Database version: 11.2
	Default catalog/schema: undefined/SYSTEM
	Autocommit mode: undefined/unknown
	Isolation level: READ_COMMITTED [default READ_COMMITTED]
	JDBC fetch size: 10
	Pool: DataSourceConnectionProvider
	Minimum pool size: undefined/unknown
	Maximum pool size: undefined/unknown
2026-09-20T16:11:04.109+05:30 ERROR 9796 --- [smartmetro-api] [restartedMain] j.LocalContainerEntityManagerFactoryBean : Failed to initialize JPA EntityManagerFactory: Unable to build Hibernate SessionFactory  [persistence unit: default] ; nested exception is org.hibernate.MappingException: Column 'route_id' is duplicated in mapping for entity 'com.smartmetro.entity.RouteStation' (use '@Column(insertable=false, updatable=false)' when mapping multiple properties to the same column)
2026-09-20T16:11:04.110+05:30  WARN 9796 --- [smartmetro-api] [restartedMain] ConfigServletWebServerApplicationContext : Exception encountered during context initialization - cancelling refresh attempt: org.springframework.beans.factory.BeanCreationException: Error creating bean with name 'entityManagerFactory' defined in class path resource [org/springframework/boot/hibernate/autoconfigure/HibernateJpaConfiguration.class]: Unable to build Hibernate SessionFactory  [persistence unit: default] ; nested exception is org.hibernate.MappingException: Column 'route_id' is duplicated in mapping for entity 'com.smartmetro.entity.RouteStation' (use '@Column(insertable=false, updatable=false)' when mapping multiple properties to the same column)
2026-09-20T16:11:04.116+05:30  INFO 9796 --- [smartmetro-api] [restartedMain] com.zaxxer.hikari.HikariDataSource       : HikariPool-1 - Shutdown initiated...
2026-09-20T16:11:04.128+05:30  INFO 9796 --- [smartmetro-api] [restartedMain] com.zaxxer.hikari.HikariDataSource       : HikariPool-1 - Shutdown completed.
2026-09-20T16:11:04.132+05:30  INFO 9796 --- [smartmetro-api] [restartedMain] o.apache.catalina.core.StandardService   : Stopping service [Tomcat]
2026-09-20T16:11:04.145+05:30  INFO 9796 --- [smartmetro-api] [restartedMain] .s.b.a.l.ConditionEvaluationReportLogger : 

Error starting ApplicationContext. To display the condition evaluation report re-run your application with 'debug' enabled.
2026-09-20T16:11:04.160+05:30 ERROR 9796 --- [smartmetro-api] [restartedMain] o.s.boot.SpringApplication               : Application run failed

org.springframework.beans.factory.BeanCreationException: Error creating bean with name 'entityManagerFactory' defined in class path resource [org/springframework/boot/hibernate/autoconfigure/HibernateJpaConfiguration.class]: Unable to build Hibernate SessionFactory  [persistence unit: default] ; nested exception is org.hibernate.MappingException: Column 'route_id' is duplicated in mapping for entity 'com.smartmetro.entity.RouteStation' (use '@Column(insertable=false, updatable=false)' when mapping multiple properties to the same column)
	at org.springframework.beans.factory.support.AbstractAutowireCapableBeanFactory.initializeBean(AbstractAutowireCapableBeanFactory.java:1815) ~[spring-beans-7.0.8.jar:7.0.8]
	at org.springframework.beans.factory.support.AbstractAutowireCapableBeanFactory.doCreateBean(AbstractAutowireCapableBeanFactory.java:603) ~[spring-beans-7.0.8.jar:7.0.8]
	at org.springframework.beans.factory.support.AbstractAutowireCapableBeanFactory.createBean(AbstractAutowireCapableBeanFactory.java:525) ~[spring-beans-7.0.8.jar:7.0.8]
	at org.springframework.beans.factory.support.AbstractBeanFactory.lambda$doGetBean$0(AbstractBeanFactory.java:333) ~[spring-beans-7.0.8.jar:7.0.8]
	at org.springframework.beans.factory.support.DefaultSingletonBeanRegistry.getSingleton(DefaultSingletonBeanRegistry.java:371) ~[spring-beans-7.0.8.jar:7.0.8]
	at org.springframework.beans.factory.support.AbstractBeanFactory.doGetBean(AbstractBeanFactory.java:331) ~[spring-beans-7.0.8.jar:7.0.8]
	at org.springframework.beans.factory.support.AbstractBeanFactory.getBean(AbstractBeanFactory.java:201) ~[spring-beans-7.0.8.jar:7.0.8]
	at org.springframework.context.support.AbstractApplicationContext.finishBeanFactoryInitialization(AbstractApplicationContext.java:977) ~[spring-context-7.0.8.jar:7.0.8]
	at org.springframework.context.support.AbstractApplicationContext.refresh(AbstractApplicationContext.java:621) ~[spring-context-7.0.8.jar:7.0.8]
	at org.springframework.boot.web.server.servlet.context.ServletWebServerApplicationContext.refresh(ServletWebServerApplicationContext.java:143) ~[spring-boot-web-server-4.1.0.jar:4.1.0]
	at org.springframework.boot.SpringApplication.refresh(SpringApplication.java:756) ~[spring-boot-4.1.0.jar:4.1.0]
	at org.springframework.boot.SpringApplication.refreshContext(SpringApplication.java:445) ~[spring-boot-4.1.0.jar:4.1.0]
	at org.springframework.boot.SpringApplication.run(SpringApplication.java:321) ~[spring-boot-4.1.0.jar:4.1.0]
	at org.springframework.boot.SpringApplication.run(SpringApplication.java:1365) ~[spring-boot-4.1.0.jar:4.1.0]
	at org.springframework.boot.SpringApplication.run(SpringApplication.java:1354) ~[spring-boot-4.1.0.jar:4.1.0]
	at com.smartmetro.SmartmetroApiApplication.main(SmartmetroApiApplication.java:11) ~[main/:na]
	at java.base/jdk.internal.reflect.DirectMethodHandleAccessor.invoke(DirectMethodHandleAccessor.java:104) ~[na:na]
	at java.base/java.lang.reflect.Method.invoke(Method.java:565) ~[na:na]
	at org.springframework.boot.devtools.restart.RestartLauncher.run(RestartLauncher.java:52) ~[spring-boot-devtools-4.1.0.jar:4.1.0]
Caused by: jakarta.persistence.PersistenceException: Unable to build Hibernate SessionFactory  [persistence unit: default] ; nested exception is org.hibernate.MappingException: Column 'route_id' is duplicated in mapping for entity 'com.smartmetro.entity.RouteStation' (use '@Column(insertable=false, updatable=false)' when mapping multiple properties to the same column)
	at org.springframework.orm.jpa.AbstractEntityManagerFactoryBean.buildNativeEntityManagerFactory(AbstractEntityManagerFactoryBean.java:448) ~[spring-orm-7.0.8.jar:7.0.8]
	at org.springframework.orm.jpa.AbstractEntityManagerFactoryBean.afterPropertiesSet(AbstractEntityManagerFactoryBean.java:411) ~[spring-orm-7.0.8.jar:7.0.8]
	at org.springframework.orm.jpa.LocalContainerEntityManagerFactoryBean.afterPropertiesSet(LocalContainerEntityManagerFactoryBean.java:419) ~[spring-orm-7.0.8.jar:7.0.8]
	at org.springframework.beans.factory.support.AbstractAutowireCapableBeanFactory.invokeInitMethods(AbstractAutowireCapableBeanFactory.java:1862) ~[spring-beans-7.0.8.jar:7.0.8]
	at org.springframework.beans.factory.support.AbstractAutowireCapableBeanFactory.initializeBean(AbstractAutowireCapableBeanFactory.java:1811) ~[spring-beans-7.0.8.jar:7.0.8]
	... 18 common frames omitted
Caused by: org.hibernate.MappingException: Column 'route_id' is duplicated in mapping for entity 'com.smartmetro.entity.RouteStation' (use '@Column(insertable=false, updatable=false)' when mapping multiple properties to the same column)
	at org.hibernate.mapping.Value.checkColumnDuplication(Value.java:214) ~[hibernate-core-7.4.1.Final.jar:7.4.1.Final]
	at org.hibernate.mapping.MappingHelper.checkPropertyColumnDuplication(MappingHelper.java:112) ~[hibernate-core-7.4.1.Final.jar:7.4.1.Final]
	at org.hibernate.mapping.PersistentClass.checkColumnDuplication(PersistentClass.java:971) ~[hibernate-core-7.4.1.Final.jar:7.4.1.Final]
	at org.hibernate.mapping.PersistentClass.validate(PersistentClass.java:718) ~[hibernate-core-7.4.1.Final.jar:7.4.1.Final]
	at org.hibernate.mapping.RootClass.validate(RootClass.java:286) ~[hibernate-core-7.4.1.Final.jar:7.4.1.Final]
	at org.hibernate.boot.internal.MetadataImpl.validate(MetadataImpl.java:464) ~[hibernate-core-7.4.1.Final.jar:7.4.1.Final]
	at org.hibernate.internal.SessionFactoryImpl.<init>(SessionFactoryImpl.java:269) ~[hibernate-core-7.4.1.Final.jar:7.4.1.Final]
	at org.hibernate.internal.SessionFactoryRegistry.instantiateSessionFactory(SessionFactoryRegistry.java:64) ~[hibernate-core-7.4.1.Final.jar:7.4.1.Final]
	at org.hibernate.boot.internal.SessionFactoryBuilderImpl.build(SessionFactoryBuilderImpl.java:458) ~[hibernate-core-7.4.1.Final.jar:7.4.1.Final]
	at org.hibernate.jpa.boot.internal.EntityManagerFactoryBuilderImpl.build(EntityManagerFactoryBuilderImpl.java:1452) ~[hibernate-core-7.4.1.Final.jar:7.4.1.Final]
	at org.springframework.orm.jpa.vendor.SpringHibernateJpaPersistenceProvider.createContainerEntityManagerFactory(SpringHibernateJpaPersistenceProvider.java:93) ~[spring-orm-7.0.8.jar:7.0.8]
	at org.springframework.orm.jpa.LocalContainerEntityManagerFactoryBean.createNativeEntityManagerFactory(LocalContainerEntityManagerFactoryBean.java:443) ~[spring-orm-7.0.8.jar:7.0.8]
	at org.springframework.orm.jpa.AbstractEntityManagerFactoryBean.buildNativeEntityManagerFactory(AbstractEntityManagerFactoryBean.java:436) ~[spring-orm-7.0.8.jar:7.0.8]
	... 22 common frames omitted

2026-09-20T16:12:08.957+05:30  INFO 6464 --- [smartmetro-api] [restartedMain] c.smartmetro.SmartmetroApiApplication    : Starting SmartmetroApiApplication using Java 24.0.1 with PID 6464 (C:\Users\SHASHANK\Downloads\smartmetro-api\smartmetro-api\build\classes\java\main started by SHASHANK in C:\Users\SHASHANK\Downloads\smartmetro-api\smartmetro-api)
2026-09-20T16:12:08.962+05:30 DEBUG 6464 --- [smartmetro-api] [restartedMain] c.smartmetro.SmartmetroApiApplication    : Running with Spring Boot v4.1.0, Spring v7.0.8
2026-09-20T16:12:08.963+05:30  INFO 6464 --- [smartmetro-api] [restartedMain] c.smartmetro.SmartmetroApiApplication    : The following 1 profile is active: "uat"
2026-09-20T16:12:09.027+05:30  INFO 6464 --- [smartmetro-api] [restartedMain] o.s.b.devtools.restart.ChangeableUrls    : The Class-Path manifest attribute in C:\Users\SHASHANK\.gradle\caches\modules-2\files-2.1\com.oracle.database.jdbc\ojdbc11\23.26.2.0.0\2462b603e435c9a2707f41a1896e5b5be6f36520\ojdbc11-23.26.2.0.0.jar referenced one or more files that do not exist: file:/C:/Users/SHASHANK/.gradle/caches/modules-2/files-2.1/com.oracle.database.jdbc/ojdbc11/23.26.2.0.0/2462b603e435c9a2707f41a1896e5b5be6f36520/oraclepki.jar
2026-09-20T16:12:09.027+05:30  INFO 6464 --- [smartmetro-api] [restartedMain] .e.DevToolsPropertyDefaultsPostProcessor : Devtools property defaults active! Set 'spring.devtools.add-properties' to 'false' to disable
2026-09-20T16:12:09.027+05:30  INFO 6464 --- [smartmetro-api] [restartedMain] .e.DevToolsPropertyDefaultsPostProcessor : For additional web related logging consider setting the 'logging.level.web' property to 'DEBUG'
2026-09-20T16:12:10.007+05:30  INFO 6464 --- [smartmetro-api] [restartedMain] .s.d.r.c.RepositoryConfigurationDelegate : Multiple Spring Data modules found, entering strict repository configuration mode
2026-09-20T16:12:10.010+05:30  INFO 6464 --- [smartmetro-api] [restartedMain] .s.d.r.c.RepositoryConfigurationDelegate : Bootstrapping Spring Data JPA repositories in DEFAULT mode.
2026-09-20T16:12:10.104+05:30  INFO 6464 --- [smartmetro-api] [restartedMain] .s.d.r.c.RepositoryConfigurationDelegate : Finished Spring Data repository scanning in 81 ms. Found 8 JPA repository interfaces.
2026-09-20T16:12:10.145+05:30  INFO 6464 --- [smartmetro-api] [restartedMain] .s.d.r.c.RepositoryConfigurationDelegate : Multiple Spring Data modules found, entering strict repository configuration mode
2026-09-20T16:12:10.145+05:30  INFO 6464 --- [smartmetro-api] [restartedMain] .s.d.r.c.RepositoryConfigurationDelegate : Bootstrapping Spring Data MongoDB repositories in DEFAULT mode.
2026-09-20T16:12:10.152+05:30  INFO 6464 --- [smartmetro-api] [restartedMain] .RepositoryConfigurationExtensionSupport : Spring Data MongoDB - Could not safely identify store assignment for repository candidate interface com.smartmetro.repository.MetroCardRepository; If you want this repository to be a MongoDB repository, consider annotating your entities with one of these annotations: org.springframework.data.mongodb.core.mapping.Document (preferred), or consider extending one of the following types with your repository: org.springframework.data.mongodb.repository.MongoRepository
2026-09-20T16:12:10.153+05:30  INFO 6464 --- [smartmetro-api] [restartedMain] .RepositoryConfigurationExtensionSupport : Spring Data MongoDB - Could not safely identify store assignment for repository candidate interface com.smartmetro.repository.PaymentRepository; If you want this repository to be a MongoDB repository, consider annotating your entities with one of these annotations: org.springframework.data.mongodb.core.mapping.Document (preferred), or consider extending one of the following types with your repository: org.springframework.data.mongodb.repository.MongoRepository
2026-09-20T16:12:10.153+05:30  INFO 6464 --- [smartmetro-api] [restartedMain] .RepositoryConfigurationExtensionSupport : Spring Data MongoDB - Could not safely identify store assignment for repository candidate interface com.smartmetro.repository.RouteRepository; If you want this repository to be a MongoDB repository, consider annotating your entities with one of these annotations: org.springframework.data.mongodb.core.mapping.Document (preferred), or consider extending one of the following types with your repository: org.springframework.data.mongodb.repository.MongoRepository
2026-09-20T16:12:10.153+05:30  INFO 6464 --- [smartmetro-api] [restartedMain] .RepositoryConfigurationExtensionSupport : Spring Data MongoDB - Could not safely identify store assignment for repository candidate interface com.smartmetro.repository.RouteStationRepository; If you want this repository to be a MongoDB repository, consider annotating your entities with one of these annotations: org.springframework.data.mongodb.core.mapping.Document (preferred), or consider extending one of the following types with your repository: org.springframework.data.mongodb.repository.MongoRepository
2026-09-20T16:12:10.154+05:30  INFO 6464 --- [smartmetro-api] [restartedMain] .RepositoryConfigurationExtensionSupport : Spring Data MongoDB - Could not safely identify store assignment for repository candidate interface com.smartmetro.repository.StationRepository; If you want this repository to be a MongoDB repository, consider annotating your entities with one of these annotations: org.springframework.data.mongodb.core.mapping.Document (preferred), or consider extending one of the following types with your repository: org.springframework.data.mongodb.repository.MongoRepository
2026-09-20T16:12:10.154+05:30  INFO 6464 --- [smartmetro-api] [restartedMain] .RepositoryConfigurationExtensionSupport : Spring Data MongoDB - Could not safely identify store assignment for repository candidate interface com.smartmetro.repository.TransactionRepository; If you want this repository to be a MongoDB repository, consider annotating your entities with one of these annotations: org.springframework.data.mongodb.core.mapping.Document (preferred), or consider extending one of the following types with your repository: org.springframework.data.mongodb.repository.MongoRepository
2026-09-20T16:12:10.154+05:30  INFO 6464 --- [smartmetro-api] [restartedMain] .RepositoryConfigurationExtensionSupport : Spring Data MongoDB - Could not safely identify store assignment for repository candidate interface com.smartmetro.repository.TripRepository; If you want this repository to be a MongoDB repository, consider annotating your entities with one of these annotations: org.springframework.data.mongodb.core.mapping.Document (preferred), or consider extending one of the following types with your repository: org.springframework.data.mongodb.repository.MongoRepository
2026-09-20T16:12:10.154+05:30  INFO 6464 --- [smartmetro-api] [restartedMain] .RepositoryConfigurationExtensionSupport : Spring Data MongoDB - Could not safely identify store assignment for repository candidate interface com.smartmetro.repository.UserRepository; If you want this repository to be a MongoDB repository, consider annotating your entities with one of these annotations: org.springframework.data.mongodb.core.mapping.Document (preferred), or consider extending one of the following types with your repository: org.springframework.data.mongodb.repository.MongoRepository
2026-09-20T16:12:10.154+05:30  INFO 6464 --- [smartmetro-api] [restartedMain] .s.d.r.c.RepositoryConfigurationDelegate : Finished Spring Data repository scanning in 7 ms. Found 0 MongoDB repository interfaces.
2026-09-20T16:12:10.725+05:30  INFO 6464 --- [smartmetro-api] [restartedMain] o.s.boot.tomcat.TomcatWebServer          : Tomcat initialized with port 8084 (http)
2026-09-20T16:12:10.752+05:30  INFO 6464 --- [smartmetro-api] [restartedMain] o.apache.catalina.core.StandardService   : Starting service [Tomcat]
2026-09-20T16:12:10.752+05:30  INFO 6464 --- [smartmetro-api] [restartedMain] o.apache.catalina.core.StandardEngine    : Starting Servlet engine: [Apache Tomcat/11.0.22]
2026-09-20T16:12:10.791+05:30  INFO 6464 --- [smartmetro-api] [restartedMain] b.w.c.s.WebApplicationContextInitializer : Root WebApplicationContext: initialization completed in 1764 ms
2026-09-20T16:12:11.173+05:30  INFO 6464 --- [smartmetro-api] [restartedMain] com.zaxxer.hikari.HikariDataSource       : HikariPool-1 - Starting...
2026-09-20T16:12:11.557+05:30  INFO 6464 --- [smartmetro-api] [restartedMain] com.zaxxer.hikari.pool.HikariPool        : HikariPool-1 - Added connection oracle.jdbc.driver.T4CConnection@770e3287
2026-09-20T16:12:11.559+05:30  INFO 6464 --- [smartmetro-api] [restartedMain] com.zaxxer.hikari.HikariDataSource       : HikariPool-1 - Start completed.
2026-09-20T16:12:11.591+05:30  INFO 6464 --- [smartmetro-api] [restartedMain] org.hibernate.orm.jpa                    : HHH008540: Processing PersistenceUnitInfo [name: default]
2026-09-20T16:12:11.647+05:30  INFO 6464 --- [smartmetro-api] [restartedMain] org.hibernate.orm.core                   : HHH000001: Hibernate ORM core version 7.4.1.Final
2026-09-20T16:12:12.182+05:30  INFO 6464 --- [smartmetro-api] [restartedMain] o.s.o.j.p.SpringPersistenceUnitInfo      : No LoadTimeWeaver setup: ignoring JPA class transformer
2026-09-20T16:12:12.432+05:30  WARN 6464 --- [smartmetro-api] [restartedMain] org.hibernate.orm.core                   : HHH000511: The 11.2.0 version for [org.hibernate.dialect.OracleDialect] is no longer supported, hence certain features may not work properly.The minimum supported version is 19.0.0. Check the community dialects project for available legacy versions.
2026-09-20T16:12:12.462+05:30  WARN 6464 --- [smartmetro-api] [restartedMain] org.hibernate.orm.jdbc                   : HHH100123: Low default JDBC fetch size: 10 (consider setting 'hibernate.jdbc.fetch_size')
2026-09-20T16:12:12.465+05:30  INFO 6464 --- [smartmetro-api] [restartedMain] org.hibernate.orm.connections.pooling    : HHH10001005: Database info:
	Database JDBC URL [jdbc:oracle:thin:@localhost:1521:xe]
	Database driver: Oracle JDBC driver
	Database dialect: OracleDialect
	Database version: 11.2
	Default catalog/schema: undefined/SYSTEM
	Autocommit mode: undefined/unknown
	Isolation level: READ_COMMITTED [default READ_COMMITTED]
	JDBC fetch size: 10
	Pool: DataSourceConnectionProvider
	Minimum pool size: undefined/unknown
	Maximum pool size: undefined/unknown
2026-09-20T16:12:12.653+05:30 ERROR 6464 --- [smartmetro-api] [restartedMain] j.LocalContainerEntityManagerFactoryBean : Failed to initialize JPA EntityManagerFactory: Property 'com.smartmetro.entity.RouteStation.route' is a '@ManyToOne' association and may not use '@Column' to specify column mappings (use '@JoinColumn' instead)
2026-09-20T16:12:12.654+05:30  WARN 6464 --- [smartmetro-api] [restartedMain] ConfigServletWebServerApplicationContext : Exception encountered during context initialization - cancelling refresh attempt: org.springframework.beans.factory.BeanCreationException: Error creating bean with name 'entityManagerFactory' defined in class path resource [org/springframework/boot/hibernate/autoconfigure/HibernateJpaConfiguration.class]: Property 'com.smartmetro.entity.RouteStation.route' is a '@ManyToOne' association and may not use '@Column' to specify column mappings (use '@JoinColumn' instead)
2026-09-20T16:12:12.655+05:30  INFO 6464 --- [smartmetro-api] [restartedMain] com.zaxxer.hikari.HikariDataSource       : HikariPool-1 - Shutdown initiated...
2026-09-20T16:12:12.669+05:30  INFO 6464 --- [smartmetro-api] [restartedMain] com.zaxxer.hikari.HikariDataSource       : HikariPool-1 - Shutdown completed.
2026-09-20T16:12:12.673+05:30  INFO 6464 --- [smartmetro-api] [restartedMain] o.apache.catalina.core.StandardService   : Stopping service [Tomcat]
2026-09-20T16:12:12.688+05:30  INFO 6464 --- [smartmetro-api] [restartedMain] .s.b.a.l.ConditionEvaluationReportLogger : 

Error starting ApplicationContext. To display the condition evaluation report re-run your application with 'debug' enabled.
2026-09-20T16:12:12.704+05:30 ERROR 6464 --- [smartmetro-api] [restartedMain] o.s.boot.SpringApplication               : Application run failed

org.springframework.beans.factory.BeanCreationException: Error creating bean with name 'entityManagerFactory' defined in class path resource [org/springframework/boot/hibernate/autoconfigure/HibernateJpaConfiguration.class]: Property 'com.smartmetro.entity.RouteStation.route' is a '@ManyToOne' association and may not use '@Column' to specify column mappings (use '@JoinColumn' instead)
	at org.springframework.beans.factory.support.AbstractAutowireCapableBeanFactory.initializeBean(AbstractAutowireCapableBeanFactory.java:1815) ~[spring-beans-7.0.8.jar:7.0.8]
	at org.springframework.beans.factory.support.AbstractAutowireCapableBeanFactory.doCreateBean(AbstractAutowireCapableBeanFactory.java:603) ~[spring-beans-7.0.8.jar:7.0.8]
	at org.springframework.beans.factory.support.AbstractAutowireCapableBeanFactory.createBean(AbstractAutowireCapableBeanFactory.java:525) ~[spring-beans-7.0.8.jar:7.0.8]
	at org.springframework.beans.factory.support.AbstractBeanFactory.lambda$doGetBean$0(AbstractBeanFactory.java:333) ~[spring-beans-7.0.8.jar:7.0.8]
	at org.springframework.beans.factory.support.DefaultSingletonBeanRegistry.getSingleton(DefaultSingletonBeanRegistry.java:371) ~[spring-beans-7.0.8.jar:7.0.8]
	at org.springframework.beans.factory.support.AbstractBeanFactory.doGetBean(AbstractBeanFactory.java:331) ~[spring-beans-7.0.8.jar:7.0.8]
	at org.springframework.beans.factory.support.AbstractBeanFactory.getBean(AbstractBeanFactory.java:201) ~[spring-beans-7.0.8.jar:7.0.8]
	at org.springframework.context.support.AbstractApplicationContext.finishBeanFactoryInitialization(AbstractApplicationContext.java:977) ~[spring-context-7.0.8.jar:7.0.8]
	at org.springframework.context.support.AbstractApplicationContext.refresh(AbstractApplicationContext.java:621) ~[spring-context-7.0.8.jar:7.0.8]
	at org.springframework.boot.web.server.servlet.context.ServletWebServerApplicationContext.refresh(ServletWebServerApplicationContext.java:143) ~[spring-boot-web-server-4.1.0.jar:4.1.0]
	at org.springframework.boot.SpringApplication.refresh(SpringApplication.java:756) ~[spring-boot-4.1.0.jar:4.1.0]
	at org.springframework.boot.SpringApplication.refreshContext(SpringApplication.java:445) ~[spring-boot-4.1.0.jar:4.1.0]
	at org.springframework.boot.SpringApplication.run(SpringApplication.java:321) ~[spring-boot-4.1.0.jar:4.1.0]
	at org.springframework.boot.SpringApplication.run(SpringApplication.java:1365) ~[spring-boot-4.1.0.jar:4.1.0]
	at org.springframework.boot.SpringApplication.run(SpringApplication.java:1354) ~[spring-boot-4.1.0.jar:4.1.0]
	at com.smartmetro.SmartmetroApiApplication.main(SmartmetroApiApplication.java:11) ~[main/:na]
	at java.base/jdk.internal.reflect.DirectMethodHandleAccessor.invoke(DirectMethodHandleAccessor.java:104) ~[na:na]
	at java.base/java.lang.reflect.Method.invoke(Method.java:565) ~[na:na]
	at org.springframework.boot.devtools.restart.RestartLauncher.run(RestartLauncher.java:52) ~[spring-boot-devtools-4.1.0.jar:4.1.0]
Caused by: org.hibernate.AnnotationException: Property 'com.smartmetro.entity.RouteStation.route' is a '@ManyToOne' association and may not use '@Column' to specify column mappings (use '@JoinColumn' instead)
	at org.hibernate.boot.model.internal.ToOneBinder.bindManyToOne(ToOneBinder.java:81) ~[hibernate-core-7.4.1.Final.jar:7.4.1.Final]
	at org.hibernate.boot.model.internal.PropertyBinder.bindProperty(PropertyBinder.java:899) ~[hibernate-core-7.4.1.Final.jar:7.4.1.Final]
	at org.hibernate.boot.model.internal.PropertyBinder.buildProperty(PropertyBinder.java:831) ~[hibernate-core-7.4.1.Final.jar:7.4.1.Final]
	at org.hibernate.boot.model.internal.PropertyBinder.processElementAnnotations(PropertyBinder.java:758) ~[hibernate-core-7.4.1.Final.jar:7.4.1.Final]
	at org.hibernate.boot.model.internal.EntityBinder.processIdPropertiesIfNotAlready(EntityBinder.java:1132) ~[hibernate-core-7.4.1.Final.jar:7.4.1.Final]
	at org.hibernate.boot.model.internal.EntityBinder.handleIdentifier(EntityBinder.java:443) ~[hibernate-core-7.4.1.Final.jar:7.4.1.Final]
	at org.hibernate.boot.model.internal.EntityBinder.bindEntityClass(EntityBinder.java:259) ~[hibernate-core-7.4.1.Final.jar:7.4.1.Final]
	at org.hibernate.boot.model.internal.AnnotationBinder.bindClass(AnnotationBinder.java:247) ~[hibernate-core-7.4.1.Final.jar:7.4.1.Final]
	at org.hibernate.boot.model.source.internal.annotations.AnnotationMetadataSourceProcessorImpl.processEntityHierarchies(AnnotationMetadataSourceProcessorImpl.java:197) ~[hibernate-core-7.4.1.Final.jar:7.4.1.Final]
	at org.hibernate.boot.model.process.spi.MetadataBuildingProcess$1.processEntityHierarchies(MetadataBuildingProcess.java:323) ~[hibernate-core-7.4.1.Final.jar:7.4.1.Final]
	at org.hibernate.boot.model.process.spi.MetadataBuildingProcess.coordinateProcessors(MetadataBuildingProcess.java:356) ~[hibernate-core-7.4.1.Final.jar:7.4.1.Final]
	at org.hibernate.boot.model.process.spi.MetadataBuildingProcess.complete(MetadataBuildingProcess.java:209) ~[hibernate-core-7.4.1.Final.jar:7.4.1.Final]
	at org.hibernate.jpa.boot.internal.EntityManagerFactoryBuilderImpl.metadata(EntityManagerFactoryBuilderImpl.java:1388) ~[hibernate-core-7.4.1.Final.jar:7.4.1.Final]
	at org.hibernate.jpa.boot.internal.EntityManagerFactoryBuilderImpl.populateSessionFactoryBuilder(EntityManagerFactoryBuilderImpl.java:1468) ~[hibernate-core-7.4.1.Final.jar:7.4.1.Final]
	at org.hibernate.jpa.boot.internal.EntityManagerFactoryBuilderImpl.build(EntityManagerFactoryBuilderImpl.java:1450) ~[hibernate-core-7.4.1.Final.jar:7.4.1.Final]
	at org.springframework.orm.jpa.vendor.SpringHibernateJpaPersistenceProvider.createContainerEntityManagerFactory(SpringHibernateJpaPersistenceProvider.java:93) ~[spring-orm-7.0.8.jar:7.0.8]
	at org.springframework.orm.jpa.LocalContainerEntityManagerFactoryBean.createNativeEntityManagerFactory(LocalContainerEntityManagerFactoryBean.java:443) ~[spring-orm-7.0.8.jar:7.0.8]
	at org.springframework.orm.jpa.AbstractEntityManagerFactoryBean.buildNativeEntityManagerFactory(AbstractEntityManagerFactoryBean.java:436) ~[spring-orm-7.0.8.jar:7.0.8]
	at org.springframework.orm.jpa.AbstractEntityManagerFactoryBean.afterPropertiesSet(AbstractEntityManagerFactoryBean.java:411) ~[spring-orm-7.0.8.jar:7.0.8]
	at org.springframework.orm.jpa.LocalContainerEntityManagerFactoryBean.afterPropertiesSet(LocalContainerEntityManagerFactoryBean.java:419) ~[spring-orm-7.0.8.jar:7.0.8]
	at org.springframework.beans.factory.support.AbstractAutowireCapableBeanFactory.invokeInitMethods(AbstractAutowireCapableBeanFactory.java:1862) ~[spring-beans-7.0.8.jar:7.0.8]
	at org.springframework.beans.factory.support.AbstractAutowireCapableBeanFactory.initializeBean(AbstractAutowireCapableBeanFactory.java:1811) ~[spring-beans-7.0.8.jar:7.0.8]
	... 18 common frames omitted

2026-09-20T16:14:53.629+05:30  INFO 9852 --- [smartmetro-api] [restartedMain] c.smartmetro.SmartmetroApiApplication    : Starting SmartmetroApiApplication using Java 24.0.1 with PID 9852 (C:\Users\SHASHANK\Downloads\smartmetro-api\smartmetro-api\build\classes\java\main started by SHASHANK in C:\Users\SHASHANK\Downloads\smartmetro-api\smartmetro-api)
2026-09-20T16:14:53.631+05:30 DEBUG 9852 --- [smartmetro-api] [restartedMain] c.smartmetro.SmartmetroApiApplication    : Running with Spring Boot v4.1.0, Spring v7.0.8
2026-09-20T16:14:53.632+05:30  INFO 9852 --- [smartmetro-api] [restartedMain] c.smartmetro.SmartmetroApiApplication    : The following 1 profile is active: "uat"
2026-09-20T16:14:53.696+05:30  INFO 9852 --- [smartmetro-api] [restartedMain] o.s.b.devtools.restart.ChangeableUrls    : The Class-Path manifest attribute in C:\Users\SHASHANK\.gradle\caches\modules-2\files-2.1\com.oracle.database.jdbc\ojdbc11\23.26.2.0.0\2462b603e435c9a2707f41a1896e5b5be6f36520\ojdbc11-23.26.2.0.0.jar referenced one or more files that do not exist: file:/C:/Users/SHASHANK/.gradle/caches/modules-2/files-2.1/com.oracle.database.jdbc/ojdbc11/23.26.2.0.0/2462b603e435c9a2707f41a1896e5b5be6f36520/oraclepki.jar
2026-09-20T16:14:53.696+05:30  INFO 9852 --- [smartmetro-api] [restartedMain] .e.DevToolsPropertyDefaultsPostProcessor : Devtools property defaults active! Set 'spring.devtools.add-properties' to 'false' to disable
2026-09-20T16:14:53.696+05:30  INFO 9852 --- [smartmetro-api] [restartedMain] .e.DevToolsPropertyDefaultsPostProcessor : For additional web related logging consider setting the 'logging.level.web' property to 'DEBUG'
2026-09-20T16:14:54.723+05:30  INFO 9852 --- [smartmetro-api] [restartedMain] .s.d.r.c.RepositoryConfigurationDelegate : Multiple Spring Data modules found, entering strict repository configuration mode
2026-09-20T16:14:54.726+05:30  INFO 9852 --- [smartmetro-api] [restartedMain] .s.d.r.c.RepositoryConfigurationDelegate : Bootstrapping Spring Data JPA repositories in DEFAULT mode.
2026-09-20T16:14:54.806+05:30  INFO 9852 --- [smartmetro-api] [restartedMain] .s.d.r.c.RepositoryConfigurationDelegate : Finished Spring Data repository scanning in 71 ms. Found 8 JPA repository interfaces.
2026-09-20T16:14:54.855+05:30  INFO 9852 --- [smartmetro-api] [restartedMain] .s.d.r.c.RepositoryConfigurationDelegate : Multiple Spring Data modules found, entering strict repository configuration mode
2026-09-20T16:14:54.856+05:30  INFO 9852 --- [smartmetro-api] [restartedMain] .s.d.r.c.RepositoryConfigurationDelegate : Bootstrapping Spring Data MongoDB repositories in DEFAULT mode.
2026-09-20T16:14:54.868+05:30  INFO 9852 --- [smartmetro-api] [restartedMain] .RepositoryConfigurationExtensionSupport : Spring Data MongoDB - Could not safely identify store assignment for repository candidate interface com.smartmetro.repository.MetroCardRepository; If you want this repository to be a MongoDB repository, consider annotating your entities with one of these annotations: org.springframework.data.mongodb.core.mapping.Document (preferred), or consider extending one of the following types with your repository: org.springframework.data.mongodb.repository.MongoRepository
2026-09-20T16:14:54.869+05:30  INFO 9852 --- [smartmetro-api] [restartedMain] .RepositoryConfigurationExtensionSupport : Spring Data MongoDB - Could not safely identify store assignment for repository candidate interface com.smartmetro.repository.PaymentRepository; If you want this repository to be a MongoDB repository, consider annotating your entities with one of these annotations: org.springframework.data.mongodb.core.mapping.Document (preferred), or consider extending one of the following types with your repository: org.springframework.data.mongodb.repository.MongoRepository
2026-09-20T16:14:54.869+05:30  INFO 9852 --- [smartmetro-api] [restartedMain] .RepositoryConfigurationExtensionSupport : Spring Data MongoDB - Could not safely identify store assignment for repository candidate interface com.smartmetro.repository.RouteRepository; If you want this repository to be a MongoDB repository, consider annotating your entities with one of these annotations: org.springframework.data.mongodb.core.mapping.Document (preferred), or consider extending one of the following types with your repository: org.springframework.data.mongodb.repository.MongoRepository
2026-09-20T16:14:54.870+05:30  INFO 9852 --- [smartmetro-api] [restartedMain] .RepositoryConfigurationExtensionSupport : Spring Data MongoDB - Could not safely identify store assignment for repository candidate interface com.smartmetro.repository.RouteStationRepository; If you want this repository to be a MongoDB repository, consider annotating your entities with one of these annotations: org.springframework.data.mongodb.core.mapping.Document (preferred), or consider extending one of the following types with your repository: org.springframework.data.mongodb.repository.MongoRepository
2026-09-20T16:14:54.871+05:30  INFO 9852 --- [smartmetro-api] [restartedMain] .RepositoryConfigurationExtensionSupport : Spring Data MongoDB - Could not safely identify store assignment for repository candidate interface com.smartmetro.repository.StationRepository; If you want this repository to be a MongoDB repository, consider annotating your entities with one of these annotations: org.springframework.data.mongodb.core.mapping.Document (preferred), or consider extending one of the following types with your repository: org.springframework.data.mongodb.repository.MongoRepository
2026-09-20T16:14:54.871+05:30  INFO 9852 --- [smartmetro-api] [restartedMain] .RepositoryConfigurationExtensionSupport : Spring Data MongoDB - Could not safely identify store assignment for repository candidate interface com.smartmetro.repository.TransactionRepository; If you want this repository to be a MongoDB repository, consider annotating your entities with one of these annotations: org.springframework.data.mongodb.core.mapping.Document (preferred), or consider extending one of the following types with your repository: org.springframework.data.mongodb.repository.MongoRepository
2026-09-20T16:14:54.872+05:30  INFO 9852 --- [smartmetro-api] [restartedMain] .RepositoryConfigurationExtensionSupport : Spring Data MongoDB - Could not safely identify store assignment for repository candidate interface com.smartmetro.repository.TripRepository; If you want this repository to be a MongoDB repository, consider annotating your entities with one of these annotations: org.springframework.data.mongodb.core.mapping.Document (preferred), or consider extending one of the following types with your repository: org.springframework.data.mongodb.repository.MongoRepository
2026-09-20T16:14:54.874+05:30  INFO 9852 --- [smartmetro-api] [restartedMain] .RepositoryConfigurationExtensionSupport : Spring Data MongoDB - Could not safely identify store assignment for repository candidate interface com.smartmetro.repository.UserRepository; If you want this repository to be a MongoDB repository, consider annotating your entities with one of these annotations: org.springframework.data.mongodb.core.mapping.Document (preferred), or consider extending one of the following types with your repository: org.springframework.data.mongodb.repository.MongoRepository
2026-09-20T16:14:54.875+05:30  INFO 9852 --- [smartmetro-api] [restartedMain] .s.d.r.c.RepositoryConfigurationDelegate : Finished Spring Data repository scanning in 16 ms. Found 0 MongoDB repository interfaces.
2026-09-20T16:14:55.677+05:30  INFO 9852 --- [smartmetro-api] [restartedMain] o.s.boot.tomcat.TomcatWebServer          : Tomcat initialized with port 8084 (http)
2026-09-20T16:14:55.699+05:30  INFO 9852 --- [smartmetro-api] [restartedMain] o.apache.catalina.core.StandardService   : Starting service [Tomcat]
2026-09-20T16:14:55.700+05:30  INFO 9852 --- [smartmetro-api] [restartedMain] o.apache.catalina.core.StandardEngine    : Starting Servlet engine: [Apache Tomcat/11.0.22]
2026-09-20T16:14:55.753+05:30  INFO 9852 --- [smartmetro-api] [restartedMain] b.w.c.s.WebApplicationContextInitializer : Root WebApplicationContext: initialization completed in 2055 ms
2026-09-20T16:14:56.179+05:30  INFO 9852 --- [smartmetro-api] [restartedMain] com.zaxxer.hikari.HikariDataSource       : HikariPool-1 - Starting...
2026-09-20T16:14:56.631+05:30  INFO 9852 --- [smartmetro-api] [restartedMain] com.zaxxer.hikari.pool.HikariPool        : HikariPool-1 - Added connection oracle.jdbc.driver.T4CConnection@78baf3a2
2026-09-20T16:14:56.634+05:30  INFO 9852 --- [smartmetro-api] [restartedMain] com.zaxxer.hikari.HikariDataSource       : HikariPool-1 - Start completed.
2026-09-20T16:14:56.675+05:30  INFO 9852 --- [smartmetro-api] [restartedMain] org.hibernate.orm.jpa                    : HHH008540: Processing PersistenceUnitInfo [name: default]
2026-09-20T16:14:56.736+05:30  INFO 9852 --- [smartmetro-api] [restartedMain] org.hibernate.orm.core                   : HHH000001: Hibernate ORM core version 7.4.1.Final
2026-09-20T16:14:57.323+05:30  INFO 9852 --- [smartmetro-api] [restartedMain] o.s.o.j.p.SpringPersistenceUnitInfo      : No LoadTimeWeaver setup: ignoring JPA class transformer
2026-09-20T16:14:57.625+05:30  WARN 9852 --- [smartmetro-api] [restartedMain] org.hibernate.orm.core                   : HHH000511: The 11.2.0 version for [org.hibernate.dialect.OracleDialect] is no longer supported, hence certain features may not work properly.The minimum supported version is 19.0.0. Check the community dialects project for available legacy versions.
2026-09-20T16:14:57.655+05:30  WARN 9852 --- [smartmetro-api] [restartedMain] org.hibernate.orm.jdbc                   : HHH100123: Low default JDBC fetch size: 10 (consider setting 'hibernate.jdbc.fetch_size')
2026-09-20T16:14:57.662+05:30  INFO 9852 --- [smartmetro-api] [restartedMain] org.hibernate.orm.connections.pooling    : HHH10001005: Database info:
	Database JDBC URL [jdbc:oracle:thin:@localhost:1521:xe]
	Database driver: Oracle JDBC driver
	Database dialect: OracleDialect
	Database version: 11.2
	Default catalog/schema: undefined/SYSTEM
	Autocommit mode: undefined/unknown
	Isolation level: READ_COMMITTED [default READ_COMMITTED]
	JDBC fetch size: 10
	Pool: DataSourceConnectionProvider
	Minimum pool size: undefined/unknown
	Maximum pool size: undefined/unknown
2026-09-20T16:14:58.101+05:30 ERROR 9852 --- [smartmetro-api] [restartedMain] j.LocalContainerEntityManagerFactoryBean : Failed to initialize JPA EntityManagerFactory: Unable to build Hibernate SessionFactory  [persistence unit: default] ; nested exception is org.hibernate.MappingException: Column 'card_id' is duplicated in mapping for entity 'com.smartmetro.entity.TransactionHistory' (use '@Column(insertable=false, updatable=false)' when mapping multiple properties to the same column)
2026-09-20T16:14:58.101+05:30  WARN 9852 --- [smartmetro-api] [restartedMain] ConfigServletWebServerApplicationContext : Exception encountered during context initialization - cancelling refresh attempt: org.springframework.beans.factory.BeanCreationException: Error creating bean with name 'entityManagerFactory' defined in class path resource [org/springframework/boot/hibernate/autoconfigure/HibernateJpaConfiguration.class]: Unable to build Hibernate SessionFactory  [persistence unit: default] ; nested exception is org.hibernate.MappingException: Column 'card_id' is duplicated in mapping for entity 'com.smartmetro.entity.TransactionHistory' (use '@Column(insertable=false, updatable=false)' when mapping multiple properties to the same column)
2026-09-20T16:14:58.103+05:30  INFO 9852 --- [smartmetro-api] [restartedMain] com.zaxxer.hikari.HikariDataSource       : HikariPool-1 - Shutdown initiated...
2026-09-20T16:14:58.122+05:30  INFO 9852 --- [smartmetro-api] [restartedMain] com.zaxxer.hikari.HikariDataSource       : HikariPool-1 - Shutdown completed.
2026-09-20T16:14:58.125+05:30  INFO 9852 --- [smartmetro-api] [restartedMain] o.apache.catalina.core.StandardService   : Stopping service [Tomcat]
2026-09-20T16:14:58.138+05:30  INFO 9852 --- [smartmetro-api] [restartedMain] .s.b.a.l.ConditionEvaluationReportLogger : 

Error starting ApplicationContext. To display the condition evaluation report re-run your application with 'debug' enabled.
2026-09-20T16:14:58.157+05:30 ERROR 9852 --- [smartmetro-api] [restartedMain] o.s.boot.SpringApplication               : Application run failed

org.springframework.beans.factory.BeanCreationException: Error creating bean with name 'entityManagerFactory' defined in class path resource [org/springframework/boot/hibernate/autoconfigure/HibernateJpaConfiguration.class]: Unable to build Hibernate SessionFactory  [persistence unit: default] ; nested exception is org.hibernate.MappingException: Column 'card_id' is duplicated in mapping for entity 'com.smartmetro.entity.TransactionHistory' (use '@Column(insertable=false, updatable=false)' when mapping multiple properties to the same column)
	at org.springframework.beans.factory.support.AbstractAutowireCapableBeanFactory.initializeBean(AbstractAutowireCapableBeanFactory.java:1815) ~[spring-beans-7.0.8.jar:7.0.8]
	at org.springframework.beans.factory.support.AbstractAutowireCapableBeanFactory.doCreateBean(AbstractAutowireCapableBeanFactory.java:603) ~[spring-beans-7.0.8.jar:7.0.8]
	at org.springframework.beans.factory.support.AbstractAutowireCapableBeanFactory.createBean(AbstractAutowireCapableBeanFactory.java:525) ~[spring-beans-7.0.8.jar:7.0.8]
	at org.springframework.beans.factory.support.AbstractBeanFactory.lambda$doGetBean$0(AbstractBeanFactory.java:333) ~[spring-beans-7.0.8.jar:7.0.8]
	at org.springframework.beans.factory.support.DefaultSingletonBeanRegistry.getSingleton(DefaultSingletonBeanRegistry.java:371) ~[spring-beans-7.0.8.jar:7.0.8]
	at org.springframework.beans.factory.support.AbstractBeanFactory.doGetBean(AbstractBeanFactory.java:331) ~[spring-beans-7.0.8.jar:7.0.8]
	at org.springframework.beans.factory.support.AbstractBeanFactory.getBean(AbstractBeanFactory.java:201) ~[spring-beans-7.0.8.jar:7.0.8]
	at org.springframework.context.support.AbstractApplicationContext.finishBeanFactoryInitialization(AbstractApplicationContext.java:977) ~[spring-context-7.0.8.jar:7.0.8]
	at org.springframework.context.support.AbstractApplicationContext.refresh(AbstractApplicationContext.java:621) ~[spring-context-7.0.8.jar:7.0.8]
	at org.springframework.boot.web.server.servlet.context.ServletWebServerApplicationContext.refresh(ServletWebServerApplicationContext.java:143) ~[spring-boot-web-server-4.1.0.jar:4.1.0]
	at org.springframework.boot.SpringApplication.refresh(SpringApplication.java:756) ~[spring-boot-4.1.0.jar:4.1.0]
	at org.springframework.boot.SpringApplication.refreshContext(SpringApplication.java:445) ~[spring-boot-4.1.0.jar:4.1.0]
	at org.springframework.boot.SpringApplication.run(SpringApplication.java:321) ~[spring-boot-4.1.0.jar:4.1.0]
	at org.springframework.boot.SpringApplication.run(SpringApplication.java:1365) ~[spring-boot-4.1.0.jar:4.1.0]
	at org.springframework.boot.SpringApplication.run(SpringApplication.java:1354) ~[spring-boot-4.1.0.jar:4.1.0]
	at com.smartmetro.SmartmetroApiApplication.main(SmartmetroApiApplication.java:11) ~[main/:na]
	at java.base/jdk.internal.reflect.DirectMethodHandleAccessor.invoke(DirectMethodHandleAccessor.java:104) ~[na:na]
	at java.base/java.lang.reflect.Method.invoke(Method.java:565) ~[na:na]
	at org.springframework.boot.devtools.restart.RestartLauncher.run(RestartLauncher.java:52) ~[spring-boot-devtools-4.1.0.jar:4.1.0]
Caused by: jakarta.persistence.PersistenceException: Unable to build Hibernate SessionFactory  [persistence unit: default] ; nested exception is org.hibernate.MappingException: Column 'card_id' is duplicated in mapping for entity 'com.smartmetro.entity.TransactionHistory' (use '@Column(insertable=false, updatable=false)' when mapping multiple properties to the same column)
	at org.springframework.orm.jpa.AbstractEntityManagerFactoryBean.buildNativeEntityManagerFactory(AbstractEntityManagerFactoryBean.java:448) ~[spring-orm-7.0.8.jar:7.0.8]
	at org.springframework.orm.jpa.AbstractEntityManagerFactoryBean.afterPropertiesSet(AbstractEntityManagerFactoryBean.java:411) ~[spring-orm-7.0.8.jar:7.0.8]
	at org.springframework.orm.jpa.LocalContainerEntityManagerFactoryBean.afterPropertiesSet(LocalContainerEntityManagerFactoryBean.java:419) ~[spring-orm-7.0.8.jar:7.0.8]
	at org.springframework.beans.factory.support.AbstractAutowireCapableBeanFactory.invokeInitMethods(AbstractAutowireCapableBeanFactory.java:1862) ~[spring-beans-7.0.8.jar:7.0.8]
	at org.springframework.beans.factory.support.AbstractAutowireCapableBeanFactory.initializeBean(AbstractAutowireCapableBeanFactory.java:1811) ~[spring-beans-7.0.8.jar:7.0.8]
	... 18 common frames omitted
Caused by: org.hibernate.MappingException: Column 'card_id' is duplicated in mapping for entity 'com.smartmetro.entity.TransactionHistory' (use '@Column(insertable=false, updatable=false)' when mapping multiple properties to the same column)
	at org.hibernate.mapping.Value.checkColumnDuplication(Value.java:214) ~[hibernate-core-7.4.1.Final.jar:7.4.1.Final]
	at org.hibernate.mapping.MappingHelper.checkPropertyColumnDuplication(MappingHelper.java:112) ~[hibernate-core-7.4.1.Final.jar:7.4.1.Final]
	at org.hibernate.mapping.PersistentClass.checkColumnDuplication(PersistentClass.java:971) ~[hibernate-core-7.4.1.Final.jar:7.4.1.Final]
	at org.hibernate.mapping.PersistentClass.validate(PersistentClass.java:718) ~[hibernate-core-7.4.1.Final.jar:7.4.1.Final]
	at org.hibernate.mapping.RootClass.validate(RootClass.java:286) ~[hibernate-core-7.4.1.Final.jar:7.4.1.Final]
	at org.hibernate.boot.internal.MetadataImpl.validate(MetadataImpl.java:464) ~[hibernate-core-7.4.1.Final.jar:7.4.1.Final]
	at org.hibernate.internal.SessionFactoryImpl.<init>(SessionFactoryImpl.java:269) ~[hibernate-core-7.4.1.Final.jar:7.4.1.Final]
	at org.hibernate.internal.SessionFactoryRegistry.instantiateSessionFactory(SessionFactoryRegistry.java:64) ~[hibernate-core-7.4.1.Final.jar:7.4.1.Final]
	at org.hibernate.boot.internal.SessionFactoryBuilderImpl.build(SessionFactoryBuilderImpl.java:458) ~[hibernate-core-7.4.1.Final.jar:7.4.1.Final]
	at org.hibernate.jpa.boot.internal.EntityManagerFactoryBuilderImpl.build(EntityManagerFactoryBuilderImpl.java:1452) ~[hibernate-core-7.4.1.Final.jar:7.4.1.Final]
	at org.springframework.orm.jpa.vendor.SpringHibernateJpaPersistenceProvider.createContainerEntityManagerFactory(SpringHibernateJpaPersistenceProvider.java:93) ~[spring-orm-7.0.8.jar:7.0.8]
	at org.springframework.orm.jpa.LocalContainerEntityManagerFactoryBean.createNativeEntityManagerFactory(LocalContainerEntityManagerFactoryBean.java:443) ~[spring-orm-7.0.8.jar:7.0.8]
	at org.springframework.orm.jpa.AbstractEntityManagerFactoryBean.buildNativeEntityManagerFactory(AbstractEntityManagerFactoryBean.java:436) ~[spring-orm-7.0.8.jar:7.0.8]
	... 22 common frames omitted

2026-09-20T16:15:51.144+05:30  INFO 2936 --- [smartmetro-api] [restartedMain] c.smartmetro.SmartmetroApiApplication    : Starting SmartmetroApiApplication using Java 24.0.1 with PID 2936 (C:\Users\SHASHANK\Downloads\smartmetro-api\smartmetro-api\build\classes\java\main started by SHASHANK in C:\Users\SHASHANK\Downloads\smartmetro-api\smartmetro-api)
2026-09-20T16:15:51.149+05:30 DEBUG 2936 --- [smartmetro-api] [restartedMain] c.smartmetro.SmartmetroApiApplication    : Running with Spring Boot v4.1.0, Spring v7.0.8
2026-09-20T16:15:51.149+05:30  INFO 2936 --- [smartmetro-api] [restartedMain] c.smartmetro.SmartmetroApiApplication    : The following 1 profile is active: "uat"
2026-09-20T16:15:51.226+05:30  INFO 2936 --- [smartmetro-api] [restartedMain] o.s.b.devtools.restart.ChangeableUrls    : The Class-Path manifest attribute in C:\Users\SHASHANK\.gradle\caches\modules-2\files-2.1\com.oracle.database.jdbc\ojdbc11\23.26.2.0.0\2462b603e435c9a2707f41a1896e5b5be6f36520\ojdbc11-23.26.2.0.0.jar referenced one or more files that do not exist: file:/C:/Users/SHASHANK/.gradle/caches/modules-2/files-2.1/com.oracle.database.jdbc/ojdbc11/23.26.2.0.0/2462b603e435c9a2707f41a1896e5b5be6f36520/oraclepki.jar
2026-09-20T16:15:51.226+05:30  INFO 2936 --- [smartmetro-api] [restartedMain] .e.DevToolsPropertyDefaultsPostProcessor : Devtools property defaults active! Set 'spring.devtools.add-properties' to 'false' to disable
2026-09-20T16:15:51.226+05:30  INFO 2936 --- [smartmetro-api] [restartedMain] .e.DevToolsPropertyDefaultsPostProcessor : For additional web related logging consider setting the 'logging.level.web' property to 'DEBUG'
2026-09-20T16:15:52.297+05:30  INFO 2936 --- [smartmetro-api] [restartedMain] .s.d.r.c.RepositoryConfigurationDelegate : Multiple Spring Data modules found, entering strict repository configuration mode
2026-09-20T16:15:52.299+05:30  INFO 2936 --- [smartmetro-api] [restartedMain] .s.d.r.c.RepositoryConfigurationDelegate : Bootstrapping Spring Data JPA repositories in DEFAULT mode.
2026-09-20T16:15:52.392+05:30  INFO 2936 --- [smartmetro-api] [restartedMain] .s.d.r.c.RepositoryConfigurationDelegate : Finished Spring Data repository scanning in 80 ms. Found 8 JPA repository interfaces.
2026-09-20T16:15:52.444+05:30  INFO 2936 --- [smartmetro-api] [restartedMain] .s.d.r.c.RepositoryConfigurationDelegate : Multiple Spring Data modules found, entering strict repository configuration mode
2026-09-20T16:15:52.444+05:30  INFO 2936 --- [smartmetro-api] [restartedMain] .s.d.r.c.RepositoryConfigurationDelegate : Bootstrapping Spring Data MongoDB repositories in DEFAULT mode.
2026-09-20T16:15:52.451+05:30  INFO 2936 --- [smartmetro-api] [restartedMain] .RepositoryConfigurationExtensionSupport : Spring Data MongoDB - Could not safely identify store assignment for repository candidate interface com.smartmetro.repository.MetroCardRepository; If you want this repository to be a MongoDB repository, consider annotating your entities with one of these annotations: org.springframework.data.mongodb.core.mapping.Document (preferred), or consider extending one of the following types with your repository: org.springframework.data.mongodb.repository.MongoRepository
2026-09-20T16:15:52.452+05:30  INFO 2936 --- [smartmetro-api] [restartedMain] .RepositoryConfigurationExtensionSupport : Spring Data MongoDB - Could not safely identify store assignment for repository candidate interface com.smartmetro.repository.PaymentRepository; If you want this repository to be a MongoDB repository, consider annotating your entities with one of these annotations: org.springframework.data.mongodb.core.mapping.Document (preferred), or consider extending one of the following types with your repository: org.springframework.data.mongodb.repository.MongoRepository
2026-09-20T16:15:52.452+05:30  INFO 2936 --- [smartmetro-api] [restartedMain] .RepositoryConfigurationExtensionSupport : Spring Data MongoDB - Could not safely identify store assignment for repository candidate interface com.smartmetro.repository.RouteRepository; If you want this repository to be a MongoDB repository, consider annotating your entities with one of these annotations: org.springframework.data.mongodb.core.mapping.Document (preferred), or consider extending one of the following types with your repository: org.springframework.data.mongodb.repository.MongoRepository
2026-09-20T16:15:52.452+05:30  INFO 2936 --- [smartmetro-api] [restartedMain] .RepositoryConfigurationExtensionSupport : Spring Data MongoDB - Could not safely identify store assignment for repository candidate interface com.smartmetro.repository.RouteStationRepository; If you want this repository to be a MongoDB repository, consider annotating your entities with one of these annotations: org.springframework.data.mongodb.core.mapping.Document (preferred), or consider extending one of the following types with your repository: org.springframework.data.mongodb.repository.MongoRepository
2026-09-20T16:15:52.452+05:30  INFO 2936 --- [smartmetro-api] [restartedMain] .RepositoryConfigurationExtensionSupport : Spring Data MongoDB - Could not safely identify store assignment for repository candidate interface com.smartmetro.repository.StationRepository; If you want this repository to be a MongoDB repository, consider annotating your entities with one of these annotations: org.springframework.data.mongodb.core.mapping.Document (preferred), or consider extending one of the following types with your repository: org.springframework.data.mongodb.repository.MongoRepository
2026-09-20T16:15:52.452+05:30  INFO 2936 --- [smartmetro-api] [restartedMain] .RepositoryConfigurationExtensionSupport : Spring Data MongoDB - Could not safely identify store assignment for repository candidate interface com.smartmetro.repository.TransactionRepository; If you want this repository to be a MongoDB repository, consider annotating your entities with one of these annotations: org.springframework.data.mongodb.core.mapping.Document (preferred), or consider extending one of the following types with your repository: org.springframework.data.mongodb.repository.MongoRepository
2026-09-20T16:15:52.452+05:30  INFO 2936 --- [smartmetro-api] [restartedMain] .RepositoryConfigurationExtensionSupport : Spring Data MongoDB - Could not safely identify store assignment for repository candidate interface com.smartmetro.repository.TripRepository; If you want this repository to be a MongoDB repository, consider annotating your entities with one of these annotations: org.springframework.data.mongodb.core.mapping.Document (preferred), or consider extending one of the following types with your repository: org.springframework.data.mongodb.repository.MongoRepository
2026-09-20T16:15:52.453+05:30  INFO 2936 --- [smartmetro-api] [restartedMain] .RepositoryConfigurationExtensionSupport : Spring Data MongoDB - Could not safely identify store assignment for repository candidate interface com.smartmetro.repository.UserRepository; If you want this repository to be a MongoDB repository, consider annotating your entities with one of these annotations: org.springframework.data.mongodb.core.mapping.Document (preferred), or consider extending one of the following types with your repository: org.springframework.data.mongodb.repository.MongoRepository
2026-09-20T16:15:52.453+05:30  INFO 2936 --- [smartmetro-api] [restartedMain] .s.d.r.c.RepositoryConfigurationDelegate : Finished Spring Data repository scanning in 7 ms. Found 0 MongoDB repository interfaces.
2026-09-20T16:15:53.078+05:30  INFO 2936 --- [smartmetro-api] [restartedMain] o.s.boot.tomcat.TomcatWebServer          : Tomcat initialized with port 8084 (http)
2026-09-20T16:15:53.093+05:30  INFO 2936 --- [smartmetro-api] [restartedMain] o.apache.catalina.core.StandardService   : Starting service [Tomcat]
2026-09-20T16:15:53.094+05:30  INFO 2936 --- [smartmetro-api] [restartedMain] o.apache.catalina.core.StandardEngine    : Starting Servlet engine: [Apache Tomcat/11.0.22]
2026-09-20T16:15:53.134+05:30  INFO 2936 --- [smartmetro-api] [restartedMain] b.w.c.s.WebApplicationContextInitializer : Root WebApplicationContext: initialization completed in 1906 ms
2026-09-20T16:15:53.510+05:30  INFO 2936 --- [smartmetro-api] [restartedMain] com.zaxxer.hikari.HikariDataSource       : HikariPool-1 - Starting...
2026-09-20T16:15:53.866+05:30  INFO 2936 --- [smartmetro-api] [restartedMain] com.zaxxer.hikari.pool.HikariPool        : HikariPool-1 - Added connection oracle.jdbc.driver.T4CConnection@4fccd071
2026-09-20T16:15:53.868+05:30  INFO 2936 --- [smartmetro-api] [restartedMain] com.zaxxer.hikari.HikariDataSource       : HikariPool-1 - Start completed.
2026-09-20T16:15:53.898+05:30  INFO 2936 --- [smartmetro-api] [restartedMain] org.hibernate.orm.jpa                    : HHH008540: Processing PersistenceUnitInfo [name: default]
2026-09-20T16:15:53.952+05:30  INFO 2936 --- [smartmetro-api] [restartedMain] org.hibernate.orm.core                   : HHH000001: Hibernate ORM core version 7.4.1.Final
2026-09-20T16:15:54.469+05:30  INFO 2936 --- [smartmetro-api] [restartedMain] o.s.o.j.p.SpringPersistenceUnitInfo      : No LoadTimeWeaver setup: ignoring JPA class transformer
2026-09-20T16:15:54.722+05:30  WARN 2936 --- [smartmetro-api] [restartedMain] org.hibernate.orm.core                   : HHH000511: The 11.2.0 version for [org.hibernate.dialect.OracleDialect] is no longer supported, hence certain features may not work properly.The minimum supported version is 19.0.0. Check the community dialects project for available legacy versions.
2026-09-20T16:15:54.746+05:30  WARN 2936 --- [smartmetro-api] [restartedMain] org.hibernate.orm.jdbc                   : HHH100123: Low default JDBC fetch size: 10 (consider setting 'hibernate.jdbc.fetch_size')
2026-09-20T16:15:54.751+05:30  INFO 2936 --- [smartmetro-api] [restartedMain] org.hibernate.orm.connections.pooling    : HHH10001005: Database info:
	Database JDBC URL [jdbc:oracle:thin:@localhost:1521:xe]
	Database driver: Oracle JDBC driver
	Database dialect: OracleDialect
	Database version: 11.2
	Default catalog/schema: undefined/SYSTEM
	Autocommit mode: undefined/unknown
	Isolation level: READ_COMMITTED [default READ_COMMITTED]
	JDBC fetch size: 10
	Pool: DataSourceConnectionProvider
	Minimum pool size: undefined/unknown
	Maximum pool size: undefined/unknown
2026-09-20T16:15:56.064+05:30  INFO 2936 --- [smartmetro-api] [restartedMain] org.hibernate.orm.core                   : HHH000489: No JTA platform available (set 'hibernate.transaction.jta.platform' to enable JTA platform integration)
2026-09-20T16:15:56.072+05:30  INFO 2936 --- [smartmetro-api] [restartedMain] j.LocalContainerEntityManagerFactoryBean : Initialized JPA EntityManagerFactory for persistence unit 'default'
2026-09-20T16:15:56.124+05:30  WARN 2936 --- [smartmetro-api] [restartedMain] JpaBaseConfiguration$JpaWebConfiguration : spring.jpa.open-in-view is enabled by default. Therefore, database queries may be performed during view rendering. Explicitly configure spring.jpa.open-in-view to disable this warning
2026-09-20T16:15:56.689+05:30  INFO 2936 --- [smartmetro-api] [restartedMain] org.mongodb.driver.client                : MongoClient with metadata {"driver": {"name": "mongo-java-driver|spring-boot|sync", "version": "5.8.0"}, "os": {"type": "Windows", "name": "Windows 11", "architecture": "amd64", "version": "10.0"}, "platform": "Java/Oracle Corporation/24.0.1+9-30"} created with settings MongoClientSettings{readPreference=primary, writeConcern=WriteConcern{w=null, wTimeout=null ms, journal=null}, retryWrites=true, retryReads=true, readConcern=ReadConcern{level=null}, credential=null, transportSettings=null, commandListeners=[io.micrometer.core.instrument.binder.mongodb.MongoMetricsCommandListener@48e3741e], codecRegistry=ProvidersCodecRegistry{codecProviders=[ValueCodecProvider{}, BsonValueCodecProvider{}, DBRefCodecProvider{}, DBObjectCodecProvider{}, DocumentCodecProvider{}, CollectionCodecProvider{}, IterableCodecProvider{}, MapCodecProvider{}, GeoJsonCodecProvider{}, GridFSFileCodecProvider{}, Jsr310CodecProvider{}, JsonObjectCodecProvider{}, BsonCodecProvider{}, com.mongodb.client.model.mql.ExpressionCodecProvider@5b7e0c71, com.mongodb.Jep395RecordCodecProvider@6d771ea6, com.mongodb.KotlinCodecProvider@48023ecd, EnumCodecProvider{}]}, loggerSettings=LoggerSettings{maxDocumentLength=1000}, clusterSettings={hosts=[localhost:27017], srvServiceName=mongodb, mode=SINGLE, requiredClusterType=UNKNOWN, requiredReplicaSetName='null', serverSelector='null', clusterListeners='[]', serverSelectionTimeout='30000 ms', localThreshold='15 ms'}, socketSettings=SocketSettings{connectTimeoutMS=10000, readTimeoutMS=0, receiveBufferSize=0, proxySettings=ProxySettings{host=null, port=null, username=null, password=null}}, heartbeatSocketSettings=SocketSettings{connectTimeoutMS=10000, readTimeoutMS=10000, receiveBufferSize=0, proxySettings=ProxySettings{host=null, port=null, username=null, password=null}}, connectionPoolSettings=ConnectionPoolSettings{maxSize=100, minSize=0, maxWaitTimeMS=120000, maxConnectionLifeTimeMS=0, maxConnectionIdleTimeMS=0, maintenanceInitialDelayMS=0, maintenanceFrequencyMS=60000, connectionPoolListeners=[io.micrometer.core.instrument.binder.mongodb.MongoMetricsConnectionPoolListener@2fe7ec], maxConnecting=2}, serverSettings=ServerSettings{heartbeatFrequencyMS=10000, minHeartbeatFrequencyMS=500, serverMonitoringMode=AUTO, serverListeners='[]', serverMonitorListeners='[]'}, sslSettings=SslSettings{enabled=false, invalidHostNameAllowed=false, context=null}, applicationName='null', compressorList=[], uuidRepresentation=UNSPECIFIED, serverApi=null, autoEncryptionSettings=null, dnsClient=null, inetAddressResolver=null, contextProvider=null, timeoutMS=null}
2026-09-20T16:15:56.717+05:30  INFO 2936 --- [smartmetro-api] [cluster-6aafb964c6e85efbbcc122ff-localhost:27017] org.mongodb.driver.cluster               : Monitor thread successfully connected to server with description ServerDescription{address=localhost:27017, type=STANDALONE, cryptd=false, state=CONNECTED, ok=true, minWireVersion=0, maxWireVersion=28, maxDocumentSize=16777216, logicalSessionTimeoutMinutes=30, roundTripTimeNanos=47881000, minRoundTripTimeNanos=0}
2026-09-20T16:15:56.862+05:30  INFO 2936 --- [smartmetro-api] [restartedMain] o.s.d.j.r.query.QueryEnhancerFactories   : Hibernate is in classpath; If applicable, HQL parser will be used.
2026-09-20T16:15:57.344+05:30  INFO 2936 --- [smartmetro-api] [restartedMain] o.s.b.a.e.web.EndpointLinksResolver      : Exposing 13 endpoints beneath base path '/actuator'
2026-09-20T16:15:57.423+05:30  INFO 2936 --- [smartmetro-api] [restartedMain] o.s.boot.tomcat.TomcatWebServer          : Tomcat started on port 8084 (http) with context path '/'
2026-09-20T16:15:57.433+05:30  INFO 2936 --- [smartmetro-api] [restartedMain] c.smartmetro.SmartmetroApiApplication    : Started SmartmetroApiApplication in 7.32 seconds (process running for 8.27)
2026-09-20T16:15:57.440+05:30  INFO 2936 --- [smartmetro-api] [restartedMain] c.smartmetro.SmartmetroApiApplication    : SmartmetroApiApplication started
2026-09-20T16:23:13.109+05:30  INFO 2936 --- [smartmetro-api] [http-nio-8084-exec-3] o.a.c.c.C.[Tomcat].[localhost].[/]       : Initializing Spring DispatcherServlet 'dispatcherServlet'
2026-09-20T16:23:13.109+05:30  INFO 2936 --- [smartmetro-api] [http-nio-8084-exec-3] o.s.web.servlet.DispatcherServlet        : Initializing Servlet 'dispatcherServlet'
2026-09-20T16:23:13.111+05:30  INFO 2936 --- [smartmetro-api] [http-nio-8084-exec-3] o.s.web.servlet.DispatcherServlet        : Completed initialization in 2 ms
2026-09-20T16:23:39.989+05:30  INFO 2936 --- [smartmetro-api] [SpringApplicationShutdownHook] o.s.boot.tomcat.GracefulShutdown         : Commencing graceful shutdown. Waiting for active requests to complete
2026-09-20T16:23:39.995+05:30  INFO 2936 --- [smartmetro-api] [tomcat-shutdown] o.s.boot.tomcat.GracefulShutdown         : Graceful shutdown complete
2026-09-20T16:23:40.005+05:30  INFO 2936 --- [smartmetro-api] [SpringApplicationShutdownHook] j.LocalContainerEntityManagerFactoryBean : Closing JPA EntityManagerFactory for persistence unit 'default'
2026-09-20T16:23:40.008+05:30  INFO 2936 --- [smartmetro-api] [SpringApplicationShutdownHook] com.zaxxer.hikari.HikariDataSource       : HikariPool-1 - Shutdown initiated...
2026-09-20T16:23:40.017+05:30  INFO 2936 --- [smartmetro-api] [SpringApplicationShutdownHook] com.zaxxer.hikari.HikariDataSource       : HikariPool-1 - Shutdown completed.
2026-09-20T16:23:44.028+05:30  INFO 25468 --- [smartmetro-api] [restartedMain] c.smartmetro.SmartmetroApiApplication    : Starting SmartmetroApiApplication using Java 24.0.1 with PID 25468 (C:\Users\SHASHANK\Downloads\smartmetro-api\smartmetro-api\build\classes\java\main started by SHASHANK in C:\Users\SHASHANK\Downloads\smartmetro-api\smartmetro-api)
2026-09-20T16:23:44.035+05:30 DEBUG 25468 --- [smartmetro-api] [restartedMain] c.smartmetro.SmartmetroApiApplication    : Running with Spring Boot v4.1.0, Spring v7.0.8
2026-09-20T16:23:44.036+05:30  INFO 25468 --- [smartmetro-api] [restartedMain] c.smartmetro.SmartmetroApiApplication    : The following 1 profile is active: "uat"
2026-09-20T16:23:44.123+05:30  INFO 25468 --- [smartmetro-api] [restartedMain] o.s.b.devtools.restart.ChangeableUrls    : The Class-Path manifest attribute in C:\Users\SHASHANK\.gradle\caches\modules-2\files-2.1\com.oracle.database.jdbc\ojdbc11\23.26.2.0.0\2462b603e435c9a2707f41a1896e5b5be6f36520\ojdbc11-23.26.2.0.0.jar referenced one or more files that do not exist: file:/C:/Users/SHASHANK/.gradle/caches/modules-2/files-2.1/com.oracle.database.jdbc/ojdbc11/23.26.2.0.0/2462b603e435c9a2707f41a1896e5b5be6f36520/oraclepki.jar
2026-09-20T16:23:44.124+05:30  INFO 25468 --- [smartmetro-api] [restartedMain] .e.DevToolsPropertyDefaultsPostProcessor : Devtools property defaults active! Set 'spring.devtools.add-properties' to 'false' to disable
2026-09-20T16:23:44.124+05:30  INFO 25468 --- [smartmetro-api] [restartedMain] .e.DevToolsPropertyDefaultsPostProcessor : For additional web related logging consider setting the 'logging.level.web' property to 'DEBUG'
2026-09-20T16:23:45.527+05:30  INFO 25468 --- [smartmetro-api] [restartedMain] .s.d.r.c.RepositoryConfigurationDelegate : Multiple Spring Data modules found, entering strict repository configuration mode
2026-09-20T16:23:45.529+05:30  INFO 25468 --- [smartmetro-api] [restartedMain] .s.d.r.c.RepositoryConfigurationDelegate : Bootstrapping Spring Data JPA repositories in DEFAULT mode.
2026-09-20T16:23:45.637+05:30  INFO 25468 --- [smartmetro-api] [restartedMain] .s.d.r.c.RepositoryConfigurationDelegate : Finished Spring Data repository scanning in 93 ms. Found 8 JPA repository interfaces.
2026-09-20T16:23:45.691+05:30  INFO 25468 --- [smartmetro-api] [restartedMain] .s.d.r.c.RepositoryConfigurationDelegate : Multiple Spring Data modules found, entering strict repository configuration mode
2026-09-20T16:23:45.691+05:30  INFO 25468 --- [smartmetro-api] [restartedMain] .s.d.r.c.RepositoryConfigurationDelegate : Bootstrapping Spring Data MongoDB repositories in DEFAULT mode.
2026-09-20T16:23:45.699+05:30  INFO 25468 --- [smartmetro-api] [restartedMain] .RepositoryConfigurationExtensionSupport : Spring Data MongoDB - Could not safely identify store assignment for repository candidate interface com.smartmetro.repository.MetroCardRepository; If you want this repository to be a MongoDB repository, consider annotating your entities with one of these annotations: org.springframework.data.mongodb.core.mapping.Document (preferred), or consider extending one of the following types with your repository: org.springframework.data.mongodb.repository.MongoRepository
2026-09-20T16:23:45.700+05:30  INFO 25468 --- [smartmetro-api] [restartedMain] .RepositoryConfigurationExtensionSupport : Spring Data MongoDB - Could not safely identify store assignment for repository candidate interface com.smartmetro.repository.PaymentRepository; If you want this repository to be a MongoDB repository, consider annotating your entities with one of these annotations: org.springframework.data.mongodb.core.mapping.Document (preferred), or consider extending one of the following types with your repository: org.springframework.data.mongodb.repository.MongoRepository
2026-09-20T16:23:45.700+05:30  INFO 25468 --- [smartmetro-api] [restartedMain] .RepositoryConfigurationExtensionSupport : Spring Data MongoDB - Could not safely identify store assignment for repository candidate interface com.smartmetro.repository.RouteRepository; If you want this repository to be a MongoDB repository, consider annotating your entities with one of these annotations: org.springframework.data.mongodb.core.mapping.Document (preferred), or consider extending one of the following types with your repository: org.springframework.data.mongodb.repository.MongoRepository
2026-09-20T16:23:45.700+05:30  INFO 25468 --- [smartmetro-api] [restartedMain] .RepositoryConfigurationExtensionSupport : Spring Data MongoDB - Could not safely identify store assignment for repository candidate interface com.smartmetro.repository.RouteStationRepository; If you want this repository to be a MongoDB repository, consider annotating your entities with one of these annotations: org.springframework.data.mongodb.core.mapping.Document (preferred), or consider extending one of the following types with your repository: org.springframework.data.mongodb.repository.MongoRepository
2026-09-20T16:23:45.700+05:30  INFO 25468 --- [smartmetro-api] [restartedMain] .RepositoryConfigurationExtensionSupport : Spring Data MongoDB - Could not safely identify store assignment for repository candidate interface com.smartmetro.repository.StationRepository; If you want this repository to be a MongoDB repository, consider annotating your entities with one of these annotations: org.springframework.data.mongodb.core.mapping.Document (preferred), or consider extending one of the following types with your repository: org.springframework.data.mongodb.repository.MongoRepository
2026-09-20T16:23:45.700+05:30  INFO 25468 --- [smartmetro-api] [restartedMain] .RepositoryConfigurationExtensionSupport : Spring Data MongoDB - Could not safely identify store assignment for repository candidate interface com.smartmetro.repository.TransactionRepository; If you want this repository to be a MongoDB repository, consider annotating your entities with one of these annotations: org.springframework.data.mongodb.core.mapping.Document (preferred), or consider extending one of the following types with your repository: org.springframework.data.mongodb.repository.MongoRepository
2026-09-20T16:23:45.700+05:30  INFO 25468 --- [smartmetro-api] [restartedMain] .RepositoryConfigurationExtensionSupport : Spring Data MongoDB - Could not safely identify store assignment for repository candidate interface com.smartmetro.repository.TripRepository; If you want this repository to be a MongoDB repository, consider annotating your entities with one of these annotations: org.springframework.data.mongodb.core.mapping.Document (preferred), or consider extending one of the following types with your repository: org.springframework.data.mongodb.repository.MongoRepository
2026-09-20T16:23:45.702+05:30  INFO 25468 --- [smartmetro-api] [restartedMain] .RepositoryConfigurationExtensionSupport : Spring Data MongoDB - Could not safely identify store assignment for repository candidate interface com.smartmetro.repository.UserRepository; If you want this repository to be a MongoDB repository, consider annotating your entities with one of these annotations: org.springframework.data.mongodb.core.mapping.Document (preferred), or consider extending one of the following types with your repository: org.springframework.data.mongodb.repository.MongoRepository
2026-09-20T16:23:45.702+05:30  INFO 25468 --- [smartmetro-api] [restartedMain] .s.d.r.c.RepositoryConfigurationDelegate : Finished Spring Data repository scanning in 9 ms. Found 0 MongoDB repository interfaces.
2026-09-20T16:23:46.442+05:30  INFO 25468 --- [smartmetro-api] [restartedMain] o.s.boot.tomcat.TomcatWebServer          : Tomcat initialized with port 8084 (http)
2026-09-20T16:23:46.461+05:30  INFO 25468 --- [smartmetro-api] [restartedMain] o.apache.catalina.core.StandardService   : Starting service [Tomcat]
2026-09-20T16:23:46.462+05:30  INFO 25468 --- [smartmetro-api] [restartedMain] o.apache.catalina.core.StandardEngine    : Starting Servlet engine: [Apache Tomcat/11.0.22]
2026-09-20T16:23:46.512+05:30  INFO 25468 --- [smartmetro-api] [restartedMain] b.w.c.s.WebApplicationContextInitializer : Root WebApplicationContext: initialization completed in 2386 ms
2026-09-20T16:23:46.935+05:30  INFO 25468 --- [smartmetro-api] [restartedMain] com.zaxxer.hikari.HikariDataSource       : HikariPool-1 - Starting...
2026-09-20T16:23:47.407+05:30  INFO 25468 --- [smartmetro-api] [restartedMain] com.zaxxer.hikari.pool.HikariPool        : HikariPool-1 - Added connection oracle.jdbc.driver.T4CConnection@296fde98
2026-09-20T16:23:47.410+05:30  INFO 25468 --- [smartmetro-api] [restartedMain] com.zaxxer.hikari.HikariDataSource       : HikariPool-1 - Start completed.
2026-09-20T16:23:47.446+05:30  INFO 25468 --- [smartmetro-api] [restartedMain] org.hibernate.orm.jpa                    : HHH008540: Processing PersistenceUnitInfo [name: default]
2026-09-20T16:23:47.506+05:30  INFO 25468 --- [smartmetro-api] [restartedMain] org.hibernate.orm.core                   : HHH000001: Hibernate ORM core version 7.4.1.Final
2026-09-20T16:23:48.409+05:30  INFO 25468 --- [smartmetro-api] [restartedMain] o.s.o.j.p.SpringPersistenceUnitInfo      : No LoadTimeWeaver setup: ignoring JPA class transformer
2026-09-20T16:23:48.789+05:30  WARN 25468 --- [smartmetro-api] [restartedMain] org.hibernate.orm.core                   : HHH000511: The 11.2.0 version for [org.hibernate.dialect.OracleDialect] is no longer supported, hence certain features may not work properly.The minimum supported version is 19.0.0. Check the community dialects project for available legacy versions.
2026-09-20T16:23:48.821+05:30  WARN 25468 --- [smartmetro-api] [restartedMain] org.hibernate.orm.jdbc                   : HHH100123: Low default JDBC fetch size: 10 (consider setting 'hibernate.jdbc.fetch_size')
2026-09-20T16:23:48.826+05:30  INFO 25468 --- [smartmetro-api] [restartedMain] org.hibernate.orm.connections.pooling    : HHH10001005: Database info:
	Database JDBC URL [jdbc:oracle:thin:@localhost:1521:xe]
	Database driver: Oracle JDBC driver
	Database dialect: OracleDialect
	Database version: 11.2
	Default catalog/schema: undefined/SYSTEM
	Autocommit mode: undefined/unknown
	Isolation level: READ_COMMITTED [default READ_COMMITTED]
	JDBC fetch size: 10
	Pool: DataSourceConnectionProvider
	Minimum pool size: undefined/unknown
	Maximum pool size: undefined/unknown
2026-09-20T16:23:50.490+05:30  INFO 25468 --- [smartmetro-api] [restartedMain] org.hibernate.orm.core                   : HHH000489: No JTA platform available (set 'hibernate.transaction.jta.platform' to enable JTA platform integration)
2026-09-20T16:23:50.499+05:30  INFO 25468 --- [smartmetro-api] [restartedMain] j.LocalContainerEntityManagerFactoryBean : Initialized JPA EntityManagerFactory for persistence unit 'default'
2026-09-20T16:23:50.565+05:30  WARN 25468 --- [smartmetro-api] [restartedMain] JpaBaseConfiguration$JpaWebConfiguration : spring.jpa.open-in-view is enabled by default. Therefore, database queries may be performed during view rendering. Explicitly configure spring.jpa.open-in-view to disable this warning
2026-09-20T16:23:51.104+05:30  INFO 25468 --- [smartmetro-api] [restartedMain] org.mongodb.driver.client                : MongoClient with metadata {"driver": {"name": "mongo-java-driver|spring-boot|sync", "version": "5.8.0"}, "os": {"type": "Windows", "name": "Windows 11", "architecture": "amd64", "version": "10.0"}, "platform": "Java/Oracle Corporation/24.0.1+9-30"} created with settings MongoClientSettings{readPreference=primary, writeConcern=WriteConcern{w=null, wTimeout=null ms, journal=null}, retryWrites=true, retryReads=true, readConcern=ReadConcern{level=null}, credential=null, transportSettings=null, commandListeners=[io.micrometer.core.instrument.binder.mongodb.MongoMetricsCommandListener@85992d7], codecRegistry=ProvidersCodecRegistry{codecProviders=[ValueCodecProvider{}, BsonValueCodecProvider{}, DBRefCodecProvider{}, DBObjectCodecProvider{}, DocumentCodecProvider{}, CollectionCodecProvider{}, IterableCodecProvider{}, MapCodecProvider{}, GeoJsonCodecProvider{}, GridFSFileCodecProvider{}, Jsr310CodecProvider{}, JsonObjectCodecProvider{}, BsonCodecProvider{}, com.mongodb.client.model.mql.ExpressionCodecProvider@64801c15, com.mongodb.Jep395RecordCodecProvider@15f4b7f6, com.mongodb.KotlinCodecProvider@2d7595c1, EnumCodecProvider{}]}, loggerSettings=LoggerSettings{maxDocumentLength=1000}, clusterSettings={hosts=[localhost:27017], srvServiceName=mongodb, mode=SINGLE, requiredClusterType=UNKNOWN, requiredReplicaSetName='null', serverSelector='null', clusterListeners='[]', serverSelectionTimeout='30000 ms', localThreshold='15 ms'}, socketSettings=SocketSettings{connectTimeoutMS=10000, readTimeoutMS=0, receiveBufferSize=0, proxySettings=ProxySettings{host=null, port=null, username=null, password=null}}, heartbeatSocketSettings=SocketSettings{connectTimeoutMS=10000, readTimeoutMS=10000, receiveBufferSize=0, proxySettings=ProxySettings{host=null, port=null, username=null, password=null}}, connectionPoolSettings=ConnectionPoolSettings{maxSize=100, minSize=0, maxWaitTimeMS=120000, maxConnectionLifeTimeMS=0, maxConnectionIdleTimeMS=0, maintenanceInitialDelayMS=0, maintenanceFrequencyMS=60000, connectionPoolListeners=[io.micrometer.core.instrument.binder.mongodb.MongoMetricsConnectionPoolListener@4d8b6e6b], maxConnecting=2}, serverSettings=ServerSettings{heartbeatFrequencyMS=10000, minHeartbeatFrequencyMS=500, serverMonitoringMode=AUTO, serverListeners='[]', serverMonitorListeners='[]'}, sslSettings=SslSettings{enabled=false, invalidHostNameAllowed=false, context=null}, applicationName='null', compressorList=[], uuidRepresentation=UNSPECIFIED, serverApi=null, autoEncryptionSettings=null, dnsClient=null, inetAddressResolver=null, contextProvider=null, timeoutMS=null}
2026-09-20T16:23:51.120+05:30  INFO 25468 --- [smartmetro-api] [cluster-6aafbb3e1b897659bc1f43ec-localhost:27017] org.mongodb.driver.cluster               : Monitor thread successfully connected to server with description ServerDescription{address=localhost:27017, type=STANDALONE, cryptd=false, state=CONNECTED, ok=true, minWireVersion=0, maxWireVersion=28, maxDocumentSize=16777216, logicalSessionTimeoutMinutes=30, roundTripTimeNanos=32465000, minRoundTripTimeNanos=0}
2026-09-20T16:23:51.315+05:30  INFO 25468 --- [smartmetro-api] [restartedMain] o.s.d.j.r.query.QueryEnhancerFactories   : Hibernate is in classpath; If applicable, HQL parser will be used.
2026-09-20T16:23:51.800+05:30  INFO 25468 --- [smartmetro-api] [restartedMain] o.s.b.a.e.web.EndpointLinksResolver      : Exposing 13 endpoints beneath base path '/actuator'
2026-09-20T16:23:51.881+05:30  INFO 25468 --- [smartmetro-api] [restartedMain] o.s.boot.tomcat.TomcatWebServer          : Tomcat started on port 8084 (http) with context path '/'
2026-09-20T16:23:51.890+05:30  INFO 25468 --- [smartmetro-api] [restartedMain] c.smartmetro.SmartmetroApiApplication    : Started SmartmetroApiApplication in 8.639 seconds (process running for 9.465)
2026-09-20T16:23:51.900+05:30  INFO 25468 --- [smartmetro-api] [restartedMain] c.smartmetro.SmartmetroApiApplication    : SmartmetroApiApplication started
2026-09-20T16:23:57.158+05:30  INFO 25468 --- [smartmetro-api] [http-nio-8084-exec-1] o.a.c.c.C.[Tomcat].[localhost].[/]       : Initializing Spring DispatcherServlet 'dispatcherServlet'
2026-09-20T16:23:57.158+05:30  INFO 25468 --- [smartmetro-api] [http-nio-8084-exec-1] o.s.web.servlet.DispatcherServlet        : Initializing Servlet 'dispatcherServlet'
2026-09-20T16:23:57.160+05:30  INFO 25468 --- [smartmetro-api] [http-nio-8084-exec-1] o.s.web.servlet.DispatcherServlet        : Completed initialization in 2 ms
2026-09-20T16:27:09.063+05:30  INFO 25468 --- [smartmetro-api] [SpringApplicationShutdownHook] o.s.boot.tomcat.GracefulShutdown         : Commencing graceful shutdown. Waiting for active requests to complete
2026-09-20T16:27:09.069+05:30  INFO 25468 --- [smartmetro-api] [tomcat-shutdown] o.s.boot.tomcat.GracefulShutdown         : Graceful shutdown complete
2026-09-20T16:27:09.076+05:30  INFO 25468 --- [smartmetro-api] [SpringApplicationShutdownHook] j.LocalContainerEntityManagerFactoryBean : Closing JPA EntityManagerFactory for persistence unit 'default'
2026-09-20T16:27:09.079+05:30  INFO 25468 --- [smartmetro-api] [SpringApplicationShutdownHook] com.zaxxer.hikari.HikariDataSource       : HikariPool-1 - Shutdown initiated...
2026-09-20T16:27:09.085+05:30  INFO 25468 --- [smartmetro-api] [SpringApplicationShutdownHook] com.zaxxer.hikari.HikariDataSource       : HikariPool-1 - Shutdown completed.
2026-09-20T16:27:14.642+05:30  INFO 8352 --- [smartmetro-api] [restartedMain] c.smartmetro.SmartmetroApiApplication    : Starting SmartmetroApiApplication using Java 24.0.1 with PID 8352 (C:\Users\SHASHANK\Downloads\smartmetro-api\smartmetro-api\build\classes\java\main started by SHASHANK in C:\Users\SHASHANK\Downloads\smartmetro-api\smartmetro-api)
2026-09-20T16:27:14.646+05:30 DEBUG 8352 --- [smartmetro-api] [restartedMain] c.smartmetro.SmartmetroApiApplication    : Running with Spring Boot v4.1.0, Spring v7.0.8
2026-09-20T16:27:14.647+05:30  INFO 8352 --- [smartmetro-api] [restartedMain] c.smartmetro.SmartmetroApiApplication    : The following 1 profile is active: "uat"
2026-09-20T16:27:14.728+05:30  INFO 8352 --- [smartmetro-api] [restartedMain] o.s.b.devtools.restart.ChangeableUrls    : The Class-Path manifest attribute in C:\Users\SHASHANK\.gradle\caches\modules-2\files-2.1\com.oracle.database.jdbc\ojdbc11\23.26.2.0.0\2462b603e435c9a2707f41a1896e5b5be6f36520\ojdbc11-23.26.2.0.0.jar referenced one or more files that do not exist: file:/C:/Users/SHASHANK/.gradle/caches/modules-2/files-2.1/com.oracle.database.jdbc/ojdbc11/23.26.2.0.0/2462b603e435c9a2707f41a1896e5b5be6f36520/oraclepki.jar
2026-09-20T16:27:14.728+05:30  INFO 8352 --- [smartmetro-api] [restartedMain] .e.DevToolsPropertyDefaultsPostProcessor : Devtools property defaults active! Set 'spring.devtools.add-properties' to 'false' to disable
2026-09-20T16:27:14.728+05:30  INFO 8352 --- [smartmetro-api] [restartedMain] .e.DevToolsPropertyDefaultsPostProcessor : For additional web related logging consider setting the 'logging.level.web' property to 'DEBUG'
2026-09-20T16:27:16.038+05:30  INFO 8352 --- [smartmetro-api] [restartedMain] .s.d.r.c.RepositoryConfigurationDelegate : Multiple Spring Data modules found, entering strict repository configuration mode
2026-09-20T16:27:16.040+05:30  INFO 8352 --- [smartmetro-api] [restartedMain] .s.d.r.c.RepositoryConfigurationDelegate : Bootstrapping Spring Data JPA repositories in DEFAULT mode.
2026-09-20T16:27:16.141+05:30  INFO 8352 --- [smartmetro-api] [restartedMain] .s.d.r.c.RepositoryConfigurationDelegate : Finished Spring Data repository scanning in 87 ms. Found 8 JPA repository interfaces.
2026-09-20T16:27:16.195+05:30  INFO 8352 --- [smartmetro-api] [restartedMain] .s.d.r.c.RepositoryConfigurationDelegate : Multiple Spring Data modules found, entering strict repository configuration mode
2026-09-20T16:27:16.195+05:30  INFO 8352 --- [smartmetro-api] [restartedMain] .s.d.r.c.RepositoryConfigurationDelegate : Bootstrapping Spring Data MongoDB repositories in DEFAULT mode.
2026-09-20T16:27:16.203+05:30  INFO 8352 --- [smartmetro-api] [restartedMain] .RepositoryConfigurationExtensionSupport : Spring Data MongoDB - Could not safely identify store assignment for repository candidate interface com.smartmetro.repository.MetroCardRepository; If you want this repository to be a MongoDB repository, consider annotating your entities with one of these annotations: org.springframework.data.mongodb.core.mapping.Document (preferred), or consider extending one of the following types with your repository: org.springframework.data.mongodb.repository.MongoRepository
2026-09-20T16:27:16.204+05:30  INFO 8352 --- [smartmetro-api] [restartedMain] .RepositoryConfigurationExtensionSupport : Spring Data MongoDB - Could not safely identify store assignment for repository candidate interface com.smartmetro.repository.PaymentRepository; If you want this repository to be a MongoDB repository, consider annotating your entities with one of these annotations: org.springframework.data.mongodb.core.mapping.Document (preferred), or consider extending one of the following types with your repository: org.springframework.data.mongodb.repository.MongoRepository
2026-09-20T16:27:16.204+05:30  INFO 8352 --- [smartmetro-api] [restartedMain] .RepositoryConfigurationExtensionSupport : Spring Data MongoDB - Could not safely identify store assignment for repository candidate interface com.smartmetro.repository.RouteRepository; If you want this repository to be a MongoDB repository, consider annotating your entities with one of these annotations: org.springframework.data.mongodb.core.mapping.Document (preferred), or consider extending one of the following types with your repository: org.springframework.data.mongodb.repository.MongoRepository
2026-09-20T16:27:16.205+05:30  INFO 8352 --- [smartmetro-api] [restartedMain] .RepositoryConfigurationExtensionSupport : Spring Data MongoDB - Could not safely identify store assignment for repository candidate interface com.smartmetro.repository.RouteStationRepository; If you want this repository to be a MongoDB repository, consider annotating your entities with one of these annotations: org.springframework.data.mongodb.core.mapping.Document (preferred), or consider extending one of the following types with your repository: org.springframework.data.mongodb.repository.MongoRepository
2026-09-20T16:27:16.205+05:30  INFO 8352 --- [smartmetro-api] [restartedMain] .RepositoryConfigurationExtensionSupport : Spring Data MongoDB - Could not safely identify store assignment for repository candidate interface com.smartmetro.repository.StationRepository; If you want this repository to be a MongoDB repository, consider annotating your entities with one of these annotations: org.springframework.data.mongodb.core.mapping.Document (preferred), or consider extending one of the following types with your repository: org.springframework.data.mongodb.repository.MongoRepository
2026-09-20T16:27:16.205+05:30  INFO 8352 --- [smartmetro-api] [restartedMain] .RepositoryConfigurationExtensionSupport : Spring Data MongoDB - Could not safely identify store assignment for repository candidate interface com.smartmetro.repository.TransactionRepository; If you want this repository to be a MongoDB repository, consider annotating your entities with one of these annotations: org.springframework.data.mongodb.core.mapping.Document (preferred), or consider extending one of the following types with your repository: org.springframework.data.mongodb.repository.MongoRepository
2026-09-20T16:27:16.206+05:30  INFO 8352 --- [smartmetro-api] [restartedMain] .RepositoryConfigurationExtensionSupport : Spring Data MongoDB - Could not safely identify store assignment for repository candidate interface com.smartmetro.repository.TripRepository; If you want this repository to be a MongoDB repository, consider annotating your entities with one of these annotations: org.springframework.data.mongodb.core.mapping.Document (preferred), or consider extending one of the following types with your repository: org.springframework.data.mongodb.repository.MongoRepository
2026-09-20T16:27:16.206+05:30  INFO 8352 --- [smartmetro-api] [restartedMain] .RepositoryConfigurationExtensionSupport : Spring Data MongoDB - Could not safely identify store assignment for repository candidate interface com.smartmetro.repository.UserRepository; If you want this repository to be a MongoDB repository, consider annotating your entities with one of these annotations: org.springframework.data.mongodb.core.mapping.Document (preferred), or consider extending one of the following types with your repository: org.springframework.data.mongodb.repository.MongoRepository
2026-09-20T16:27:16.206+05:30  INFO 8352 --- [smartmetro-api] [restartedMain] .s.d.r.c.RepositoryConfigurationDelegate : Finished Spring Data repository scanning in 9 ms. Found 0 MongoDB repository interfaces.
2026-09-20T16:27:16.928+05:30  INFO 8352 --- [smartmetro-api] [restartedMain] o.s.boot.tomcat.TomcatWebServer          : Tomcat initialized with port 8084 (http)
2026-09-20T16:27:16.943+05:30  INFO 8352 --- [smartmetro-api] [restartedMain] o.apache.catalina.core.StandardService   : Starting service [Tomcat]
2026-09-20T16:27:16.943+05:30  INFO 8352 --- [smartmetro-api] [restartedMain] o.apache.catalina.core.StandardEngine    : Starting Servlet engine: [Apache Tomcat/11.0.22]
2026-09-20T16:27:16.987+05:30  INFO 8352 --- [smartmetro-api] [restartedMain] b.w.c.s.WebApplicationContextInitializer : Root WebApplicationContext: initialization completed in 2256 ms
2026-09-20T16:27:17.391+05:30  INFO 8352 --- [smartmetro-api] [restartedMain] com.zaxxer.hikari.HikariDataSource       : HikariPool-1 - Starting...
2026-09-20T16:27:17.771+05:30  INFO 8352 --- [smartmetro-api] [restartedMain] com.zaxxer.hikari.pool.HikariPool        : HikariPool-1 - Added connection oracle.jdbc.driver.T4CConnection@7430e935
2026-09-20T16:27:17.772+05:30  INFO 8352 --- [smartmetro-api] [restartedMain] com.zaxxer.hikari.HikariDataSource       : HikariPool-1 - Start completed.
2026-09-20T16:27:17.805+05:30  INFO 8352 --- [smartmetro-api] [restartedMain] org.hibernate.orm.jpa                    : HHH008540: Processing PersistenceUnitInfo [name: default]
2026-09-20T16:27:17.860+05:30  INFO 8352 --- [smartmetro-api] [restartedMain] org.hibernate.orm.core                   : HHH000001: Hibernate ORM core version 7.4.1.Final
2026-09-20T16:27:18.398+05:30  INFO 8352 --- [smartmetro-api] [restartedMain] o.s.o.j.p.SpringPersistenceUnitInfo      : No LoadTimeWeaver setup: ignoring JPA class transformer
2026-09-20T16:27:18.657+05:30  WARN 8352 --- [smartmetro-api] [restartedMain] org.hibernate.orm.core                   : HHH000511: The 11.2.0 version for [org.hibernate.dialect.OracleDialect] is no longer supported, hence certain features may not work properly.The minimum supported version is 19.0.0. Check the community dialects project for available legacy versions.
2026-09-20T16:27:18.686+05:30  WARN 8352 --- [smartmetro-api] [restartedMain] org.hibernate.orm.jdbc                   : HHH100123: Low default JDBC fetch size: 10 (consider setting 'hibernate.jdbc.fetch_size')
2026-09-20T16:27:18.690+05:30  INFO 8352 --- [smartmetro-api] [restartedMain] org.hibernate.orm.connections.pooling    : HHH10001005: Database info:
	Database JDBC URL [jdbc:oracle:thin:@localhost:1521:xe]
	Database driver: Oracle JDBC driver
	Database dialect: OracleDialect
	Database version: 11.2
	Default catalog/schema: undefined/SYSTEM
	Autocommit mode: undefined/unknown
	Isolation level: READ_COMMITTED [default READ_COMMITTED]
	JDBC fetch size: 10
	Pool: DataSourceConnectionProvider
	Minimum pool size: undefined/unknown
	Maximum pool size: undefined/unknown
2026-09-20T16:27:19.891+05:30  INFO 8352 --- [smartmetro-api] [restartedMain] org.hibernate.orm.core                   : HHH000489: No JTA platform available (set 'hibernate.transaction.jta.platform' to enable JTA platform integration)
2026-09-20T16:27:19.903+05:30  INFO 8352 --- [smartmetro-api] [restartedMain] j.LocalContainerEntityManagerFactoryBean : Initialized JPA EntityManagerFactory for persistence unit 'default'
2026-09-20T16:27:19.983+05:30  INFO 8352 --- [smartmetro-api] [restartedMain] o.s.d.j.r.query.QueryEnhancerFactories   : Hibernate is in classpath; If applicable, HQL parser will be used.
2026-09-20T16:27:20.125+05:30  WARN 8352 --- [smartmetro-api] [restartedMain] JpaBaseConfiguration$JpaWebConfiguration : spring.jpa.open-in-view is enabled by default. Therefore, database queries may be performed during view rendering. Explicitly configure spring.jpa.open-in-view to disable this warning
2026-09-20T16:27:20.603+05:30  INFO 8352 --- [smartmetro-api] [restartedMain] org.mongodb.driver.client                : MongoClient with metadata {"driver": {"name": "mongo-java-driver|spring-boot|sync", "version": "5.8.0"}, "os": {"type": "Windows", "name": "Windows 11", "architecture": "amd64", "version": "10.0"}, "platform": "Java/Oracle Corporation/24.0.1+9-30"} created with settings MongoClientSettings{readPreference=primary, writeConcern=WriteConcern{w=null, wTimeout=null ms, journal=null}, retryWrites=true, retryReads=true, readConcern=ReadConcern{level=null}, credential=null, transportSettings=null, commandListeners=[io.micrometer.core.instrument.binder.mongodb.MongoMetricsCommandListener@7a57e7e6], codecRegistry=ProvidersCodecRegistry{codecProviders=[ValueCodecProvider{}, BsonValueCodecProvider{}, DBRefCodecProvider{}, DBObjectCodecProvider{}, DocumentCodecProvider{}, CollectionCodecProvider{}, IterableCodecProvider{}, MapCodecProvider{}, GeoJsonCodecProvider{}, GridFSFileCodecProvider{}, Jsr310CodecProvider{}, JsonObjectCodecProvider{}, BsonCodecProvider{}, com.mongodb.client.model.mql.ExpressionCodecProvider@6b80b1af, com.mongodb.Jep395RecordCodecProvider@7ad67c30, com.mongodb.KotlinCodecProvider@5adeca2a, EnumCodecProvider{}]}, loggerSettings=LoggerSettings{maxDocumentLength=1000}, clusterSettings={hosts=[localhost:27017], srvServiceName=mongodb, mode=SINGLE, requiredClusterType=UNKNOWN, requiredReplicaSetName='null', serverSelector='null', clusterListeners='[]', serverSelectionTimeout='30000 ms', localThreshold='15 ms'}, socketSettings=SocketSettings{connectTimeoutMS=10000, readTimeoutMS=0, receiveBufferSize=0, proxySettings=ProxySettings{host=null, port=null, username=null, password=null}}, heartbeatSocketSettings=SocketSettings{connectTimeoutMS=10000, readTimeoutMS=10000, receiveBufferSize=0, proxySettings=ProxySettings{host=null, port=null, username=null, password=null}}, connectionPoolSettings=ConnectionPoolSettings{maxSize=100, minSize=0, maxWaitTimeMS=120000, maxConnectionLifeTimeMS=0, maxConnectionIdleTimeMS=0, maintenanceInitialDelayMS=0, maintenanceFrequencyMS=60000, connectionPoolListeners=[io.micrometer.core.instrument.binder.mongodb.MongoMetricsConnectionPoolListener@6bcee68d], maxConnecting=2}, serverSettings=ServerSettings{heartbeatFrequencyMS=10000, minHeartbeatFrequencyMS=500, serverMonitoringMode=AUTO, serverListeners='[]', serverMonitorListeners='[]'}, sslSettings=SslSettings{enabled=false, invalidHostNameAllowed=false, context=null}, applicationName='null', compressorList=[], uuidRepresentation=UNSPECIFIED, serverApi=null, autoEncryptionSettings=null, dnsClient=null, inetAddressResolver=null, contextProvider=null, timeoutMS=null}
2026-09-20T16:27:20.618+05:30  INFO 8352 --- [smartmetro-api] [cluster-6aafbc10a780a5528f6537c7-localhost:27017] org.mongodb.driver.cluster               : Monitor thread successfully connected to server with description ServerDescription{address=localhost:27017, type=STANDALONE, cryptd=false, state=CONNECTED, ok=true, minWireVersion=0, maxWireVersion=28, maxDocumentSize=16777216, logicalSessionTimeoutMinutes=30, roundTripTimeNanos=23026000, minRoundTripTimeNanos=0}
2026-09-20T16:27:20.990+05:30  INFO 8352 --- [smartmetro-api] [restartedMain] o.s.b.a.e.web.EndpointLinksResolver      : Exposing 13 endpoints beneath base path '/actuator'
2026-09-20T16:27:21.067+05:30  INFO 8352 --- [smartmetro-api] [restartedMain] o.s.boot.tomcat.TomcatWebServer          : Tomcat started on port 8084 (http) with context path '/'
2026-09-20T16:27:21.075+05:30  INFO 8352 --- [smartmetro-api] [restartedMain] c.smartmetro.SmartmetroApiApplication    : Started SmartmetroApiApplication in 7.137 seconds (process running for 8.379)
2026-09-20T16:27:21.081+05:30  INFO 8352 --- [smartmetro-api] [restartedMain] c.smartmetro.SmartmetroApiApplication    : SmartmetroApiApplication started
2026-09-20T16:29:24.682+05:30  INFO 8352 --- [smartmetro-api] [SpringApplicationShutdownHook] o.s.boot.tomcat.GracefulShutdown         : Commencing graceful shutdown. Waiting for active requests to complete
2026-09-20T16:29:24.687+05:30  INFO 8352 --- [smartmetro-api] [tomcat-shutdown] o.s.boot.tomcat.GracefulShutdown         : Graceful shutdown complete
2026-09-20T16:29:24.692+05:30  INFO 8352 --- [smartmetro-api] [SpringApplicationShutdownHook] j.LocalContainerEntityManagerFactoryBean : Closing JPA EntityManagerFactory for persistence unit 'default'
2026-09-20T16:29:24.695+05:30  INFO 8352 --- [smartmetro-api] [SpringApplicationShutdownHook] com.zaxxer.hikari.HikariDataSource       : HikariPool-1 - Shutdown initiated...
2026-09-20T16:29:24.701+05:30  INFO 8352 --- [smartmetro-api] [SpringApplicationShutdownHook] com.zaxxer.hikari.HikariDataSource       : HikariPool-1 - Shutdown completed.
2026-09-20T16:29:28.424+05:30  INFO 23712 --- [smartmetro-api] [restartedMain] c.smartmetro.SmartmetroApiApplication    : Starting SmartmetroApiApplication using Java 24.0.1 with PID 23712 (C:\Users\SHASHANK\Downloads\smartmetro-api\smartmetro-api\build\classes\java\main started by SHASHANK in C:\Users\SHASHANK\Downloads\smartmetro-api\smartmetro-api)
2026-09-20T16:29:28.428+05:30 DEBUG 23712 --- [smartmetro-api] [restartedMain] c.smartmetro.SmartmetroApiApplication    : Running with Spring Boot v4.1.0, Spring v7.0.8
2026-09-20T16:29:28.429+05:30  INFO 23712 --- [smartmetro-api] [restartedMain] c.smartmetro.SmartmetroApiApplication    : The following 1 profile is active: "uat"
2026-09-20T16:29:28.490+05:30  INFO 23712 --- [smartmetro-api] [restartedMain] o.s.b.devtools.restart.ChangeableUrls    : The Class-Path manifest attribute in C:\Users\SHASHANK\.gradle\caches\modules-2\files-2.1\com.oracle.database.jdbc\ojdbc11\23.26.2.0.0\2462b603e435c9a2707f41a1896e5b5be6f36520\ojdbc11-23.26.2.0.0.jar referenced one or more files that do not exist: file:/C:/Users/SHASHANK/.gradle/caches/modules-2/files-2.1/com.oracle.database.jdbc/ojdbc11/23.26.2.0.0/2462b603e435c9a2707f41a1896e5b5be6f36520/oraclepki.jar
2026-09-20T16:29:28.491+05:30  INFO 23712 --- [smartmetro-api] [restartedMain] .e.DevToolsPropertyDefaultsPostProcessor : Devtools property defaults active! Set 'spring.devtools.add-properties' to 'false' to disable
2026-09-20T16:29:28.491+05:30  INFO 23712 --- [smartmetro-api] [restartedMain] .e.DevToolsPropertyDefaultsPostProcessor : For additional web related logging consider setting the 'logging.level.web' property to 'DEBUG'
2026-09-20T16:29:29.527+05:30  INFO 23712 --- [smartmetro-api] [restartedMain] .s.d.r.c.RepositoryConfigurationDelegate : Multiple Spring Data modules found, entering strict repository configuration mode
2026-09-20T16:29:29.529+05:30  INFO 23712 --- [smartmetro-api] [restartedMain] .s.d.r.c.RepositoryConfigurationDelegate : Bootstrapping Spring Data JPA repositories in DEFAULT mode.
2026-09-20T16:29:29.629+05:30  INFO 23712 --- [smartmetro-api] [restartedMain] .s.d.r.c.RepositoryConfigurationDelegate : Finished Spring Data repository scanning in 86 ms. Found 8 JPA repository interfaces.
2026-09-20T16:29:29.676+05:30  INFO 23712 --- [smartmetro-api] [restartedMain] .s.d.r.c.RepositoryConfigurationDelegate : Multiple Spring Data modules found, entering strict repository configuration mode
2026-09-20T16:29:29.676+05:30  INFO 23712 --- [smartmetro-api] [restartedMain] .s.d.r.c.RepositoryConfigurationDelegate : Bootstrapping Spring Data MongoDB repositories in DEFAULT mode.
2026-09-20T16:29:29.683+05:30  INFO 23712 --- [smartmetro-api] [restartedMain] .RepositoryConfigurationExtensionSupport : Spring Data MongoDB - Could not safely identify store assignment for repository candidate interface com.smartmetro.repository.MetroCardRepository; If you want this repository to be a MongoDB repository, consider annotating your entities with one of these annotations: org.springframework.data.mongodb.core.mapping.Document (preferred), or consider extending one of the following types with your repository: org.springframework.data.mongodb.repository.MongoRepository
2026-09-20T16:29:29.683+05:30  INFO 23712 --- [smartmetro-api] [restartedMain] .RepositoryConfigurationExtensionSupport : Spring Data MongoDB - Could not safely identify store assignment for repository candidate interface com.smartmetro.repository.PaymentRepository; If you want this repository to be a MongoDB repository, consider annotating your entities with one of these annotations: org.springframework.data.mongodb.core.mapping.Document (preferred), or consider extending one of the following types with your repository: org.springframework.data.mongodb.repository.MongoRepository
2026-09-20T16:29:29.684+05:30  INFO 23712 --- [smartmetro-api] [restartedMain] .RepositoryConfigurationExtensionSupport : Spring Data MongoDB - Could not safely identify store assignment for repository candidate interface com.smartmetro.repository.RouteRepository; If you want this repository to be a MongoDB repository, consider annotating your entities with one of these annotations: org.springframework.data.mongodb.core.mapping.Document (preferred), or consider extending one of the following types with your repository: org.springframework.data.mongodb.repository.MongoRepository
2026-09-20T16:29:29.684+05:30  INFO 23712 --- [smartmetro-api] [restartedMain] .RepositoryConfigurationExtensionSupport : Spring Data MongoDB - Could not safely identify store assignment for repository candidate interface com.smartmetro.repository.RouteStationRepository; If you want this repository to be a MongoDB repository, consider annotating your entities with one of these annotations: org.springframework.data.mongodb.core.mapping.Document (preferred), or consider extending one of the following types with your repository: org.springframework.data.mongodb.repository.MongoRepository
2026-09-20T16:29:29.684+05:30  INFO 23712 --- [smartmetro-api] [restartedMain] .RepositoryConfigurationExtensionSupport : Spring Data MongoDB - Could not safely identify store assignment for repository candidate interface com.smartmetro.repository.StationRepository; If you want this repository to be a MongoDB repository, consider annotating your entities with one of these annotations: org.springframework.data.mongodb.core.mapping.Document (preferred), or consider extending one of the following types with your repository: org.springframework.data.mongodb.repository.MongoRepository
2026-09-20T16:29:29.684+05:30  INFO 23712 --- [smartmetro-api] [restartedMain] .RepositoryConfigurationExtensionSupport : Spring Data MongoDB - Could not safely identify store assignment for repository candidate interface com.smartmetro.repository.TransactionRepository; If you want this repository to be a MongoDB repository, consider annotating your entities with one of these annotations: org.springframework.data.mongodb.core.mapping.Document (preferred), or consider extending one of the following types with your repository: org.springframework.data.mongodb.repository.MongoRepository
2026-09-20T16:29:29.684+05:30  INFO 23712 --- [smartmetro-api] [restartedMain] .RepositoryConfigurationExtensionSupport : Spring Data MongoDB - Could not safely identify store assignment for repository candidate interface com.smartmetro.repository.TripRepository; If you want this repository to be a MongoDB repository, consider annotating your entities with one of these annotations: org.springframework.data.mongodb.core.mapping.Document (preferred), or consider extending one of the following types with your repository: org.springframework.data.mongodb.repository.MongoRepository
2026-09-20T16:29:29.685+05:30  INFO 23712 --- [smartmetro-api] [restartedMain] .RepositoryConfigurationExtensionSupport : Spring Data MongoDB - Could not safely identify store assignment for repository candidate interface com.smartmetro.repository.UserRepository; If you want this repository to be a MongoDB repository, consider annotating your entities with one of these annotations: org.springframework.data.mongodb.core.mapping.Document (preferred), or consider extending one of the following types with your repository: org.springframework.data.mongodb.repository.MongoRepository
2026-09-20T16:29:29.685+05:30  INFO 23712 --- [smartmetro-api] [restartedMain] .s.d.r.c.RepositoryConfigurationDelegate : Finished Spring Data repository scanning in 7 ms. Found 0 MongoDB repository interfaces.
2026-09-20T16:29:30.387+05:30  INFO 23712 --- [smartmetro-api] [restartedMain] o.s.boot.tomcat.TomcatWebServer          : Tomcat initialized with port 8084 (http)
2026-09-20T16:29:30.402+05:30  INFO 23712 --- [smartmetro-api] [restartedMain] o.apache.catalina.core.StandardService   : Starting service [Tomcat]
2026-09-20T16:29:30.403+05:30  INFO 23712 --- [smartmetro-api] [restartedMain] o.apache.catalina.core.StandardEngine    : Starting Servlet engine: [Apache Tomcat/11.0.22]
2026-09-20T16:29:30.448+05:30  INFO 23712 --- [smartmetro-api] [restartedMain] b.w.c.s.WebApplicationContextInitializer : Root WebApplicationContext: initialization completed in 1957 ms
2026-09-20T16:29:30.835+05:30  INFO 23712 --- [smartmetro-api] [restartedMain] com.zaxxer.hikari.HikariDataSource       : HikariPool-1 - Starting...
2026-09-20T16:29:31.208+05:30  INFO 23712 --- [smartmetro-api] [restartedMain] com.zaxxer.hikari.pool.HikariPool        : HikariPool-1 - Added connection oracle.jdbc.driver.T4CConnection@4fccd071
2026-09-20T16:29:31.210+05:30  INFO 23712 --- [smartmetro-api] [restartedMain] com.zaxxer.hikari.HikariDataSource       : HikariPool-1 - Start completed.
2026-09-20T16:29:31.246+05:30  INFO 23712 --- [smartmetro-api] [restartedMain] org.hibernate.orm.jpa                    : HHH008540: Processing PersistenceUnitInfo [name: default]
2026-09-20T16:29:31.306+05:30  INFO 23712 --- [smartmetro-api] [restartedMain] org.hibernate.orm.core                   : HHH000001: Hibernate ORM core version 7.4.1.Final
2026-09-20T16:29:31.841+05:30  INFO 23712 --- [smartmetro-api] [restartedMain] o.s.o.j.p.SpringPersistenceUnitInfo      : No LoadTimeWeaver setup: ignoring JPA class transformer
2026-09-20T16:29:32.092+05:30  WARN 23712 --- [smartmetro-api] [restartedMain] org.hibernate.orm.core                   : HHH000511: The 11.2.0 version for [org.hibernate.dialect.OracleDialect] is no longer supported, hence certain features may not work properly.The minimum supported version is 19.0.0. Check the community dialects project for available legacy versions.
2026-09-20T16:29:32.119+05:30  WARN 23712 --- [smartmetro-api] [restartedMain] org.hibernate.orm.jdbc                   : HHH100123: Low default JDBC fetch size: 10 (consider setting 'hibernate.jdbc.fetch_size')
2026-09-20T16:29:32.123+05:30  INFO 23712 --- [smartmetro-api] [restartedMain] org.hibernate.orm.connections.pooling    : HHH10001005: Database info:
	Database JDBC URL [jdbc:oracle:thin:@localhost:1521:xe]
	Database driver: Oracle JDBC driver
	Database dialect: OracleDialect
	Database version: 11.2
	Default catalog/schema: undefined/SYSTEM
	Autocommit mode: undefined/unknown
	Isolation level: READ_COMMITTED [default READ_COMMITTED]
	JDBC fetch size: 10
	Pool: DataSourceConnectionProvider
	Minimum pool size: undefined/unknown
	Maximum pool size: undefined/unknown
2026-09-20T16:29:33.337+05:30  INFO 23712 --- [smartmetro-api] [restartedMain] org.hibernate.orm.core                   : HHH000489: No JTA platform available (set 'hibernate.transaction.jta.platform' to enable JTA platform integration)
2026-09-20T16:29:33.346+05:30  INFO 23712 --- [smartmetro-api] [restartedMain] j.LocalContainerEntityManagerFactoryBean : Initialized JPA EntityManagerFactory for persistence unit 'default'
2026-09-20T16:29:33.429+05:30  INFO 23712 --- [smartmetro-api] [restartedMain] o.s.d.j.r.query.QueryEnhancerFactories   : Hibernate is in classpath; If applicable, HQL parser will be used.
2026-09-20T16:29:33.557+05:30  WARN 23712 --- [smartmetro-api] [restartedMain] JpaBaseConfiguration$JpaWebConfiguration : spring.jpa.open-in-view is enabled by default. Therefore, database queries may be performed during view rendering. Explicitly configure spring.jpa.open-in-view to disable this warning
2026-09-20T16:29:34.033+05:30  INFO 23712 --- [smartmetro-api] [restartedMain] org.mongodb.driver.client                : MongoClient with metadata {"driver": {"name": "mongo-java-driver|spring-boot|sync", "version": "5.8.0"}, "os": {"type": "Windows", "name": "Windows 11", "architecture": "amd64", "version": "10.0"}, "platform": "Java/Oracle Corporation/24.0.1+9-30"} created with settings MongoClientSettings{readPreference=primary, writeConcern=WriteConcern{w=null, wTimeout=null ms, journal=null}, retryWrites=true, retryReads=true, readConcern=ReadConcern{level=null}, credential=null, transportSettings=null, commandListeners=[io.micrometer.core.instrument.binder.mongodb.MongoMetricsCommandListener@4f8cb014], codecRegistry=ProvidersCodecRegistry{codecProviders=[ValueCodecProvider{}, BsonValueCodecProvider{}, DBRefCodecProvider{}, DBObjectCodecProvider{}, DocumentCodecProvider{}, CollectionCodecProvider{}, IterableCodecProvider{}, MapCodecProvider{}, GeoJsonCodecProvider{}, GridFSFileCodecProvider{}, Jsr310CodecProvider{}, JsonObjectCodecProvider{}, BsonCodecProvider{}, com.mongodb.client.model.mql.ExpressionCodecProvider@41e3f3d2, com.mongodb.Jep395RecordCodecProvider@4c92e6a, com.mongodb.KotlinCodecProvider@11277147, EnumCodecProvider{}]}, loggerSettings=LoggerSettings{maxDocumentLength=1000}, clusterSettings={hosts=[localhost:27017], srvServiceName=mongodb, mode=SINGLE, requiredClusterType=UNKNOWN, requiredReplicaSetName='null', serverSelector='null', clusterListeners='[]', serverSelectionTimeout='30000 ms', localThreshold='15 ms'}, socketSettings=SocketSettings{connectTimeoutMS=10000, readTimeoutMS=0, receiveBufferSize=0, proxySettings=ProxySettings{host=null, port=null, username=null, password=null}}, heartbeatSocketSettings=SocketSettings{connectTimeoutMS=10000, readTimeoutMS=10000, receiveBufferSize=0, proxySettings=ProxySettings{host=null, port=null, username=null, password=null}}, connectionPoolSettings=ConnectionPoolSettings{maxSize=100, minSize=0, maxWaitTimeMS=120000, maxConnectionLifeTimeMS=0, maxConnectionIdleTimeMS=0, maintenanceInitialDelayMS=0, maintenanceFrequencyMS=60000, connectionPoolListeners=[io.micrometer.core.instrument.binder.mongodb.MongoMetricsConnectionPoolListener@66fdf3a4], maxConnecting=2}, serverSettings=ServerSettings{heartbeatFrequencyMS=10000, minHeartbeatFrequencyMS=500, serverMonitoringMode=AUTO, serverListeners='[]', serverMonitorListeners='[]'}, sslSettings=SslSettings{enabled=false, invalidHostNameAllowed=false, context=null}, applicationName='null', compressorList=[], uuidRepresentation=UNSPECIFIED, serverApi=null, autoEncryptionSettings=null, dnsClient=null, inetAddressResolver=null, contextProvider=null, timeoutMS=null}
2026-09-20T16:29:34.048+05:30  INFO 23712 --- [smartmetro-api] [cluster-6aafbc9567f0a395fe7ad378-localhost:27017] org.mongodb.driver.cluster               : Monitor thread successfully connected to server with description ServerDescription{address=localhost:27017, type=STANDALONE, cryptd=false, state=CONNECTED, ok=true, minWireVersion=0, maxWireVersion=28, maxDocumentSize=16777216, logicalSessionTimeoutMinutes=30, roundTripTimeNanos=23264100, minRoundTripTimeNanos=0}
2026-09-20T16:29:34.414+05:30  INFO 23712 --- [smartmetro-api] [restartedMain] o.s.b.a.e.web.EndpointLinksResolver      : Exposing 13 endpoints beneath base path '/actuator'
2026-09-20T16:29:34.487+05:30  INFO 23712 --- [smartmetro-api] [restartedMain] o.s.boot.tomcat.TomcatWebServer          : Tomcat started on port 8084 (http) with context path '/'
2026-09-20T16:29:34.497+05:30  INFO 23712 --- [smartmetro-api] [restartedMain] c.smartmetro.SmartmetroApiApplication    : Started SmartmetroApiApplication in 6.703 seconds (process running for 7.394)
2026-09-20T16:29:34.503+05:30  INFO 23712 --- [smartmetro-api] [restartedMain] c.smartmetro.SmartmetroApiApplication    : SmartmetroApiApplication started
2026-09-20T16:29:55.404+05:30  INFO 23712 --- [smartmetro-api] [SpringApplicationShutdownHook] o.s.boot.tomcat.GracefulShutdown         : Commencing graceful shutdown. Waiting for active requests to complete
2026-09-20T16:29:55.410+05:30  INFO 23712 --- [smartmetro-api] [tomcat-shutdown] o.s.boot.tomcat.GracefulShutdown         : Graceful shutdown complete
2026-09-20T16:29:55.416+05:30  INFO 23712 --- [smartmetro-api] [SpringApplicationShutdownHook] j.LocalContainerEntityManagerFactoryBean : Closing JPA EntityManagerFactory for persistence unit 'default'
2026-09-20T16:29:55.419+05:30  INFO 23712 --- [smartmetro-api] [SpringApplicationShutdownHook] com.zaxxer.hikari.HikariDataSource       : HikariPool-1 - Shutdown initiated...
2026-09-20T16:29:55.425+05:30  INFO 23712 --- [smartmetro-api] [SpringApplicationShutdownHook] com.zaxxer.hikari.HikariDataSource       : HikariPool-1 - Shutdown completed.
2026-09-20T16:29:59.391+05:30  INFO 21820 --- [smartmetro-api] [restartedMain] c.smartmetro.SmartmetroApiApplication    : Starting SmartmetroApiApplication using Java 24.0.1 with PID 21820 (C:\Users\SHASHANK\Downloads\smartmetro-api\smartmetro-api\build\classes\java\main started by SHASHANK in C:\Users\SHASHANK\Downloads\smartmetro-api\smartmetro-api)
2026-09-20T16:29:59.396+05:30 DEBUG 21820 --- [smartmetro-api] [restartedMain] c.smartmetro.SmartmetroApiApplication    : Running with Spring Boot v4.1.0, Spring v7.0.8
2026-09-20T16:29:59.396+05:30  INFO 21820 --- [smartmetro-api] [restartedMain] c.smartmetro.SmartmetroApiApplication    : The following 1 profile is active: "uat"
2026-09-20T16:29:59.483+05:30  INFO 21820 --- [smartmetro-api] [restartedMain] o.s.b.devtools.restart.ChangeableUrls    : The Class-Path manifest attribute in C:\Users\SHASHANK\.gradle\caches\modules-2\files-2.1\com.oracle.database.jdbc\ojdbc11\23.26.2.0.0\2462b603e435c9a2707f41a1896e5b5be6f36520\ojdbc11-23.26.2.0.0.jar referenced one or more files that do not exist: file:/C:/Users/SHASHANK/.gradle/caches/modules-2/files-2.1/com.oracle.database.jdbc/ojdbc11/23.26.2.0.0/2462b603e435c9a2707f41a1896e5b5be6f36520/oraclepki.jar
2026-09-20T16:29:59.484+05:30  INFO 21820 --- [smartmetro-api] [restartedMain] .e.DevToolsPropertyDefaultsPostProcessor : Devtools property defaults active! Set 'spring.devtools.add-properties' to 'false' to disable
2026-09-20T16:29:59.484+05:30  INFO 21820 --- [smartmetro-api] [restartedMain] .e.DevToolsPropertyDefaultsPostProcessor : For additional web related logging consider setting the 'logging.level.web' property to 'DEBUG'
2026-09-20T16:30:00.600+05:30  INFO 21820 --- [smartmetro-api] [restartedMain] .s.d.r.c.RepositoryConfigurationDelegate : Multiple Spring Data modules found, entering strict repository configuration mode
2026-09-20T16:30:00.602+05:30  INFO 21820 --- [smartmetro-api] [restartedMain] .s.d.r.c.RepositoryConfigurationDelegate : Bootstrapping Spring Data JPA repositories in DEFAULT mode.
2026-09-20T16:30:00.690+05:30  INFO 21820 --- [smartmetro-api] [restartedMain] .s.d.r.c.RepositoryConfigurationDelegate : Finished Spring Data repository scanning in 76 ms. Found 8 JPA repository interfaces.
2026-09-20T16:30:00.735+05:30  INFO 21820 --- [smartmetro-api] [restartedMain] .s.d.r.c.RepositoryConfigurationDelegate : Multiple Spring Data modules found, entering strict repository configuration mode
2026-09-20T16:30:00.736+05:30  INFO 21820 --- [smartmetro-api] [restartedMain] .s.d.r.c.RepositoryConfigurationDelegate : Bootstrapping Spring Data MongoDB repositories in DEFAULT mode.
2026-09-20T16:30:00.741+05:30  INFO 21820 --- [smartmetro-api] [restartedMain] .RepositoryConfigurationExtensionSupport : Spring Data MongoDB - Could not safely identify store assignment for repository candidate interface com.smartmetro.repository.MetroCardRepository; If you want this repository to be a MongoDB repository, consider annotating your entities with one of these annotations: org.springframework.data.mongodb.core.mapping.Document (preferred), or consider extending one of the following types with your repository: org.springframework.data.mongodb.repository.MongoRepository
2026-09-20T16:30:00.742+05:30  INFO 21820 --- [smartmetro-api] [restartedMain] .RepositoryConfigurationExtensionSupport : Spring Data MongoDB - Could not safely identify store assignment for repository candidate interface com.smartmetro.repository.PaymentRepository; If you want this repository to be a MongoDB repository, consider annotating your entities with one of these annotations: org.springframework.data.mongodb.core.mapping.Document (preferred), or consider extending one of the following types with your repository: org.springframework.data.mongodb.repository.MongoRepository
2026-09-20T16:30:00.742+05:30  INFO 21820 --- [smartmetro-api] [restartedMain] .RepositoryConfigurationExtensionSupport : Spring Data MongoDB - Could not safely identify store assignment for repository candidate interface com.smartmetro.repository.RouteRepository; If you want this repository to be a MongoDB repository, consider annotating your entities with one of these annotations: org.springframework.data.mongodb.core.mapping.Document (preferred), or consider extending one of the following types with your repository: org.springframework.data.mongodb.repository.MongoRepository
2026-09-20T16:30:00.742+05:30  INFO 21820 --- [smartmetro-api] [restartedMain] .RepositoryConfigurationExtensionSupport : Spring Data MongoDB - Could not safely identify store assignment for repository candidate interface com.smartmetro.repository.RouteStationRepository; If you want this repository to be a MongoDB repository, consider annotating your entities with one of these annotations: org.springframework.data.mongodb.core.mapping.Document (preferred), or consider extending one of the following types with your repository: org.springframework.data.mongodb.repository.MongoRepository
2026-09-20T16:30:00.742+05:30  INFO 21820 --- [smartmetro-api] [restartedMain] .RepositoryConfigurationExtensionSupport : Spring Data MongoDB - Could not safely identify store assignment for repository candidate interface com.smartmetro.repository.StationRepository; If you want this repository to be a MongoDB repository, consider annotating your entities with one of these annotations: org.springframework.data.mongodb.core.mapping.Document (preferred), or consider extending one of the following types with your repository: org.springframework.data.mongodb.repository.MongoRepository
2026-09-20T16:30:00.742+05:30  INFO 21820 --- [smartmetro-api] [restartedMain] .RepositoryConfigurationExtensionSupport : Spring Data MongoDB - Could not safely identify store assignment for repository candidate interface com.smartmetro.repository.TransactionRepository; If you want this repository to be a MongoDB repository, consider annotating your entities with one of these annotations: org.springframework.data.mongodb.core.mapping.Document (preferred), or consider extending one of the following types with your repository: org.springframework.data.mongodb.repository.MongoRepository
2026-09-20T16:30:00.743+05:30  INFO 21820 --- [smartmetro-api] [restartedMain] .RepositoryConfigurationExtensionSupport : Spring Data MongoDB - Could not safely identify store assignment for repository candidate interface com.smartmetro.repository.TripRepository; If you want this repository to be a MongoDB repository, consider annotating your entities with one of these annotations: org.springframework.data.mongodb.core.mapping.Document (preferred), or consider extending one of the following types with your repository: org.springframework.data.mongodb.repository.MongoRepository
2026-09-20T16:30:00.744+05:30  INFO 21820 --- [smartmetro-api] [restartedMain] .RepositoryConfigurationExtensionSupport : Spring Data MongoDB - Could not safely identify store assignment for repository candidate interface com.smartmetro.repository.UserRepository; If you want this repository to be a MongoDB repository, consider annotating your entities with one of these annotations: org.springframework.data.mongodb.core.mapping.Document (preferred), or consider extending one of the following types with your repository: org.springframework.data.mongodb.repository.MongoRepository
2026-09-20T16:30:00.744+05:30  INFO 21820 --- [smartmetro-api] [restartedMain] .s.d.r.c.RepositoryConfigurationDelegate : Finished Spring Data repository scanning in 7 ms. Found 0 MongoDB repository interfaces.
2026-09-20T16:30:01.347+05:30  INFO 21820 --- [smartmetro-api] [restartedMain] o.s.boot.tomcat.TomcatWebServer          : Tomcat initialized with port 8084 (http)
2026-09-20T16:30:01.363+05:30  INFO 21820 --- [smartmetro-api] [restartedMain] o.apache.catalina.core.StandardService   : Starting service [Tomcat]
2026-09-20T16:30:01.364+05:30  INFO 21820 --- [smartmetro-api] [restartedMain] o.apache.catalina.core.StandardEngine    : Starting Servlet engine: [Apache Tomcat/11.0.22]
2026-09-20T16:30:01.408+05:30  INFO 21820 --- [smartmetro-api] [restartedMain] b.w.c.s.WebApplicationContextInitializer : Root WebApplicationContext: initialization completed in 1923 ms
2026-09-20T16:30:01.781+05:30  INFO 21820 --- [smartmetro-api] [restartedMain] com.zaxxer.hikari.HikariDataSource       : HikariPool-1 - Starting...
2026-09-20T16:30:02.157+05:30  INFO 21820 --- [smartmetro-api] [restartedMain] com.zaxxer.hikari.pool.HikariPool        : HikariPool-1 - Added connection oracle.jdbc.driver.T4CConnection@5facc49e
2026-09-20T16:30:02.158+05:30  INFO 21820 --- [smartmetro-api] [restartedMain] com.zaxxer.hikari.HikariDataSource       : HikariPool-1 - Start completed.
2026-09-20T16:30:02.192+05:30  INFO 21820 --- [smartmetro-api] [restartedMain] org.hibernate.orm.jpa                    : HHH008540: Processing PersistenceUnitInfo [name: default]
2026-09-20T16:30:02.255+05:30  INFO 21820 --- [smartmetro-api] [restartedMain] org.hibernate.orm.core                   : HHH000001: Hibernate ORM core version 7.4.1.Final
2026-09-20T16:30:02.760+05:30  INFO 21820 --- [smartmetro-api] [restartedMain] o.s.o.j.p.SpringPersistenceUnitInfo      : No LoadTimeWeaver setup: ignoring JPA class transformer
2026-09-20T16:30:03.006+05:30  WARN 21820 --- [smartmetro-api] [restartedMain] org.hibernate.orm.core                   : HHH000511: The 11.2.0 version for [org.hibernate.dialect.OracleDialect] is no longer supported, hence certain features may not work properly.The minimum supported version is 19.0.0. Check the community dialects project for available legacy versions.
2026-09-20T16:30:03.040+05:30  WARN 21820 --- [smartmetro-api] [restartedMain] org.hibernate.orm.jdbc                   : HHH100123: Low default JDBC fetch size: 10 (consider setting 'hibernate.jdbc.fetch_size')
2026-09-20T16:30:03.044+05:30  INFO 21820 --- [smartmetro-api] [restartedMain] org.hibernate.orm.connections.pooling    : HHH10001005: Database info:
	Database JDBC URL [jdbc:oracle:thin:@localhost:1521:xe]
	Database driver: Oracle JDBC driver
	Database dialect: OracleDialect
	Database version: 11.2
	Default catalog/schema: undefined/SYSTEM
	Autocommit mode: undefined/unknown
	Isolation level: READ_COMMITTED [default READ_COMMITTED]
	JDBC fetch size: 10
	Pool: DataSourceConnectionProvider
	Minimum pool size: undefined/unknown
	Maximum pool size: undefined/unknown
2026-09-20T16:30:04.242+05:30  INFO 21820 --- [smartmetro-api] [restartedMain] org.hibernate.orm.core                   : HHH000489: No JTA platform available (set 'hibernate.transaction.jta.platform' to enable JTA platform integration)
2026-09-20T16:30:04.251+05:30  INFO 21820 --- [smartmetro-api] [restartedMain] j.LocalContainerEntityManagerFactoryBean : Initialized JPA EntityManagerFactory for persistence unit 'default'
2026-09-20T16:30:04.335+05:30  INFO 21820 --- [smartmetro-api] [restartedMain] o.s.d.j.r.query.QueryEnhancerFactories   : Hibernate is in classpath; If applicable, HQL parser will be used.
2026-09-20T16:30:04.498+05:30  WARN 21820 --- [smartmetro-api] [restartedMain] JpaBaseConfiguration$JpaWebConfiguration : spring.jpa.open-in-view is enabled by default. Therefore, database queries may be performed during view rendering. Explicitly configure spring.jpa.open-in-view to disable this warning
2026-09-20T16:30:05.042+05:30  INFO 21820 --- [smartmetro-api] [restartedMain] org.mongodb.driver.client                : MongoClient with metadata {"driver": {"name": "mongo-java-driver|spring-boot|sync", "version": "5.8.0"}, "os": {"type": "Windows", "name": "Windows 11", "architecture": "amd64", "version": "10.0"}, "platform": "Java/Oracle Corporation/24.0.1+9-30"} created with settings MongoClientSettings{readPreference=primary, writeConcern=WriteConcern{w=null, wTimeout=null ms, journal=null}, retryWrites=true, retryReads=true, readConcern=ReadConcern{level=null}, credential=null, transportSettings=null, commandListeners=[io.micrometer.core.instrument.binder.mongodb.MongoMetricsCommandListener@2224f1a9], codecRegistry=ProvidersCodecRegistry{codecProviders=[ValueCodecProvider{}, BsonValueCodecProvider{}, DBRefCodecProvider{}, DBObjectCodecProvider{}, DocumentCodecProvider{}, CollectionCodecProvider{}, IterableCodecProvider{}, MapCodecProvider{}, GeoJsonCodecProvider{}, GridFSFileCodecProvider{}, Jsr310CodecProvider{}, JsonObjectCodecProvider{}, BsonCodecProvider{}, com.mongodb.client.model.mql.ExpressionCodecProvider@1022bac8, com.mongodb.Jep395RecordCodecProvider@5a1aa647, com.mongodb.KotlinCodecProvider@561a2ec, EnumCodecProvider{}]}, loggerSettings=LoggerSettings{maxDocumentLength=1000}, clusterSettings={hosts=[localhost:27017], srvServiceName=mongodb, mode=SINGLE, requiredClusterType=UNKNOWN, requiredReplicaSetName='null', serverSelector='null', clusterListeners='[]', serverSelectionTimeout='30000 ms', localThreshold='15 ms'}, socketSettings=SocketSettings{connectTimeoutMS=10000, readTimeoutMS=0, receiveBufferSize=0, proxySettings=ProxySettings{host=null, port=null, username=null, password=null}}, heartbeatSocketSettings=SocketSettings{connectTimeoutMS=10000, readTimeoutMS=10000, receiveBufferSize=0, proxySettings=ProxySettings{host=null, port=null, username=null, password=null}}, connectionPoolSettings=ConnectionPoolSettings{maxSize=100, minSize=0, maxWaitTimeMS=120000, maxConnectionLifeTimeMS=0, maxConnectionIdleTimeMS=0, maintenanceInitialDelayMS=0, maintenanceFrequencyMS=60000, connectionPoolListeners=[io.micrometer.core.instrument.binder.mongodb.MongoMetricsConnectionPoolListener@1da73397], maxConnecting=2}, serverSettings=ServerSettings{heartbeatFrequencyMS=10000, minHeartbeatFrequencyMS=500, serverMonitoringMode=AUTO, serverListeners='[]', serverMonitorListeners='[]'}, sslSettings=SslSettings{enabled=false, invalidHostNameAllowed=false, context=null}, applicationName='null', compressorList=[], uuidRepresentation=UNSPECIFIED, serverApi=null, autoEncryptionSettings=null, dnsClient=null, inetAddressResolver=null, contextProvider=null, timeoutMS=null}
2026-09-20T16:30:05.069+05:30  INFO 21820 --- [smartmetro-api] [cluster-6aafbcb4d1df0248bd7bb20e-localhost:27017] org.mongodb.driver.cluster               : Monitor thread successfully connected to server with description ServerDescription{address=localhost:27017, type=STANDALONE, cryptd=false, state=CONNECTED, ok=true, minWireVersion=0, maxWireVersion=28, maxDocumentSize=16777216, logicalSessionTimeoutMinutes=30, roundTripTimeNanos=27837300, minRoundTripTimeNanos=0}
2026-09-20T16:30:05.482+05:30  INFO 21820 --- [smartmetro-api] [restartedMain] o.s.b.a.e.web.EndpointLinksResolver      : Exposing 13 endpoints beneath base path '/actuator'
2026-09-20T16:30:05.559+05:30  INFO 21820 --- [smartmetro-api] [restartedMain] o.s.boot.tomcat.TomcatWebServer          : Tomcat started on port 8084 (http) with context path '/'
2026-09-20T16:30:05.568+05:30  INFO 21820 --- [smartmetro-api] [restartedMain] c.smartmetro.SmartmetroApiApplication    : Started SmartmetroApiApplication in 7.052 seconds (process running for 7.726)
2026-09-20T16:30:05.574+05:30  INFO 21820 --- [smartmetro-api] [restartedMain] c.smartmetro.SmartmetroApiApplication    : SmartmetroApiApplication started
2026-09-20T16:31:21.618+05:30  INFO 21820 --- [smartmetro-api] [SpringApplicationShutdownHook] o.s.boot.tomcat.GracefulShutdown         : Commencing graceful shutdown. Waiting for active requests to complete
2026-09-20T16:31:21.631+05:30  INFO 21820 --- [smartmetro-api] [tomcat-shutdown] o.s.boot.tomcat.GracefulShutdown         : Graceful shutdown complete
2026-09-20T16:31:21.637+05:30  INFO 21820 --- [smartmetro-api] [SpringApplicationShutdownHook] j.LocalContainerEntityManagerFactoryBean : Closing JPA EntityManagerFactory for persistence unit 'default'
2026-09-20T16:31:21.640+05:30  INFO 21820 --- [smartmetro-api] [SpringApplicationShutdownHook] com.zaxxer.hikari.HikariDataSource       : HikariPool-1 - Shutdown initiated...
2026-09-20T16:31:21.648+05:30  INFO 21820 --- [smartmetro-api] [SpringApplicationShutdownHook] com.zaxxer.hikari.HikariDataSource       : HikariPool-1 - Shutdown completed.
2026-09-20T16:31:25.341+05:30  INFO 13912 --- [smartmetro-api] [restartedMain] c.smartmetro.SmartmetroApiApplication    : Starting SmartmetroApiApplication using Java 24.0.1 with PID 13912 (C:\Users\SHASHANK\Downloads\smartmetro-api\smartmetro-api\build\classes\java\main started by SHASHANK in C:\Users\SHASHANK\Downloads\smartmetro-api\smartmetro-api)
2026-09-20T16:31:25.343+05:30 DEBUG 13912 --- [smartmetro-api] [restartedMain] c.smartmetro.SmartmetroApiApplication    : Running with Spring Boot v4.1.0, Spring v7.0.8
2026-09-20T16:31:25.343+05:30  INFO 13912 --- [smartmetro-api] [restartedMain] c.smartmetro.SmartmetroApiApplication    : The following 1 profile is active: "uat"
2026-09-20T16:31:25.410+05:30  INFO 13912 --- [smartmetro-api] [restartedMain] o.s.b.devtools.restart.ChangeableUrls    : The Class-Path manifest attribute in C:\Users\SHASHANK\.gradle\caches\modules-2\files-2.1\com.oracle.database.jdbc\ojdbc11\23.26.2.0.0\2462b603e435c9a2707f41a1896e5b5be6f36520\ojdbc11-23.26.2.0.0.jar referenced one or more files that do not exist: file:/C:/Users/SHASHANK/.gradle/caches/modules-2/files-2.1/com.oracle.database.jdbc/ojdbc11/23.26.2.0.0/2462b603e435c9a2707f41a1896e5b5be6f36520/oraclepki.jar
2026-09-20T16:31:25.411+05:30  INFO 13912 --- [smartmetro-api] [restartedMain] .e.DevToolsPropertyDefaultsPostProcessor : Devtools property defaults active! Set 'spring.devtools.add-properties' to 'false' to disable
2026-09-20T16:31:25.411+05:30  INFO 13912 --- [smartmetro-api] [restartedMain] .e.DevToolsPropertyDefaultsPostProcessor : For additional web related logging consider setting the 'logging.level.web' property to 'DEBUG'
2026-09-20T16:31:26.486+05:30  INFO 13912 --- [smartmetro-api] [restartedMain] .s.d.r.c.RepositoryConfigurationDelegate : Multiple Spring Data modules found, entering strict repository configuration mode
2026-09-20T16:31:26.488+05:30  INFO 13912 --- [smartmetro-api] [restartedMain] .s.d.r.c.RepositoryConfigurationDelegate : Bootstrapping Spring Data JPA repositories in DEFAULT mode.
2026-09-20T16:31:26.575+05:30  INFO 13912 --- [smartmetro-api] [restartedMain] .s.d.r.c.RepositoryConfigurationDelegate : Finished Spring Data repository scanning in 74 ms. Found 8 JPA repository interfaces.
2026-09-20T16:31:26.618+05:30  INFO 13912 --- [smartmetro-api] [restartedMain] .s.d.r.c.RepositoryConfigurationDelegate : Multiple Spring Data modules found, entering strict repository configuration mode
2026-09-20T16:31:26.620+05:30  INFO 13912 --- [smartmetro-api] [restartedMain] .s.d.r.c.RepositoryConfigurationDelegate : Bootstrapping Spring Data MongoDB repositories in DEFAULT mode.
2026-09-20T16:31:26.627+05:30  INFO 13912 --- [smartmetro-api] [restartedMain] .RepositoryConfigurationExtensionSupport : Spring Data MongoDB - Could not safely identify store assignment for repository candidate interface com.smartmetro.repository.MetroCardRepository; If you want this repository to be a MongoDB repository, consider annotating your entities with one of these annotations: org.springframework.data.mongodb.core.mapping.Document (preferred), or consider extending one of the following types with your repository: org.springframework.data.mongodb.repository.MongoRepository
2026-09-20T16:31:26.628+05:30  INFO 13912 --- [smartmetro-api] [restartedMain] .RepositoryConfigurationExtensionSupport : Spring Data MongoDB - Could not safely identify store assignment for repository candidate interface com.smartmetro.repository.PaymentRepository; If you want this repository to be a MongoDB repository, consider annotating your entities with one of these annotations: org.springframework.data.mongodb.core.mapping.Document (preferred), or consider extending one of the following types with your repository: org.springframework.data.mongodb.repository.MongoRepository
2026-09-20T16:31:26.628+05:30  INFO 13912 --- [smartmetro-api] [restartedMain] .RepositoryConfigurationExtensionSupport : Spring Data MongoDB - Could not safely identify store assignment for repository candidate interface com.smartmetro.repository.RouteRepository; If you want this repository to be a MongoDB repository, consider annotating your entities with one of these annotations: org.springframework.data.mongodb.core.mapping.Document (preferred), or consider extending one of the following types with your repository: org.springframework.data.mongodb.repository.MongoRepository
2026-09-20T16:31:26.628+05:30  INFO 13912 --- [smartmetro-api] [restartedMain] .RepositoryConfigurationExtensionSupport : Spring Data MongoDB - Could not safely identify store assignment for repository candidate interface com.smartmetro.repository.RouteStationRepository; If you want this repository to be a MongoDB repository, consider annotating your entities with one of these annotations: org.springframework.data.mongodb.core.mapping.Document (preferred), or consider extending one of the following types with your repository: org.springframework.data.mongodb.repository.MongoRepository
2026-09-20T16:31:26.628+05:30  INFO 13912 --- [smartmetro-api] [restartedMain] .RepositoryConfigurationExtensionSupport : Spring Data MongoDB - Could not safely identify store assignment for repository candidate interface com.smartmetro.repository.StationRepository; If you want this repository to be a MongoDB repository, consider annotating your entities with one of these annotations: org.springframework.data.mongodb.core.mapping.Document (preferred), or consider extending one of the following types with your repository: org.springframework.data.mongodb.repository.MongoRepository
2026-09-20T16:31:26.628+05:30  INFO 13912 --- [smartmetro-api] [restartedMain] .RepositoryConfigurationExtensionSupport : Spring Data MongoDB - Could not safely identify store assignment for repository candidate interface com.smartmetro.repository.TransactionRepository; If you want this repository to be a MongoDB repository, consider annotating your entities with one of these annotations: org.springframework.data.mongodb.core.mapping.Document (preferred), or consider extending one of the following types with your repository: org.springframework.data.mongodb.repository.MongoRepository
2026-09-20T16:31:26.629+05:30  INFO 13912 --- [smartmetro-api] [restartedMain] .RepositoryConfigurationExtensionSupport : Spring Data MongoDB - Could not safely identify store assignment for repository candidate interface com.smartmetro.repository.TripRepository; If you want this repository to be a MongoDB repository, consider annotating your entities with one of these annotations: org.springframework.data.mongodb.core.mapping.Document (preferred), or consider extending one of the following types with your repository: org.springframework.data.mongodb.repository.MongoRepository
2026-09-20T16:31:26.629+05:30  INFO 13912 --- [smartmetro-api] [restartedMain] .RepositoryConfigurationExtensionSupport : Spring Data MongoDB - Could not safely identify store assignment for repository candidate interface com.smartmetro.repository.UserRepository; If you want this repository to be a MongoDB repository, consider annotating your entities with one of these annotations: org.springframework.data.mongodb.core.mapping.Document (preferred), or consider extending one of the following types with your repository: org.springframework.data.mongodb.repository.MongoRepository
2026-09-20T16:31:26.629+05:30  INFO 13912 --- [smartmetro-api] [restartedMain] .s.d.r.c.RepositoryConfigurationDelegate : Finished Spring Data repository scanning in 8 ms. Found 0 MongoDB repository interfaces.
2026-09-20T16:31:27.390+05:30  INFO 13912 --- [smartmetro-api] [restartedMain] o.s.boot.tomcat.TomcatWebServer          : Tomcat initialized with port 8084 (http)
2026-09-20T16:31:27.411+05:30  INFO 13912 --- [smartmetro-api] [restartedMain] o.apache.catalina.core.StandardService   : Starting service [Tomcat]
2026-09-20T16:31:27.412+05:30  INFO 13912 --- [smartmetro-api] [restartedMain] o.apache.catalina.core.StandardEngine    : Starting Servlet engine: [Apache Tomcat/11.0.22]
2026-09-20T16:31:27.461+05:30  INFO 13912 --- [smartmetro-api] [restartedMain] b.w.c.s.WebApplicationContextInitializer : Root WebApplicationContext: initialization completed in 2050 ms
2026-09-20T16:31:27.927+05:30  INFO 13912 --- [smartmetro-api] [restartedMain] com.zaxxer.hikari.HikariDataSource       : HikariPool-1 - Starting...
2026-09-20T16:31:28.335+05:30  INFO 13912 --- [smartmetro-api] [restartedMain] com.zaxxer.hikari.pool.HikariPool        : HikariPool-1 - Added connection oracle.jdbc.driver.T4CConnection@3a1d6778
2026-09-20T16:31:28.336+05:30  INFO 13912 --- [smartmetro-api] [restartedMain] com.zaxxer.hikari.HikariDataSource       : HikariPool-1 - Start completed.
2026-09-20T16:31:28.372+05:30  INFO 13912 --- [smartmetro-api] [restartedMain] org.hibernate.orm.jpa                    : HHH008540: Processing PersistenceUnitInfo [name: default]
2026-09-20T16:31:28.432+05:30  INFO 13912 --- [smartmetro-api] [restartedMain] org.hibernate.orm.core                   : HHH000001: Hibernate ORM core version 7.4.1.Final
2026-09-20T16:31:29.061+05:30  INFO 13912 --- [smartmetro-api] [restartedMain] o.s.o.j.p.SpringPersistenceUnitInfo      : No LoadTimeWeaver setup: ignoring JPA class transformer
2026-09-20T16:31:29.348+05:30  WARN 13912 --- [smartmetro-api] [restartedMain] org.hibernate.orm.core                   : HHH000511: The 11.2.0 version for [org.hibernate.dialect.OracleDialect] is no longer supported, hence certain features may not work properly.The minimum supported version is 19.0.0. Check the community dialects project for available legacy versions.
2026-09-20T16:31:29.375+05:30  WARN 13912 --- [smartmetro-api] [restartedMain] org.hibernate.orm.jdbc                   : HHH100123: Low default JDBC fetch size: 10 (consider setting 'hibernate.jdbc.fetch_size')
2026-09-20T16:31:29.380+05:30  INFO 13912 --- [smartmetro-api] [restartedMain] org.hibernate.orm.connections.pooling    : HHH10001005: Database info:
	Database JDBC URL [jdbc:oracle:thin:@localhost:1521:xe]
	Database driver: Oracle JDBC driver
	Database dialect: OracleDialect
	Database version: 11.2
	Default catalog/schema: undefined/SYSTEM
	Autocommit mode: undefined/unknown
	Isolation level: READ_COMMITTED [default READ_COMMITTED]
	JDBC fetch size: 10
	Pool: DataSourceConnectionProvider
	Minimum pool size: undefined/unknown
	Maximum pool size: undefined/unknown
2026-09-20T16:31:30.695+05:30  INFO 13912 --- [smartmetro-api] [restartedMain] org.hibernate.orm.core                   : HHH000489: No JTA platform available (set 'hibernate.transaction.jta.platform' to enable JTA platform integration)
2026-09-20T16:31:30.702+05:30  INFO 13912 --- [smartmetro-api] [restartedMain] j.LocalContainerEntityManagerFactoryBean : Initialized JPA EntityManagerFactory for persistence unit 'default'
2026-09-20T16:31:30.781+05:30  INFO 13912 --- [smartmetro-api] [restartedMain] o.s.d.j.r.query.QueryEnhancerFactories   : Hibernate is in classpath; If applicable, HQL parser will be used.
2026-09-20T16:31:30.928+05:30  WARN 13912 --- [smartmetro-api] [restartedMain] JpaBaseConfiguration$JpaWebConfiguration : spring.jpa.open-in-view is enabled by default. Therefore, database queries may be performed during view rendering. Explicitly configure spring.jpa.open-in-view to disable this warning
2026-09-20T16:31:31.400+05:30  INFO 13912 --- [smartmetro-api] [restartedMain] org.mongodb.driver.client                : MongoClient with metadata {"driver": {"name": "mongo-java-driver|spring-boot|sync", "version": "5.8.0"}, "os": {"type": "Windows", "name": "Windows 11", "architecture": "amd64", "version": "10.0"}, "platform": "Java/Oracle Corporation/24.0.1+9-30"} created with settings MongoClientSettings{readPreference=primary, writeConcern=WriteConcern{w=null, wTimeout=null ms, journal=null}, retryWrites=true, retryReads=true, readConcern=ReadConcern{level=null}, credential=null, transportSettings=null, commandListeners=[io.micrometer.core.instrument.binder.mongodb.MongoMetricsCommandListener@75d22aa0], codecRegistry=ProvidersCodecRegistry{codecProviders=[ValueCodecProvider{}, BsonValueCodecProvider{}, DBRefCodecProvider{}, DBObjectCodecProvider{}, DocumentCodecProvider{}, CollectionCodecProvider{}, IterableCodecProvider{}, MapCodecProvider{}, GeoJsonCodecProvider{}, GridFSFileCodecProvider{}, Jsr310CodecProvider{}, JsonObjectCodecProvider{}, BsonCodecProvider{}, com.mongodb.client.model.mql.ExpressionCodecProvider@5007b5f1, com.mongodb.Jep395RecordCodecProvider@3ac42019, com.mongodb.KotlinCodecProvider@1ee069da, EnumCodecProvider{}]}, loggerSettings=LoggerSettings{maxDocumentLength=1000}, clusterSettings={hosts=[localhost:27017], srvServiceName=mongodb, mode=SINGLE, requiredClusterType=UNKNOWN, requiredReplicaSetName='null', serverSelector='null', clusterListeners='[]', serverSelectionTimeout='30000 ms', localThreshold='15 ms'}, socketSettings=SocketSettings{connectTimeoutMS=10000, readTimeoutMS=0, receiveBufferSize=0, proxySettings=ProxySettings{host=null, port=null, username=null, password=null}}, heartbeatSocketSettings=SocketSettings{connectTimeoutMS=10000, readTimeoutMS=10000, receiveBufferSize=0, proxySettings=ProxySettings{host=null, port=null, username=null, password=null}}, connectionPoolSettings=ConnectionPoolSettings{maxSize=100, minSize=0, maxWaitTimeMS=120000, maxConnectionLifeTimeMS=0, maxConnectionIdleTimeMS=0, maintenanceInitialDelayMS=0, maintenanceFrequencyMS=60000, connectionPoolListeners=[io.micrometer.core.instrument.binder.mongodb.MongoMetricsConnectionPoolListener@1f704c77], maxConnecting=2}, serverSettings=ServerSettings{heartbeatFrequencyMS=10000, minHeartbeatFrequencyMS=500, serverMonitoringMode=AUTO, serverListeners='[]', serverMonitorListeners='[]'}, sslSettings=SslSettings{enabled=false, invalidHostNameAllowed=false, context=null}, applicationName='null', compressorList=[], uuidRepresentation=UNSPECIFIED, serverApi=null, autoEncryptionSettings=null, dnsClient=null, inetAddressResolver=null, contextProvider=null, timeoutMS=null}
2026-09-20T16:31:31.414+05:30  INFO 13912 --- [smartmetro-api] [cluster-6aafbd0b83e14bdb6f8eaa02-localhost:27017] org.mongodb.driver.cluster               : Monitor thread successfully connected to server with description ServerDescription{address=localhost:27017, type=STANDALONE, cryptd=false, state=CONNECTED, ok=true, minWireVersion=0, maxWireVersion=28, maxDocumentSize=16777216, logicalSessionTimeoutMinutes=30, roundTripTimeNanos=21224300, minRoundTripTimeNanos=0}
2026-09-20T16:31:31.778+05:30  INFO 13912 --- [smartmetro-api] [restartedMain] o.s.b.a.e.web.EndpointLinksResolver      : Exposing 13 endpoints beneath base path '/actuator'
2026-09-20T16:31:31.855+05:30  INFO 13912 --- [smartmetro-api] [restartedMain] o.s.boot.tomcat.TomcatWebServer          : Tomcat started on port 8084 (http) with context path '/'
2026-09-20T16:31:31.863+05:30  INFO 13912 --- [smartmetro-api] [restartedMain] c.smartmetro.SmartmetroApiApplication    : Started SmartmetroApiApplication in 7.132 seconds (process running for 7.794)
2026-09-20T16:31:31.869+05:30  INFO 13912 --- [smartmetro-api] [restartedMain] c.smartmetro.SmartmetroApiApplication    : SmartmetroApiApplication started
2026-09-20T16:33:15.594+05:30  INFO 13912 --- [smartmetro-api] [SpringApplicationShutdownHook] o.s.boot.tomcat.GracefulShutdown         : Commencing graceful shutdown. Waiting for active requests to complete
2026-09-20T16:33:15.598+05:30  INFO 13912 --- [smartmetro-api] [tomcat-shutdown] o.s.boot.tomcat.GracefulShutdown         : Graceful shutdown complete
2026-09-20T16:33:15.605+05:30  INFO 13912 --- [smartmetro-api] [SpringApplicationShutdownHook] j.LocalContainerEntityManagerFactoryBean : Closing JPA EntityManagerFactory for persistence unit 'default'
2026-09-20T16:33:15.609+05:30  INFO 13912 --- [smartmetro-api] [SpringApplicationShutdownHook] com.zaxxer.hikari.HikariDataSource       : HikariPool-1 - Shutdown initiated...
2026-09-20T16:33:15.616+05:30  INFO 13912 --- [smartmetro-api] [SpringApplicationShutdownHook] com.zaxxer.hikari.HikariDataSource       : HikariPool-1 - Shutdown completed.
2026-09-20T16:33:20.059+05:30  INFO 7616 --- [smartmetro-api] [restartedMain] c.smartmetro.SmartmetroApiApplication    : Starting SmartmetroApiApplication using Java 24.0.1 with PID 7616 (C:\Users\SHASHANK\Downloads\smartmetro-api\smartmetro-api\build\classes\java\main started by SHASHANK in C:\Users\SHASHANK\Downloads\smartmetro-api\smartmetro-api)
2026-09-20T16:33:20.063+05:30 DEBUG 7616 --- [smartmetro-api] [restartedMain] c.smartmetro.SmartmetroApiApplication    : Running with Spring Boot v4.1.0, Spring v7.0.8
2026-09-20T16:33:20.064+05:30  INFO 7616 --- [smartmetro-api] [restartedMain] c.smartmetro.SmartmetroApiApplication    : The following 1 profile is active: "uat"
2026-09-20T16:33:20.135+05:30  INFO 7616 --- [smartmetro-api] [restartedMain] o.s.b.devtools.restart.ChangeableUrls    : The Class-Path manifest attribute in C:\Users\SHASHANK\.gradle\caches\modules-2\files-2.1\com.oracle.database.jdbc\ojdbc11\23.26.2.0.0\2462b603e435c9a2707f41a1896e5b5be6f36520\ojdbc11-23.26.2.0.0.jar referenced one or more files that do not exist: file:/C:/Users/SHASHANK/.gradle/caches/modules-2/files-2.1/com.oracle.database.jdbc/ojdbc11/23.26.2.0.0/2462b603e435c9a2707f41a1896e5b5be6f36520/oraclepki.jar
2026-09-20T16:33:20.137+05:30  INFO 7616 --- [smartmetro-api] [restartedMain] .e.DevToolsPropertyDefaultsPostProcessor : Devtools property defaults active! Set 'spring.devtools.add-properties' to 'false' to disable
2026-09-20T16:33:20.137+05:30  INFO 7616 --- [smartmetro-api] [restartedMain] .e.DevToolsPropertyDefaultsPostProcessor : For additional web related logging consider setting the 'logging.level.web' property to 'DEBUG'
2026-09-20T16:33:21.304+05:30  INFO 7616 --- [smartmetro-api] [restartedMain] .s.d.r.c.RepositoryConfigurationDelegate : Multiple Spring Data modules found, entering strict repository configuration mode
2026-09-20T16:33:21.306+05:30  INFO 7616 --- [smartmetro-api] [restartedMain] .s.d.r.c.RepositoryConfigurationDelegate : Bootstrapping Spring Data JPA repositories in DEFAULT mode.
2026-09-20T16:33:21.405+05:30  INFO 7616 --- [smartmetro-api] [restartedMain] .s.d.r.c.RepositoryConfigurationDelegate : Finished Spring Data repository scanning in 86 ms. Found 8 JPA repository interfaces.
2026-09-20T16:33:21.449+05:30  INFO 7616 --- [smartmetro-api] [restartedMain] .s.d.r.c.RepositoryConfigurationDelegate : Multiple Spring Data modules found, entering strict repository configuration mode
2026-09-20T16:33:21.450+05:30  INFO 7616 --- [smartmetro-api] [restartedMain] .s.d.r.c.RepositoryConfigurationDelegate : Bootstrapping Spring Data MongoDB repositories in DEFAULT mode.
2026-09-20T16:33:21.458+05:30  INFO 7616 --- [smartmetro-api] [restartedMain] .RepositoryConfigurationExtensionSupport : Spring Data MongoDB - Could not safely identify store assignment for repository candidate interface com.smartmetro.repository.MetroCardRepository; If you want this repository to be a MongoDB repository, consider annotating your entities with one of these annotations: org.springframework.data.mongodb.core.mapping.Document (preferred), or consider extending one of the following types with your repository: org.springframework.data.mongodb.repository.MongoRepository
2026-09-20T16:33:21.458+05:30  INFO 7616 --- [smartmetro-api] [restartedMain] .RepositoryConfigurationExtensionSupport : Spring Data MongoDB - Could not safely identify store assignment for repository candidate interface com.smartmetro.repository.PaymentRepository; If you want this repository to be a MongoDB repository, consider annotating your entities with one of these annotations: org.springframework.data.mongodb.core.mapping.Document (preferred), or consider extending one of the following types with your repository: org.springframework.data.mongodb.repository.MongoRepository
2026-09-20T16:33:21.459+05:30  INFO 7616 --- [smartmetro-api] [restartedMain] .RepositoryConfigurationExtensionSupport : Spring Data MongoDB - Could not safely identify store assignment for repository candidate interface com.smartmetro.repository.RouteRepository; If you want this repository to be a MongoDB repository, consider annotating your entities with one of these annotations: org.springframework.data.mongodb.core.mapping.Document (preferred), or consider extending one of the following types with your repository: org.springframework.data.mongodb.repository.MongoRepository
2026-09-20T16:33:21.460+05:30  INFO 7616 --- [smartmetro-api] [restartedMain] .RepositoryConfigurationExtensionSupport : Spring Data MongoDB - Could not safely identify store assignment for repository candidate interface com.smartmetro.repository.RouteStationRepository; If you want this repository to be a MongoDB repository, consider annotating your entities with one of these annotations: org.springframework.data.mongodb.core.mapping.Document (preferred), or consider extending one of the following types with your repository: org.springframework.data.mongodb.repository.MongoRepository
2026-09-20T16:33:21.460+05:30  INFO 7616 --- [smartmetro-api] [restartedMain] .RepositoryConfigurationExtensionSupport : Spring Data MongoDB - Could not safely identify store assignment for repository candidate interface com.smartmetro.repository.StationRepository; If you want this repository to be a MongoDB repository, consider annotating your entities with one of these annotations: org.springframework.data.mongodb.core.mapping.Document (preferred), or consider extending one of the following types with your repository: org.springframework.data.mongodb.repository.MongoRepository
2026-09-20T16:33:21.460+05:30  INFO 7616 --- [smartmetro-api] [restartedMain] .RepositoryConfigurationExtensionSupport : Spring Data MongoDB - Could not safely identify store assignment for repository candidate interface com.smartmetro.repository.TransactionRepository; If you want this repository to be a MongoDB repository, consider annotating your entities with one of these annotations: org.springframework.data.mongodb.core.mapping.Document (preferred), or consider extending one of the following types with your repository: org.springframework.data.mongodb.repository.MongoRepository
2026-09-20T16:33:21.460+05:30  INFO 7616 --- [smartmetro-api] [restartedMain] .RepositoryConfigurationExtensionSupport : Spring Data MongoDB - Could not safely identify store assignment for repository candidate interface com.smartmetro.repository.TripRepository; If you want this repository to be a MongoDB repository, consider annotating your entities with one of these annotations: org.springframework.data.mongodb.core.mapping.Document (preferred), or consider extending one of the following types with your repository: org.springframework.data.mongodb.repository.MongoRepository
2026-09-20T16:33:21.461+05:30  INFO 7616 --- [smartmetro-api] [restartedMain] .RepositoryConfigurationExtensionSupport : Spring Data MongoDB - Could not safely identify store assignment for repository candidate interface com.smartmetro.repository.UserRepository; If you want this repository to be a MongoDB repository, consider annotating your entities with one of these annotations: org.springframework.data.mongodb.core.mapping.Document (preferred), or consider extending one of the following types with your repository: org.springframework.data.mongodb.repository.MongoRepository
2026-09-20T16:33:21.461+05:30  INFO 7616 --- [smartmetro-api] [restartedMain] .s.d.r.c.RepositoryConfigurationDelegate : Finished Spring Data repository scanning in 9 ms. Found 0 MongoDB repository interfaces.
2026-09-20T16:33:22.135+05:30  INFO 7616 --- [smartmetro-api] [restartedMain] o.s.boot.tomcat.TomcatWebServer          : Tomcat initialized with port 8084 (http)
2026-09-20T16:33:22.154+05:30  INFO 7616 --- [smartmetro-api] [restartedMain] o.apache.catalina.core.StandardService   : Starting service [Tomcat]
2026-09-20T16:33:22.154+05:30  INFO 7616 --- [smartmetro-api] [restartedMain] o.apache.catalina.core.StandardEngine    : Starting Servlet engine: [Apache Tomcat/11.0.22]
2026-09-20T16:33:22.201+05:30  INFO 7616 --- [smartmetro-api] [restartedMain] b.w.c.s.WebApplicationContextInitializer : Root WebApplicationContext: initialization completed in 2063 ms
2026-09-20T16:33:22.640+05:30  INFO 7616 --- [smartmetro-api] [restartedMain] com.zaxxer.hikari.HikariDataSource       : HikariPool-1 - Starting...
2026-09-20T16:33:23.065+05:30  INFO 7616 --- [smartmetro-api] [restartedMain] com.zaxxer.hikari.pool.HikariPool        : HikariPool-1 - Added connection oracle.jdbc.driver.T4CConnection@3d9297de
2026-09-20T16:33:23.069+05:30  INFO 7616 --- [smartmetro-api] [restartedMain] com.zaxxer.hikari.HikariDataSource       : HikariPool-1 - Start completed.
2026-09-20T16:33:23.113+05:30  INFO 7616 --- [smartmetro-api] [restartedMain] org.hibernate.orm.jpa                    : HHH008540: Processing PersistenceUnitInfo [name: default]
2026-09-20T16:33:23.195+05:30  INFO 7616 --- [smartmetro-api] [restartedMain] org.hibernate.orm.core                   : HHH000001: Hibernate ORM core version 7.4.1.Final
2026-09-20T16:33:23.773+05:30  INFO 7616 --- [smartmetro-api] [restartedMain] o.s.o.j.p.SpringPersistenceUnitInfo      : No LoadTimeWeaver setup: ignoring JPA class transformer
2026-09-20T16:33:24.058+05:30  WARN 7616 --- [smartmetro-api] [restartedMain] org.hibernate.orm.core                   : HHH000511: The 11.2.0 version for [org.hibernate.dialect.OracleDialect] is no longer supported, hence certain features may not work properly.The minimum supported version is 19.0.0. Check the community dialects project for available legacy versions.
2026-09-20T16:33:24.090+05:30  WARN 7616 --- [smartmetro-api] [restartedMain] org.hibernate.orm.jdbc                   : HHH100123: Low default JDBC fetch size: 10 (consider setting 'hibernate.jdbc.fetch_size')
2026-09-20T16:33:24.094+05:30  INFO 7616 --- [smartmetro-api] [restartedMain] org.hibernate.orm.connections.pooling    : HHH10001005: Database info:
	Database JDBC URL [jdbc:oracle:thin:@localhost:1521:xe]
	Database driver: Oracle JDBC driver
	Database dialect: OracleDialect
	Database version: 11.2
	Default catalog/schema: undefined/SYSTEM
	Autocommit mode: undefined/unknown
	Isolation level: READ_COMMITTED [default READ_COMMITTED]
	JDBC fetch size: 10
	Pool: DataSourceConnectionProvider
	Minimum pool size: undefined/unknown
	Maximum pool size: undefined/unknown
2026-09-20T16:33:25.356+05:30  INFO 7616 --- [smartmetro-api] [restartedMain] org.hibernate.orm.core                   : HHH000489: No JTA platform available (set 'hibernate.transaction.jta.platform' to enable JTA platform integration)
2026-09-20T16:33:25.365+05:30  INFO 7616 --- [smartmetro-api] [restartedMain] j.LocalContainerEntityManagerFactoryBean : Initialized JPA EntityManagerFactory for persistence unit 'default'
2026-09-20T16:33:25.451+05:30  INFO 7616 --- [smartmetro-api] [restartedMain] o.s.d.j.r.query.QueryEnhancerFactories   : Hibernate is in classpath; If applicable, HQL parser will be used.
2026-09-20T16:33:25.641+05:30  WARN 7616 --- [smartmetro-api] [restartedMain] JpaBaseConfiguration$JpaWebConfiguration : spring.jpa.open-in-view is enabled by default. Therefore, database queries may be performed during view rendering. Explicitly configure spring.jpa.open-in-view to disable this warning
2026-09-20T16:33:26.142+05:30  INFO 7616 --- [smartmetro-api] [restartedMain] org.mongodb.driver.client                : MongoClient with metadata {"driver": {"name": "mongo-java-driver|spring-boot|sync", "version": "5.8.0"}, "os": {"type": "Windows", "name": "Windows 11", "architecture": "amd64", "version": "10.0"}, "platform": "Java/Oracle Corporation/24.0.1+9-30"} created with settings MongoClientSettings{readPreference=primary, writeConcern=WriteConcern{w=null, wTimeout=null ms, journal=null}, retryWrites=true, retryReads=true, readConcern=ReadConcern{level=null}, credential=null, transportSettings=null, commandListeners=[io.micrometer.core.instrument.binder.mongodb.MongoMetricsCommandListener@2917e0dc], codecRegistry=ProvidersCodecRegistry{codecProviders=[ValueCodecProvider{}, BsonValueCodecProvider{}, DBRefCodecProvider{}, DBObjectCodecProvider{}, DocumentCodecProvider{}, CollectionCodecProvider{}, IterableCodecProvider{}, MapCodecProvider{}, GeoJsonCodecProvider{}, GridFSFileCodecProvider{}, Jsr310CodecProvider{}, JsonObjectCodecProvider{}, BsonCodecProvider{}, com.mongodb.client.model.mql.ExpressionCodecProvider@579f5f44, com.mongodb.Jep395RecordCodecProvider@5285da79, com.mongodb.KotlinCodecProvider@ade25fe, EnumCodecProvider{}]}, loggerSettings=LoggerSettings{maxDocumentLength=1000}, clusterSettings={hosts=[localhost:27017], srvServiceName=mongodb, mode=SINGLE, requiredClusterType=UNKNOWN, requiredReplicaSetName='null', serverSelector='null', clusterListeners='[]', serverSelectionTimeout='30000 ms', localThreshold='15 ms'}, socketSettings=SocketSettings{connectTimeoutMS=10000, readTimeoutMS=0, receiveBufferSize=0, proxySettings=ProxySettings{host=null, port=null, username=null, password=null}}, heartbeatSocketSettings=SocketSettings{connectTimeoutMS=10000, readTimeoutMS=10000, receiveBufferSize=0, proxySettings=ProxySettings{host=null, port=null, username=null, password=null}}, connectionPoolSettings=ConnectionPoolSettings{maxSize=100, minSize=0, maxWaitTimeMS=120000, maxConnectionLifeTimeMS=0, maxConnectionIdleTimeMS=0, maintenanceInitialDelayMS=0, maintenanceFrequencyMS=60000, connectionPoolListeners=[io.micrometer.core.instrument.binder.mongodb.MongoMetricsConnectionPoolListener@2bcbc8f6], maxConnecting=2}, serverSettings=ServerSettings{heartbeatFrequencyMS=10000, minHeartbeatFrequencyMS=500, serverMonitoringMode=AUTO, serverListeners='[]', serverMonitorListeners='[]'}, sslSettings=SslSettings{enabled=false, invalidHostNameAllowed=false, context=null}, applicationName='null', compressorList=[], uuidRepresentation=UNSPECIFIED, serverApi=null, autoEncryptionSettings=null, dnsClient=null, inetAddressResolver=null, contextProvider=null, timeoutMS=null}
2026-09-20T16:33:26.156+05:30  INFO 7616 --- [smartmetro-api] [cluster-6aafbd7e2f45efc4474046cd-localhost:27017] org.mongodb.driver.cluster               : Monitor thread successfully connected to server with description ServerDescription{address=localhost:27017, type=STANDALONE, cryptd=false, state=CONNECTED, ok=true, minWireVersion=0, maxWireVersion=28, maxDocumentSize=16777216, logicalSessionTimeoutMinutes=30, roundTripTimeNanos=23057300, minRoundTripTimeNanos=0}
2026-09-20T16:33:26.513+05:30  INFO 7616 --- [smartmetro-api] [restartedMain] o.s.b.a.e.web.EndpointLinksResolver      : Exposing 13 endpoints beneath base path '/actuator'
2026-09-20T16:33:26.593+05:30  INFO 7616 --- [smartmetro-api] [restartedMain] o.s.boot.tomcat.TomcatWebServer          : Tomcat started on port 8084 (http) with context path '/'
2026-09-20T16:33:26.602+05:30  INFO 7616 --- [smartmetro-api] [restartedMain] c.smartmetro.SmartmetroApiApplication    : Started SmartmetroApiApplication in 7.404 seconds (process running for 8.349)
2026-09-20T16:33:26.609+05:30  INFO 7616 --- [smartmetro-api] [restartedMain] c.smartmetro.SmartmetroApiApplication    : SmartmetroApiApplication started
2026-09-20T16:38:31.590+05:30  INFO 7616 --- [smartmetro-api] [SpringApplicationShutdownHook] o.s.boot.tomcat.GracefulShutdown         : Commencing graceful shutdown. Waiting for active requests to complete
2026-09-20T16:38:31.595+05:30  INFO 7616 --- [smartmetro-api] [tomcat-shutdown] o.s.boot.tomcat.GracefulShutdown         : Graceful shutdown complete
2026-09-20T16:38:31.601+05:30  INFO 7616 --- [smartmetro-api] [SpringApplicationShutdownHook] j.LocalContainerEntityManagerFactoryBean : Closing JPA EntityManagerFactory for persistence unit 'default'
2026-09-20T16:38:31.604+05:30  INFO 7616 --- [smartmetro-api] [SpringApplicationShutdownHook] com.zaxxer.hikari.HikariDataSource       : HikariPool-1 - Shutdown initiated...
2026-09-20T16:38:31.611+05:30  INFO 7616 --- [smartmetro-api] [SpringApplicationShutdownHook] com.zaxxer.hikari.HikariDataSource       : HikariPool-1 - Shutdown completed.
2026-09-20T16:38:35.208+05:30  INFO 7208 --- [smartmetro-api] [restartedMain] c.smartmetro.SmartmetroApiApplication    : Starting SmartmetroApiApplication using Java 24.0.1 with PID 7208 (C:\Users\SHASHANK\Downloads\smartmetro-api\smartmetro-api\build\classes\java\main started by SHASHANK in C:\Users\SHASHANK\Downloads\smartmetro-api\smartmetro-api)
2026-09-20T16:38:35.211+05:30 DEBUG 7208 --- [smartmetro-api] [restartedMain] c.smartmetro.SmartmetroApiApplication    : Running with Spring Boot v4.1.0, Spring v7.0.8
2026-09-20T16:38:35.212+05:30  INFO 7208 --- [smartmetro-api] [restartedMain] c.smartmetro.SmartmetroApiApplication    : The following 1 profile is active: "uat"
2026-09-20T16:38:35.278+05:30  INFO 7208 --- [smartmetro-api] [restartedMain] o.s.b.devtools.restart.ChangeableUrls    : The Class-Path manifest attribute in C:\Users\SHASHANK\.gradle\caches\modules-2\files-2.1\com.oracle.database.jdbc\ojdbc11\23.26.2.0.0\2462b603e435c9a2707f41a1896e5b5be6f36520\ojdbc11-23.26.2.0.0.jar referenced one or more files that do not exist: file:/C:/Users/SHASHANK/.gradle/caches/modules-2/files-2.1/com.oracle.database.jdbc/ojdbc11/23.26.2.0.0/2462b603e435c9a2707f41a1896e5b5be6f36520/oraclepki.jar
2026-09-20T16:38:35.279+05:30  INFO 7208 --- [smartmetro-api] [restartedMain] .e.DevToolsPropertyDefaultsPostProcessor : Devtools property defaults active! Set 'spring.devtools.add-properties' to 'false' to disable
2026-09-20T16:38:35.279+05:30  INFO 7208 --- [smartmetro-api] [restartedMain] .e.DevToolsPropertyDefaultsPostProcessor : For additional web related logging consider setting the 'logging.level.web' property to 'DEBUG'
2026-09-20T16:38:36.275+05:30  INFO 7208 --- [smartmetro-api] [restartedMain] .s.d.r.c.RepositoryConfigurationDelegate : Multiple Spring Data modules found, entering strict repository configuration mode
2026-09-20T16:38:36.278+05:30  INFO 7208 --- [smartmetro-api] [restartedMain] .s.d.r.c.RepositoryConfigurationDelegate : Bootstrapping Spring Data JPA repositories in DEFAULT mode.
2026-09-20T16:38:36.361+05:30  INFO 7208 --- [smartmetro-api] [restartedMain] .s.d.r.c.RepositoryConfigurationDelegate : Finished Spring Data repository scanning in 72 ms. Found 8 JPA repository interfaces.
2026-09-20T16:38:36.401+05:30  INFO 7208 --- [smartmetro-api] [restartedMain] .s.d.r.c.RepositoryConfigurationDelegate : Multiple Spring Data modules found, entering strict repository configuration mode
2026-09-20T16:38:36.401+05:30  INFO 7208 --- [smartmetro-api] [restartedMain] .s.d.r.c.RepositoryConfigurationDelegate : Bootstrapping Spring Data MongoDB repositories in DEFAULT mode.
2026-09-20T16:38:36.409+05:30  INFO 7208 --- [smartmetro-api] [restartedMain] .RepositoryConfigurationExtensionSupport : Spring Data MongoDB - Could not safely identify store assignment for repository candidate interface com.smartmetro.repository.MetroCardRepository; If you want this repository to be a MongoDB repository, consider annotating your entities with one of these annotations: org.springframework.data.mongodb.core.mapping.Document (preferred), or consider extending one of the following types with your repository: org.springframework.data.mongodb.repository.MongoRepository
2026-09-20T16:38:36.410+05:30  INFO 7208 --- [smartmetro-api] [restartedMain] .RepositoryConfigurationExtensionSupport : Spring Data MongoDB - Could not safely identify store assignment for repository candidate interface com.smartmetro.repository.PaymentRepository; If you want this repository to be a MongoDB repository, consider annotating your entities with one of these annotations: org.springframework.data.mongodb.core.mapping.Document (preferred), or consider extending one of the following types with your repository: org.springframework.data.mongodb.repository.MongoRepository
2026-09-20T16:38:36.410+05:30  INFO 7208 --- [smartmetro-api] [restartedMain] .RepositoryConfigurationExtensionSupport : Spring Data MongoDB - Could not safely identify store assignment for repository candidate interface com.smartmetro.repository.RouteRepository; If you want this repository to be a MongoDB repository, consider annotating your entities with one of these annotations: org.springframework.data.mongodb.core.mapping.Document (preferred), or consider extending one of the following types with your repository: org.springframework.data.mongodb.repository.MongoRepository
2026-09-20T16:38:36.410+05:30  INFO 7208 --- [smartmetro-api] [restartedMain] .RepositoryConfigurationExtensionSupport : Spring Data MongoDB - Could not safely identify store assignment for repository candidate interface com.smartmetro.repository.RouteStationRepository; If you want this repository to be a MongoDB repository, consider annotating your entities with one of these annotations: org.springframework.data.mongodb.core.mapping.Document (preferred), or consider extending one of the following types with your repository: org.springframework.data.mongodb.repository.MongoRepository
2026-09-20T16:38:36.410+05:30  INFO 7208 --- [smartmetro-api] [restartedMain] .RepositoryConfigurationExtensionSupport : Spring Data MongoDB - Could not safely identify store assignment for repository candidate interface com.smartmetro.repository.StationRepository; If you want this repository to be a MongoDB repository, consider annotating your entities with one of these annotations: org.springframework.data.mongodb.core.mapping.Document (preferred), or consider extending one of the following types with your repository: org.springframework.data.mongodb.repository.MongoRepository
2026-09-20T16:38:36.410+05:30  INFO 7208 --- [smartmetro-api] [restartedMain] .RepositoryConfigurationExtensionSupport : Spring Data MongoDB - Could not safely identify store assignment for repository candidate interface com.smartmetro.repository.TransactionRepository; If you want this repository to be a MongoDB repository, consider annotating your entities with one of these annotations: org.springframework.data.mongodb.core.mapping.Document (preferred), or consider extending one of the following types with your repository: org.springframework.data.mongodb.repository.MongoRepository
2026-09-20T16:38:36.411+05:30  INFO 7208 --- [smartmetro-api] [restartedMain] .RepositoryConfigurationExtensionSupport : Spring Data MongoDB - Could not safely identify store assignment for repository candidate interface com.smartmetro.repository.TripRepository; If you want this repository to be a MongoDB repository, consider annotating your entities with one of these annotations: org.springframework.data.mongodb.core.mapping.Document (preferred), or consider extending one of the following types with your repository: org.springframework.data.mongodb.repository.MongoRepository
2026-09-20T16:38:36.411+05:30  INFO 7208 --- [smartmetro-api] [restartedMain] .RepositoryConfigurationExtensionSupport : Spring Data MongoDB - Could not safely identify store assignment for repository candidate interface com.smartmetro.repository.UserRepository; If you want this repository to be a MongoDB repository, consider annotating your entities with one of these annotations: org.springframework.data.mongodb.core.mapping.Document (preferred), or consider extending one of the following types with your repository: org.springframework.data.mongodb.repository.MongoRepository
2026-09-20T16:38:36.412+05:30  INFO 7208 --- [smartmetro-api] [restartedMain] .s.d.r.c.RepositoryConfigurationDelegate : Finished Spring Data repository scanning in 9 ms. Found 0 MongoDB repository interfaces.
2026-09-20T16:38:37.017+05:30  INFO 7208 --- [smartmetro-api] [restartedMain] o.s.boot.tomcat.TomcatWebServer          : Tomcat initialized with port 8084 (http)
2026-09-20T16:38:37.032+05:30  INFO 7208 --- [smartmetro-api] [restartedMain] o.apache.catalina.core.StandardService   : Starting service [Tomcat]
2026-09-20T16:38:37.032+05:30  INFO 7208 --- [smartmetro-api] [restartedMain] o.apache.catalina.core.StandardEngine    : Starting Servlet engine: [Apache Tomcat/11.0.22]
2026-09-20T16:38:37.073+05:30  INFO 7208 --- [smartmetro-api] [restartedMain] b.w.c.s.WebApplicationContextInitializer : Root WebApplicationContext: initialization completed in 1793 ms
2026-09-20T16:38:37.432+05:30  INFO 7208 --- [smartmetro-api] [restartedMain] com.zaxxer.hikari.HikariDataSource       : HikariPool-1 - Starting...
2026-09-20T16:38:37.787+05:30  INFO 7208 --- [smartmetro-api] [restartedMain] com.zaxxer.hikari.pool.HikariPool        : HikariPool-1 - Added connection oracle.jdbc.driver.T4CConnection@3bac7751
2026-09-20T16:38:37.790+05:30  INFO 7208 --- [smartmetro-api] [restartedMain] com.zaxxer.hikari.HikariDataSource       : HikariPool-1 - Start completed.
2026-09-20T16:38:37.823+05:30  INFO 7208 --- [smartmetro-api] [restartedMain] org.hibernate.orm.jpa                    : HHH008540: Processing PersistenceUnitInfo [name: default]
2026-09-20T16:38:37.880+05:30  INFO 7208 --- [smartmetro-api] [restartedMain] org.hibernate.orm.core                   : HHH000001: Hibernate ORM core version 7.4.1.Final
2026-09-20T16:38:38.381+05:30  INFO 7208 --- [smartmetro-api] [restartedMain] o.s.o.j.p.SpringPersistenceUnitInfo      : No LoadTimeWeaver setup: ignoring JPA class transformer
2026-09-20T16:38:38.635+05:30  WARN 7208 --- [smartmetro-api] [restartedMain] org.hibernate.orm.core                   : HHH000511: The 11.2.0 version for [org.hibernate.dialect.OracleDialect] is no longer supported, hence certain features may not work properly.The minimum supported version is 19.0.0. Check the community dialects project for available legacy versions.
2026-09-20T16:38:38.661+05:30  WARN 7208 --- [smartmetro-api] [restartedMain] org.hibernate.orm.jdbc                   : HHH100123: Low default JDBC fetch size: 10 (consider setting 'hibernate.jdbc.fetch_size')
2026-09-20T16:38:38.665+05:30  INFO 7208 --- [smartmetro-api] [restartedMain] org.hibernate.orm.connections.pooling    : HHH10001005: Database info:
	Database JDBC URL [jdbc:oracle:thin:@localhost:1521:xe]
	Database driver: Oracle JDBC driver
	Database dialect: OracleDialect
	Database version: 11.2
	Default catalog/schema: undefined/SYSTEM
	Autocommit mode: undefined/unknown
	Isolation level: READ_COMMITTED [default READ_COMMITTED]
	JDBC fetch size: 10
	Pool: DataSourceConnectionProvider
	Minimum pool size: undefined/unknown
	Maximum pool size: undefined/unknown
2026-09-20T16:38:39.805+05:30  INFO 7208 --- [smartmetro-api] [restartedMain] org.hibernate.orm.core                   : HHH000489: No JTA platform available (set 'hibernate.transaction.jta.platform' to enable JTA platform integration)
2026-09-20T16:38:39.812+05:30  INFO 7208 --- [smartmetro-api] [restartedMain] j.LocalContainerEntityManagerFactoryBean : Initialized JPA EntityManagerFactory for persistence unit 'default'
2026-09-20T16:38:39.890+05:30  INFO 7208 --- [smartmetro-api] [restartedMain] o.s.d.j.r.query.QueryEnhancerFactories   : Hibernate is in classpath; If applicable, HQL parser will be used.
2026-09-20T16:38:40.069+05:30  WARN 7208 --- [smartmetro-api] [restartedMain] JpaBaseConfiguration$JpaWebConfiguration : spring.jpa.open-in-view is enabled by default. Therefore, database queries may be performed during view rendering. Explicitly configure spring.jpa.open-in-view to disable this warning
2026-09-20T16:38:40.560+05:30  INFO 7208 --- [smartmetro-api] [restartedMain] org.mongodb.driver.client                : MongoClient with metadata {"driver": {"name": "mongo-java-driver|spring-boot|sync", "version": "5.8.0"}, "os": {"type": "Windows", "name": "Windows 11", "architecture": "amd64", "version": "10.0"}, "platform": "Java/Oracle Corporation/24.0.1+9-30"} created with settings MongoClientSettings{readPreference=primary, writeConcern=WriteConcern{w=null, wTimeout=null ms, journal=null}, retryWrites=true, retryReads=true, readConcern=ReadConcern{level=null}, credential=null, transportSettings=null, commandListeners=[io.micrometer.core.instrument.binder.mongodb.MongoMetricsCommandListener@6db17238], codecRegistry=ProvidersCodecRegistry{codecProviders=[ValueCodecProvider{}, BsonValueCodecProvider{}, DBRefCodecProvider{}, DBObjectCodecProvider{}, DocumentCodecProvider{}, CollectionCodecProvider{}, IterableCodecProvider{}, MapCodecProvider{}, GeoJsonCodecProvider{}, GridFSFileCodecProvider{}, Jsr310CodecProvider{}, JsonObjectCodecProvider{}, BsonCodecProvider{}, com.mongodb.client.model.mql.ExpressionCodecProvider@4b9b5d29, com.mongodb.Jep395RecordCodecProvider@35baa32, com.mongodb.KotlinCodecProvider@4c5a2493, EnumCodecProvider{}]}, loggerSettings=LoggerSettings{maxDocumentLength=1000}, clusterSettings={hosts=[localhost:27017], srvServiceName=mongodb, mode=SINGLE, requiredClusterType=UNKNOWN, requiredReplicaSetName='null', serverSelector='null', clusterListeners='[]', serverSelectionTimeout='30000 ms', localThreshold='15 ms'}, socketSettings=SocketSettings{connectTimeoutMS=10000, readTimeoutMS=0, receiveBufferSize=0, proxySettings=ProxySettings{host=null, port=null, username=null, password=null}}, heartbeatSocketSettings=SocketSettings{connectTimeoutMS=10000, readTimeoutMS=10000, receiveBufferSize=0, proxySettings=ProxySettings{host=null, port=null, username=null, password=null}}, connectionPoolSettings=ConnectionPoolSettings{maxSize=100, minSize=0, maxWaitTimeMS=120000, maxConnectionLifeTimeMS=0, maxConnectionIdleTimeMS=0, maintenanceInitialDelayMS=0, maintenanceFrequencyMS=60000, connectionPoolListeners=[io.micrometer.core.instrument.binder.mongodb.MongoMetricsConnectionPoolListener@4682d87c], maxConnecting=2}, serverSettings=ServerSettings{heartbeatFrequencyMS=10000, minHeartbeatFrequencyMS=500, serverMonitoringMode=AUTO, serverListeners='[]', serverMonitorListeners='[]'}, sslSettings=SslSettings{enabled=false, invalidHostNameAllowed=false, context=null}, applicationName='null', compressorList=[], uuidRepresentation=UNSPECIFIED, serverApi=null, autoEncryptionSettings=null, dnsClient=null, inetAddressResolver=null, contextProvider=null, timeoutMS=null}
2026-09-20T16:38:40.574+05:30  INFO 7208 --- [smartmetro-api] [cluster-6aafbeb8ec9728cc83953d6a-localhost:27017] org.mongodb.driver.cluster               : Monitor thread successfully connected to server with description ServerDescription{address=localhost:27017, type=STANDALONE, cryptd=false, state=CONNECTED, ok=true, minWireVersion=0, maxWireVersion=28, maxDocumentSize=16777216, logicalSessionTimeoutMinutes=30, roundTripTimeNanos=25915400, minRoundTripTimeNanos=0}
2026-09-20T16:38:40.920+05:30  INFO 7208 --- [smartmetro-api] [restartedMain] o.s.b.a.e.web.EndpointLinksResolver      : Exposing 13 endpoints beneath base path '/actuator'
2026-09-20T16:38:40.999+05:30  INFO 7208 --- [smartmetro-api] [restartedMain] o.s.boot.tomcat.TomcatWebServer          : Tomcat started on port 8084 (http) with context path '/'
2026-09-20T16:38:41.010+05:30  INFO 7208 --- [smartmetro-api] [restartedMain] c.smartmetro.SmartmetroApiApplication    : Started SmartmetroApiApplication in 6.443 seconds (process running for 7.228)
2026-09-20T16:38:41.017+05:30  INFO 7208 --- [smartmetro-api] [restartedMain] c.smartmetro.SmartmetroApiApplication    : SmartmetroApiApplication started
2026-09-20T16:49:01.955+05:30  INFO 7208 --- [smartmetro-api] [SpringApplicationShutdownHook] o.s.boot.tomcat.GracefulShutdown         : Commencing graceful shutdown. Waiting for active requests to complete
2026-09-20T16:49:01.960+05:30  INFO 7208 --- [smartmetro-api] [tomcat-shutdown] o.s.boot.tomcat.GracefulShutdown         : Graceful shutdown complete
2026-09-20T16:49:01.968+05:30  INFO 7208 --- [smartmetro-api] [SpringApplicationShutdownHook] j.LocalContainerEntityManagerFactoryBean : Closing JPA EntityManagerFactory for persistence unit 'default'
2026-09-20T16:49:01.971+05:30  INFO 7208 --- [smartmetro-api] [SpringApplicationShutdownHook] com.zaxxer.hikari.HikariDataSource       : HikariPool-1 - Shutdown initiated...
2026-09-20T16:49:01.977+05:30  INFO 7208 --- [smartmetro-api] [SpringApplicationShutdownHook] com.zaxxer.hikari.HikariDataSource       : HikariPool-1 - Shutdown completed.
2026-09-20T16:49:05.727+05:30  INFO 12308 --- [smartmetro-api] [restartedMain] c.smartmetro.SmartmetroApiApplication    : Starting SmartmetroApiApplication using Java 24.0.1 with PID 12308 (C:\Users\SHASHANK\Downloads\smartmetro-api\smartmetro-api\build\classes\java\main started by SHASHANK in C:\Users\SHASHANK\Downloads\smartmetro-api\smartmetro-api)
2026-09-20T16:49:05.730+05:30 DEBUG 12308 --- [smartmetro-api] [restartedMain] c.smartmetro.SmartmetroApiApplication    : Running with Spring Boot v4.1.0, Spring v7.0.8
2026-09-20T16:49:05.731+05:30  INFO 12308 --- [smartmetro-api] [restartedMain] c.smartmetro.SmartmetroApiApplication    : The following 1 profile is active: "uat"
2026-09-20T16:49:05.808+05:30  INFO 12308 --- [smartmetro-api] [restartedMain] o.s.b.devtools.restart.ChangeableUrls    : The Class-Path manifest attribute in C:\Users\SHASHANK\.gradle\caches\modules-2\files-2.1\com.oracle.database.jdbc\ojdbc11\23.26.2.0.0\2462b603e435c9a2707f41a1896e5b5be6f36520\ojdbc11-23.26.2.0.0.jar referenced one or more files that do not exist: file:/C:/Users/SHASHANK/.gradle/caches/modules-2/files-2.1/com.oracle.database.jdbc/ojdbc11/23.26.2.0.0/2462b603e435c9a2707f41a1896e5b5be6f36520/oraclepki.jar
2026-09-20T16:49:05.809+05:30  INFO 12308 --- [smartmetro-api] [restartedMain] .e.DevToolsPropertyDefaultsPostProcessor : Devtools property defaults active! Set 'spring.devtools.add-properties' to 'false' to disable
2026-09-20T16:49:05.809+05:30  INFO 12308 --- [smartmetro-api] [restartedMain] .e.DevToolsPropertyDefaultsPostProcessor : For additional web related logging consider setting the 'logging.level.web' property to 'DEBUG'
2026-09-20T16:49:06.981+05:30  INFO 12308 --- [smartmetro-api] [restartedMain] .s.d.r.c.RepositoryConfigurationDelegate : Multiple Spring Data modules found, entering strict repository configuration mode
2026-09-20T16:49:06.982+05:30  INFO 12308 --- [smartmetro-api] [restartedMain] .s.d.r.c.RepositoryConfigurationDelegate : Bootstrapping Spring Data JPA repositories in DEFAULT mode.
2026-09-20T16:49:07.095+05:30  INFO 12308 --- [smartmetro-api] [restartedMain] .s.d.r.c.RepositoryConfigurationDelegate : Finished Spring Data repository scanning in 100 ms. Found 8 JPA repository interfaces.
2026-09-20T16:49:07.135+05:30  INFO 12308 --- [smartmetro-api] [restartedMain] .s.d.r.c.RepositoryConfigurationDelegate : Multiple Spring Data modules found, entering strict repository configuration mode
2026-09-20T16:49:07.135+05:30  INFO 12308 --- [smartmetro-api] [restartedMain] .s.d.r.c.RepositoryConfigurationDelegate : Bootstrapping Spring Data MongoDB repositories in DEFAULT mode.
2026-09-20T16:49:07.153+05:30  INFO 12308 --- [smartmetro-api] [restartedMain] .RepositoryConfigurationExtensionSupport : Spring Data MongoDB - Could not safely identify store assignment for repository candidate interface com.smartmetro.repository.MetroCardRepository; If you want this repository to be a MongoDB repository, consider annotating your entities with one of these annotations: org.springframework.data.mongodb.core.mapping.Document (preferred), or consider extending one of the following types with your repository: org.springframework.data.mongodb.repository.MongoRepository
2026-09-20T16:49:07.154+05:30  INFO 12308 --- [smartmetro-api] [restartedMain] .RepositoryConfigurationExtensionSupport : Spring Data MongoDB - Could not safely identify store assignment for repository candidate interface com.smartmetro.repository.PaymentRepository; If you want this repository to be a MongoDB repository, consider annotating your entities with one of these annotations: org.springframework.data.mongodb.core.mapping.Document (preferred), or consider extending one of the following types with your repository: org.springframework.data.mongodb.repository.MongoRepository
2026-09-20T16:49:07.154+05:30  INFO 12308 --- [smartmetro-api] [restartedMain] .RepositoryConfigurationExtensionSupport : Spring Data MongoDB - Could not safely identify store assignment for repository candidate interface com.smartmetro.repository.RouteRepository; If you want this repository to be a MongoDB repository, consider annotating your entities with one of these annotations: org.springframework.data.mongodb.core.mapping.Document (preferred), or consider extending one of the following types with your repository: org.springframework.data.mongodb.repository.MongoRepository
2026-09-20T16:49:07.154+05:30  INFO 12308 --- [smartmetro-api] [restartedMain] .RepositoryConfigurationExtensionSupport : Spring Data MongoDB - Could not safely identify store assignment for repository candidate interface com.smartmetro.repository.RouteStationRepository; If you want this repository to be a MongoDB repository, consider annotating your entities with one of these annotations: org.springframework.data.mongodb.core.mapping.Document (preferred), or consider extending one of the following types with your repository: org.springframework.data.mongodb.repository.MongoRepository
2026-09-20T16:49:07.154+05:30  INFO 12308 --- [smartmetro-api] [restartedMain] .RepositoryConfigurationExtensionSupport : Spring Data MongoDB - Could not safely identify store assignment for repository candidate interface com.smartmetro.repository.StationRepository; If you want this repository to be a MongoDB repository, consider annotating your entities with one of these annotations: org.springframework.data.mongodb.core.mapping.Document (preferred), or consider extending one of the following types with your repository: org.springframework.data.mongodb.repository.MongoRepository
2026-09-20T16:49:07.154+05:30  INFO 12308 --- [smartmetro-api] [restartedMain] .RepositoryConfigurationExtensionSupport : Spring Data MongoDB - Could not safely identify store assignment for repository candidate interface com.smartmetro.repository.TransactionRepository; If you want this repository to be a MongoDB repository, consider annotating your entities with one of these annotations: org.springframework.data.mongodb.core.mapping.Document (preferred), or consider extending one of the following types with your repository: org.springframework.data.mongodb.repository.MongoRepository
2026-09-20T16:49:07.155+05:30  INFO 12308 --- [smartmetro-api] [restartedMain] .RepositoryConfigurationExtensionSupport : Spring Data MongoDB - Could not safely identify store assignment for repository candidate interface com.smartmetro.repository.TripRepository; If you want this repository to be a MongoDB repository, consider annotating your entities with one of these annotations: org.springframework.data.mongodb.core.mapping.Document (preferred), or consider extending one of the following types with your repository: org.springframework.data.mongodb.repository.MongoRepository
2026-09-20T16:49:07.155+05:30  INFO 12308 --- [smartmetro-api] [restartedMain] .RepositoryConfigurationExtensionSupport : Spring Data MongoDB - Could not safely identify store assignment for repository candidate interface com.smartmetro.repository.UserRepository; If you want this repository to be a MongoDB repository, consider annotating your entities with one of these annotations: org.springframework.data.mongodb.core.mapping.Document (preferred), or consider extending one of the following types with your repository: org.springframework.data.mongodb.repository.MongoRepository
2026-09-20T16:49:07.155+05:30  INFO 12308 --- [smartmetro-api] [restartedMain] .s.d.r.c.RepositoryConfigurationDelegate : Finished Spring Data repository scanning in 9 ms. Found 0 MongoDB repository interfaces.
2026-09-20T16:49:07.885+05:30  INFO 12308 --- [smartmetro-api] [restartedMain] o.s.boot.tomcat.TomcatWebServer          : Tomcat initialized with port 8084 (http)
2026-09-20T16:49:07.906+05:30  INFO 12308 --- [smartmetro-api] [restartedMain] o.apache.catalina.core.StandardService   : Starting service [Tomcat]
2026-09-20T16:49:07.906+05:30  INFO 12308 --- [smartmetro-api] [restartedMain] o.apache.catalina.core.StandardEngine    : Starting Servlet engine: [Apache Tomcat/11.0.22]
2026-09-20T16:49:07.956+05:30  INFO 12308 --- [smartmetro-api] [restartedMain] b.w.c.s.WebApplicationContextInitializer : Root WebApplicationContext: initialization completed in 2147 ms
2026-09-20T16:49:08.418+05:30  INFO 12308 --- [smartmetro-api] [restartedMain] com.zaxxer.hikari.HikariDataSource       : HikariPool-1 - Starting...
2026-09-20T16:49:08.810+05:30  INFO 12308 --- [smartmetro-api] [restartedMain] com.zaxxer.hikari.pool.HikariPool        : HikariPool-1 - Added connection oracle.jdbc.driver.T4CConnection@50ddd615
2026-09-20T16:49:08.812+05:30  INFO 12308 --- [smartmetro-api] [restartedMain] com.zaxxer.hikari.HikariDataSource       : HikariPool-1 - Start completed.
2026-09-20T16:49:08.848+05:30  INFO 12308 --- [smartmetro-api] [restartedMain] org.hibernate.orm.jpa                    : HHH008540: Processing PersistenceUnitInfo [name: default]
2026-09-20T16:49:08.907+05:30  INFO 12308 --- [smartmetro-api] [restartedMain] org.hibernate.orm.core                   : HHH000001: Hibernate ORM core version 7.4.1.Final
2026-09-20T16:49:09.443+05:30  INFO 12308 --- [smartmetro-api] [restartedMain] o.s.o.j.p.SpringPersistenceUnitInfo      : No LoadTimeWeaver setup: ignoring JPA class transformer
2026-09-20T16:49:09.687+05:30  WARN 12308 --- [smartmetro-api] [restartedMain] org.hibernate.orm.core                   : HHH000511: The 11.2.0 version for [org.hibernate.dialect.OracleDialect] is no longer supported, hence certain features may not work properly.The minimum supported version is 19.0.0. Check the community dialects project for available legacy versions.
2026-09-20T16:49:09.714+05:30  WARN 12308 --- [smartmetro-api] [restartedMain] org.hibernate.orm.jdbc                   : HHH100123: Low default JDBC fetch size: 10 (consider setting 'hibernate.jdbc.fetch_size')
2026-09-20T16:49:09.718+05:30  INFO 12308 --- [smartmetro-api] [restartedMain] org.hibernate.orm.connections.pooling    : HHH10001005: Database info:
	Database JDBC URL [jdbc:oracle:thin:@localhost:1521:xe]
	Database driver: Oracle JDBC driver
	Database dialect: OracleDialect
	Database version: 11.2
	Default catalog/schema: undefined/SYSTEM
	Autocommit mode: undefined/unknown
	Isolation level: READ_COMMITTED [default READ_COMMITTED]
	JDBC fetch size: 10
	Pool: DataSourceConnectionProvider
	Minimum pool size: undefined/unknown
	Maximum pool size: undefined/unknown
2026-09-20T16:49:10.888+05:30  INFO 12308 --- [smartmetro-api] [restartedMain] org.hibernate.orm.core                   : HHH000489: No JTA platform available (set 'hibernate.transaction.jta.platform' to enable JTA platform integration)
2026-09-20T16:49:10.896+05:30  INFO 12308 --- [smartmetro-api] [restartedMain] j.LocalContainerEntityManagerFactoryBean : Initialized JPA EntityManagerFactory for persistence unit 'default'
2026-09-20T16:49:10.975+05:30  INFO 12308 --- [smartmetro-api] [restartedMain] o.s.d.j.r.query.QueryEnhancerFactories   : Hibernate is in classpath; If applicable, HQL parser will be used.
2026-09-20T16:49:11.187+05:30  WARN 12308 --- [smartmetro-api] [restartedMain] JpaBaseConfiguration$JpaWebConfiguration : spring.jpa.open-in-view is enabled by default. Therefore, database queries may be performed during view rendering. Explicitly configure spring.jpa.open-in-view to disable this warning
2026-09-20T16:49:11.646+05:30  INFO 12308 --- [smartmetro-api] [restartedMain] org.mongodb.driver.client                : MongoClient with metadata {"driver": {"name": "mongo-java-driver|spring-boot|sync", "version": "5.8.0"}, "os": {"type": "Windows", "name": "Windows 11", "architecture": "amd64", "version": "10.0"}, "platform": "Java/Oracle Corporation/24.0.1+9-30"} created with settings MongoClientSettings{readPreference=primary, writeConcern=WriteConcern{w=null, wTimeout=null ms, journal=null}, retryWrites=true, retryReads=true, readConcern=ReadConcern{level=null}, credential=null, transportSettings=null, commandListeners=[io.micrometer.core.instrument.binder.mongodb.MongoMetricsCommandListener@5176062f], codecRegistry=ProvidersCodecRegistry{codecProviders=[ValueCodecProvider{}, BsonValueCodecProvider{}, DBRefCodecProvider{}, DBObjectCodecProvider{}, DocumentCodecProvider{}, CollectionCodecProvider{}, IterableCodecProvider{}, MapCodecProvider{}, GeoJsonCodecProvider{}, GridFSFileCodecProvider{}, Jsr310CodecProvider{}, JsonObjectCodecProvider{}, BsonCodecProvider{}, com.mongodb.client.model.mql.ExpressionCodecProvider@25f754e4, com.mongodb.Jep395RecordCodecProvider@8d9fb2, com.mongodb.KotlinCodecProvider@3a7136ee, EnumCodecProvider{}]}, loggerSettings=LoggerSettings{maxDocumentLength=1000}, clusterSettings={hosts=[localhost:27017], srvServiceName=mongodb, mode=SINGLE, requiredClusterType=UNKNOWN, requiredReplicaSetName='null', serverSelector='null', clusterListeners='[]', serverSelectionTimeout='30000 ms', localThreshold='15 ms'}, socketSettings=SocketSettings{connectTimeoutMS=10000, readTimeoutMS=0, receiveBufferSize=0, proxySettings=ProxySettings{host=null, port=null, username=null, password=null}}, heartbeatSocketSettings=SocketSettings{connectTimeoutMS=10000, readTimeoutMS=10000, receiveBufferSize=0, proxySettings=ProxySettings{host=null, port=null, username=null, password=null}}, connectionPoolSettings=ConnectionPoolSettings{maxSize=100, minSize=0, maxWaitTimeMS=120000, maxConnectionLifeTimeMS=0, maxConnectionIdleTimeMS=0, maintenanceInitialDelayMS=0, maintenanceFrequencyMS=60000, connectionPoolListeners=[io.micrometer.core.instrument.binder.mongodb.MongoMetricsConnectionPoolListener@5f5f9555], maxConnecting=2}, serverSettings=ServerSettings{heartbeatFrequencyMS=10000, minHeartbeatFrequencyMS=500, serverMonitoringMode=AUTO, serverListeners='[]', serverMonitorListeners='[]'}, sslSettings=SslSettings{enabled=false, invalidHostNameAllowed=false, context=null}, applicationName='null', compressorList=[], uuidRepresentation=UNSPECIFIED, serverApi=null, autoEncryptionSettings=null, dnsClient=null, inetAddressResolver=null, contextProvider=null, timeoutMS=null}
2026-09-20T16:49:11.664+05:30  INFO 12308 --- [smartmetro-api] [cluster-6aafc12fc9e6550958b8e93f-localhost:27017] org.mongodb.driver.cluster               : Monitor thread successfully connected to server with description ServerDescription{address=localhost:27017, type=STANDALONE, cryptd=false, state=CONNECTED, ok=true, minWireVersion=0, maxWireVersion=28, maxDocumentSize=16777216, logicalSessionTimeoutMinutes=30, roundTripTimeNanos=24304300, minRoundTripTimeNanos=0}
2026-09-20T16:49:11.989+05:30  INFO 12308 --- [smartmetro-api] [restartedMain] o.s.b.a.e.web.EndpointLinksResolver      : Exposing 13 endpoints beneath base path '/actuator'
2026-09-20T16:49:12.061+05:30  INFO 12308 --- [smartmetro-api] [restartedMain] o.s.boot.tomcat.TomcatWebServer          : Tomcat started on port 8084 (http) with context path '/'
2026-09-20T16:49:12.071+05:30  INFO 12308 --- [smartmetro-api] [restartedMain] c.smartmetro.SmartmetroApiApplication    : Started SmartmetroApiApplication in 6.989 seconds (process running for 7.789)
2026-09-20T16:49:12.076+05:30  INFO 12308 --- [smartmetro-api] [restartedMain] c.smartmetro.SmartmetroApiApplication    : SmartmetroApiApplication started
2026-09-20T16:50:06.411+05:30  INFO 12308 --- [smartmetro-api] [SpringApplicationShutdownHook] o.s.boot.tomcat.GracefulShutdown         : Commencing graceful shutdown. Waiting for active requests to complete
2026-09-20T16:50:06.418+05:30  INFO 12308 --- [smartmetro-api] [tomcat-shutdown] o.s.boot.tomcat.GracefulShutdown         : Graceful shutdown complete
2026-09-20T16:50:06.424+05:30  INFO 12308 --- [smartmetro-api] [SpringApplicationShutdownHook] j.LocalContainerEntityManagerFactoryBean : Closing JPA EntityManagerFactory for persistence unit 'default'
2026-09-20T16:50:06.428+05:30  INFO 12308 --- [smartmetro-api] [SpringApplicationShutdownHook] com.zaxxer.hikari.HikariDataSource       : HikariPool-1 - Shutdown initiated...
2026-09-20T16:50:06.434+05:30  INFO 12308 --- [smartmetro-api] [SpringApplicationShutdownHook] com.zaxxer.hikari.HikariDataSource       : HikariPool-1 - Shutdown completed.
2026-09-20T16:50:11.023+05:30  INFO 21648 --- [smartmetro-api] [restartedMain] c.smartmetro.SmartmetroApiApplication    : Starting SmartmetroApiApplication using Java 24.0.1 with PID 21648 (C:\Users\SHASHANK\Downloads\smartmetro-api\smartmetro-api\build\classes\java\main started by SHASHANK in C:\Users\SHASHANK\Downloads\smartmetro-api\smartmetro-api)
2026-09-20T16:50:11.028+05:30 DEBUG 21648 --- [smartmetro-api] [restartedMain] c.smartmetro.SmartmetroApiApplication    : Running with Spring Boot v4.1.0, Spring v7.0.8
2026-09-20T16:50:11.028+05:30  INFO 21648 --- [smartmetro-api] [restartedMain] c.smartmetro.SmartmetroApiApplication    : The following 1 profile is active: "uat"
2026-09-20T16:50:11.120+05:30  INFO 21648 --- [smartmetro-api] [restartedMain] o.s.b.devtools.restart.ChangeableUrls    : The Class-Path manifest attribute in C:\Users\SHASHANK\.gradle\caches\modules-2\files-2.1\com.oracle.database.jdbc\ojdbc11\23.26.2.0.0\2462b603e435c9a2707f41a1896e5b5be6f36520\ojdbc11-23.26.2.0.0.jar referenced one or more files that do not exist: file:/C:/Users/SHASHANK/.gradle/caches/modules-2/files-2.1/com.oracle.database.jdbc/ojdbc11/23.26.2.0.0/2462b603e435c9a2707f41a1896e5b5be6f36520/oraclepki.jar
2026-09-20T16:50:11.120+05:30  INFO 21648 --- [smartmetro-api] [restartedMain] .e.DevToolsPropertyDefaultsPostProcessor : Devtools property defaults active! Set 'spring.devtools.add-properties' to 'false' to disable
2026-09-20T16:50:11.120+05:30  INFO 21648 --- [smartmetro-api] [restartedMain] .e.DevToolsPropertyDefaultsPostProcessor : For additional web related logging consider setting the 'logging.level.web' property to 'DEBUG'
2026-09-20T16:50:12.699+05:30  INFO 21648 --- [smartmetro-api] [restartedMain] .s.d.r.c.RepositoryConfigurationDelegate : Multiple Spring Data modules found, entering strict repository configuration mode
2026-09-20T16:50:12.700+05:30  INFO 21648 --- [smartmetro-api] [restartedMain] .s.d.r.c.RepositoryConfigurationDelegate : Bootstrapping Spring Data JPA repositories in DEFAULT mode.
2026-09-20T16:50:12.811+05:30  INFO 21648 --- [smartmetro-api] [restartedMain] .s.d.r.c.RepositoryConfigurationDelegate : Finished Spring Data repository scanning in 97 ms. Found 8 JPA repository interfaces.
2026-09-20T16:50:12.862+05:30  INFO 21648 --- [smartmetro-api] [restartedMain] .s.d.r.c.RepositoryConfigurationDelegate : Multiple Spring Data modules found, entering strict repository configuration mode
2026-09-20T16:50:12.862+05:30  INFO 21648 --- [smartmetro-api] [restartedMain] .s.d.r.c.RepositoryConfigurationDelegate : Bootstrapping Spring Data MongoDB repositories in DEFAULT mode.
2026-09-20T16:50:12.876+05:30  INFO 21648 --- [smartmetro-api] [restartedMain] .RepositoryConfigurationExtensionSupport : Spring Data MongoDB - Could not safely identify store assignment for repository candidate interface com.smartmetro.repository.MetroCardRepository; If you want this repository to be a MongoDB repository, consider annotating your entities with one of these annotations: org.springframework.data.mongodb.core.mapping.Document (preferred), or consider extending one of the following types with your repository: org.springframework.data.mongodb.repository.MongoRepository
2026-09-20T16:50:12.877+05:30  INFO 21648 --- [smartmetro-api] [restartedMain] .RepositoryConfigurationExtensionSupport : Spring Data MongoDB - Could not safely identify store assignment for repository candidate interface com.smartmetro.repository.PaymentRepository; If you want this repository to be a MongoDB repository, consider annotating your entities with one of these annotations: org.springframework.data.mongodb.core.mapping.Document (preferred), or consider extending one of the following types with your repository: org.springframework.data.mongodb.repository.MongoRepository
2026-09-20T16:50:12.878+05:30  INFO 21648 --- [smartmetro-api] [restartedMain] .RepositoryConfigurationExtensionSupport : Spring Data MongoDB - Could not safely identify store assignment for repository candidate interface com.smartmetro.repository.RouteRepository; If you want this repository to be a MongoDB repository, consider annotating your entities with one of these annotations: org.springframework.data.mongodb.core.mapping.Document (preferred), or consider extending one of the following types with your repository: org.springframework.data.mongodb.repository.MongoRepository
2026-09-20T16:50:12.879+05:30  INFO 21648 --- [smartmetro-api] [restartedMain] .RepositoryConfigurationExtensionSupport : Spring Data MongoDB - Could not safely identify store assignment for repository candidate interface com.smartmetro.repository.RouteStationRepository; If you want this repository to be a MongoDB repository, consider annotating your entities with one of these annotations: org.springframework.data.mongodb.core.mapping.Document (preferred), or consider extending one of the following types with your repository: org.springframework.data.mongodb.repository.MongoRepository
2026-09-20T16:50:12.879+05:30  INFO 21648 --- [smartmetro-api] [restartedMain] .RepositoryConfigurationExtensionSupport : Spring Data MongoDB - Could not safely identify store assignment for repository candidate interface com.smartmetro.repository.StationRepository; If you want this repository to be a MongoDB repository, consider annotating your entities with one of these annotations: org.springframework.data.mongodb.core.mapping.Document (preferred), or consider extending one of the following types with your repository: org.springframework.data.mongodb.repository.MongoRepository
2026-09-20T16:50:12.880+05:30  INFO 21648 --- [smartmetro-api] [restartedMain] .RepositoryConfigurationExtensionSupport : Spring Data MongoDB - Could not safely identify store assignment for repository candidate interface com.smartmetro.repository.TransactionRepository; If you want this repository to be a MongoDB repository, consider annotating your entities with one of these annotations: org.springframework.data.mongodb.core.mapping.Document (preferred), or consider extending one of the following types with your repository: org.springframework.data.mongodb.repository.MongoRepository
2026-09-20T16:50:12.880+05:30  INFO 21648 --- [smartmetro-api] [restartedMain] .RepositoryConfigurationExtensionSupport : Spring Data MongoDB - Could not safely identify store assignment for repository candidate interface com.smartmetro.repository.TripRepository; If you want this repository to be a MongoDB repository, consider annotating your entities with one of these annotations: org.springframework.data.mongodb.core.mapping.Document (preferred), or consider extending one of the following types with your repository: org.springframework.data.mongodb.repository.MongoRepository
2026-09-20T16:50:12.882+05:30  INFO 21648 --- [smartmetro-api] [restartedMain] .RepositoryConfigurationExtensionSupport : Spring Data MongoDB - Could not safely identify store assignment for repository candidate interface com.smartmetro.repository.UserRepository; If you want this repository to be a MongoDB repository, consider annotating your entities with one of these annotations: org.springframework.data.mongodb.core.mapping.Document (preferred), or consider extending one of the following types with your repository: org.springframework.data.mongodb.repository.MongoRepository
2026-09-20T16:50:12.882+05:30  INFO 21648 --- [smartmetro-api] [restartedMain] .s.d.r.c.RepositoryConfigurationDelegate : Finished Spring Data repository scanning in 18 ms. Found 0 MongoDB repository interfaces.
2026-09-20T16:50:13.618+05:30  INFO 21648 --- [smartmetro-api] [restartedMain] o.s.boot.tomcat.TomcatWebServer          : Tomcat initialized with port 8084 (http)
2026-09-20T16:50:13.633+05:30  INFO 21648 --- [smartmetro-api] [restartedMain] o.apache.catalina.core.StandardService   : Starting service [Tomcat]
2026-09-20T16:50:13.634+05:30  INFO 21648 --- [smartmetro-api] [restartedMain] o.apache.catalina.core.StandardEngine    : Starting Servlet engine: [Apache Tomcat/11.0.22]
2026-09-20T16:50:13.679+05:30  INFO 21648 --- [smartmetro-api] [restartedMain] b.w.c.s.WebApplicationContextInitializer : Root WebApplicationContext: initialization completed in 2558 ms
2026-09-20T16:50:14.060+05:30  INFO 21648 --- [smartmetro-api] [restartedMain] com.zaxxer.hikari.HikariDataSource       : HikariPool-1 - Starting...
2026-09-20T16:50:14.466+05:30  INFO 21648 --- [smartmetro-api] [restartedMain] com.zaxxer.hikari.pool.HikariPool        : HikariPool-1 - Added connection oracle.jdbc.driver.T4CConnection@11a67a95
2026-09-20T16:50:14.468+05:30  INFO 21648 --- [smartmetro-api] [restartedMain] com.zaxxer.hikari.HikariDataSource       : HikariPool-1 - Start completed.
2026-09-20T16:50:14.504+05:30  INFO 21648 --- [smartmetro-api] [restartedMain] org.hibernate.orm.jpa                    : HHH008540: Processing PersistenceUnitInfo [name: default]
2026-09-20T16:50:14.579+05:30  INFO 21648 --- [smartmetro-api] [restartedMain] org.hibernate.orm.core                   : HHH000001: Hibernate ORM core version 7.4.1.Final
2026-09-20T16:50:15.189+05:30  INFO 21648 --- [smartmetro-api] [restartedMain] o.s.o.j.p.SpringPersistenceUnitInfo      : No LoadTimeWeaver setup: ignoring JPA class transformer
2026-09-20T16:50:15.490+05:30  WARN 21648 --- [smartmetro-api] [restartedMain] org.hibernate.orm.core                   : HHH000511: The 11.2.0 version for [org.hibernate.dialect.OracleDialect] is no longer supported, hence certain features may not work properly.The minimum supported version is 19.0.0. Check the community dialects project for available legacy versions.
2026-09-20T16:50:15.519+05:30  WARN 21648 --- [smartmetro-api] [restartedMain] org.hibernate.orm.jdbc                   : HHH100123: Low default JDBC fetch size: 10 (consider setting 'hibernate.jdbc.fetch_size')
2026-09-20T16:50:15.522+05:30  INFO 21648 --- [smartmetro-api] [restartedMain] org.hibernate.orm.connections.pooling    : HHH10001005: Database info:
	Database JDBC URL [jdbc:oracle:thin:@localhost:1521:xe]
	Database driver: Oracle JDBC driver
	Database dialect: OracleDialect
	Database version: 11.2
	Default catalog/schema: undefined/SYSTEM
	Autocommit mode: undefined/unknown
	Isolation level: READ_COMMITTED [default READ_COMMITTED]
	JDBC fetch size: 10
	Pool: DataSourceConnectionProvider
	Minimum pool size: undefined/unknown
	Maximum pool size: undefined/unknown
2026-09-20T16:50:16.980+05:30  INFO 21648 --- [smartmetro-api] [restartedMain] org.hibernate.orm.core                   : HHH000489: No JTA platform available (set 'hibernate.transaction.jta.platform' to enable JTA platform integration)
2026-09-20T16:50:16.991+05:30  INFO 21648 --- [smartmetro-api] [restartedMain] j.LocalContainerEntityManagerFactoryBean : Initialized JPA EntityManagerFactory for persistence unit 'default'
2026-09-20T16:50:17.082+05:30  INFO 21648 --- [smartmetro-api] [restartedMain] o.s.d.j.r.query.QueryEnhancerFactories   : Hibernate is in classpath; If applicable, HQL parser will be used.
2026-09-20T16:50:17.334+05:30  WARN 21648 --- [smartmetro-api] [restartedMain] JpaBaseConfiguration$JpaWebConfiguration : spring.jpa.open-in-view is enabled by default. Therefore, database queries may be performed during view rendering. Explicitly configure spring.jpa.open-in-view to disable this warning
2026-09-20T16:50:17.904+05:30  INFO 21648 --- [smartmetro-api] [restartedMain] org.mongodb.driver.client                : MongoClient with metadata {"driver": {"name": "mongo-java-driver|spring-boot|sync", "version": "5.8.0"}, "os": {"type": "Windows", "name": "Windows 11", "architecture": "amd64", "version": "10.0"}, "platform": "Java/Oracle Corporation/24.0.1+9-30"} created with settings MongoClientSettings{readPreference=primary, writeConcern=WriteConcern{w=null, wTimeout=null ms, journal=null}, retryWrites=true, retryReads=true, readConcern=ReadConcern{level=null}, credential=null, transportSettings=null, commandListeners=[io.micrometer.core.instrument.binder.mongodb.MongoMetricsCommandListener@2b1d67e3], codecRegistry=ProvidersCodecRegistry{codecProviders=[ValueCodecProvider{}, BsonValueCodecProvider{}, DBRefCodecProvider{}, DBObjectCodecProvider{}, DocumentCodecProvider{}, CollectionCodecProvider{}, IterableCodecProvider{}, MapCodecProvider{}, GeoJsonCodecProvider{}, GridFSFileCodecProvider{}, Jsr310CodecProvider{}, JsonObjectCodecProvider{}, BsonCodecProvider{}, com.mongodb.client.model.mql.ExpressionCodecProvider@278f614, com.mongodb.Jep395RecordCodecProvider@1285ee8c, com.mongodb.KotlinCodecProvider@2cec7908, EnumCodecProvider{}]}, loggerSettings=LoggerSettings{maxDocumentLength=1000}, clusterSettings={hosts=[localhost:27017], srvServiceName=mongodb, mode=SINGLE, requiredClusterType=UNKNOWN, requiredReplicaSetName='null', serverSelector='null', clusterListeners='[]', serverSelectionTimeout='30000 ms', localThreshold='15 ms'}, socketSettings=SocketSettings{connectTimeoutMS=10000, readTimeoutMS=0, receiveBufferSize=0, proxySettings=ProxySettings{host=null, port=null, username=null, password=null}}, heartbeatSocketSettings=SocketSettings{connectTimeoutMS=10000, readTimeoutMS=10000, receiveBufferSize=0, proxySettings=ProxySettings{host=null, port=null, username=null, password=null}}, connectionPoolSettings=ConnectionPoolSettings{maxSize=100, minSize=0, maxWaitTimeMS=120000, maxConnectionLifeTimeMS=0, maxConnectionIdleTimeMS=0, maintenanceInitialDelayMS=0, maintenanceFrequencyMS=60000, connectionPoolListeners=[io.micrometer.core.instrument.binder.mongodb.MongoMetricsConnectionPoolListener@118b128d], maxConnecting=2}, serverSettings=ServerSettings{heartbeatFrequencyMS=10000, minHeartbeatFrequencyMS=500, serverMonitoringMode=AUTO, serverListeners='[]', serverMonitorListeners='[]'}, sslSettings=SslSettings{enabled=false, invalidHostNameAllowed=false, context=null}, applicationName='null', compressorList=[], uuidRepresentation=UNSPECIFIED, serverApi=null, autoEncryptionSettings=null, dnsClient=null, inetAddressResolver=null, contextProvider=null, timeoutMS=null}
2026-09-20T16:50:17.922+05:30  INFO 21648 --- [smartmetro-api] [cluster-6aafc171d8afaac80dd455f3-localhost:27017] org.mongodb.driver.cluster               : Monitor thread successfully connected to server with description ServerDescription{address=localhost:27017, type=STANDALONE, cryptd=false, state=CONNECTED, ok=true, minWireVersion=0, maxWireVersion=28, maxDocumentSize=16777216, logicalSessionTimeoutMinutes=30, roundTripTimeNanos=27274400, minRoundTripTimeNanos=0}
2026-09-20T16:50:18.297+05:30  INFO 21648 --- [smartmetro-api] [restartedMain] o.s.b.a.e.web.EndpointLinksResolver      : Exposing 13 endpoints beneath base path '/actuator'
2026-09-20T16:50:18.382+05:30  INFO 21648 --- [smartmetro-api] [restartedMain] o.s.boot.tomcat.TomcatWebServer          : Tomcat started on port 8084 (http) with context path '/'
2026-09-20T16:50:18.393+05:30  INFO 21648 --- [smartmetro-api] [restartedMain] c.smartmetro.SmartmetroApiApplication    : Started SmartmetroApiApplication in 8.003 seconds (process running for 8.711)
2026-09-20T16:50:18.399+05:30  INFO 21648 --- [smartmetro-api] [restartedMain] c.smartmetro.SmartmetroApiApplication    : SmartmetroApiApplication started
2026-09-20T17:02:21.015+05:30  INFO 21648 --- [smartmetro-api] [http-nio-8084-exec-1] o.a.c.c.C.[Tomcat].[localhost].[/]       : Initializing Spring DispatcherServlet 'dispatcherServlet'
2026-09-20T17:02:21.015+05:30  INFO 21648 --- [smartmetro-api] [http-nio-8084-exec-1] o.s.web.servlet.DispatcherServlet        : Initializing Servlet 'dispatcherServlet'
2026-09-20T17:02:21.016+05:30  INFO 21648 --- [smartmetro-api] [http-nio-8084-exec-1] o.s.web.servlet.DispatcherServlet        : Completed initialization in 1 ms
2026-09-20T17:14:30.500+05:30  INFO 21648 --- [smartmetro-api] [SpringApplicationShutdownHook] o.s.boot.tomcat.GracefulShutdown         : Commencing graceful shutdown. Waiting for active requests to complete
2026-09-20T17:14:30.506+05:30  INFO 21648 --- [smartmetro-api] [tomcat-shutdown] o.s.boot.tomcat.GracefulShutdown         : Graceful shutdown complete
2026-09-20T17:14:30.518+05:30  INFO 21648 --- [smartmetro-api] [SpringApplicationShutdownHook] j.LocalContainerEntityManagerFactoryBean : Closing JPA EntityManagerFactory for persistence unit 'default'
2026-09-20T17:14:30.520+05:30  INFO 21648 --- [smartmetro-api] [SpringApplicationShutdownHook] com.zaxxer.hikari.HikariDataSource       : HikariPool-1 - Shutdown initiated...
2026-09-20T17:14:30.526+05:30  INFO 21648 --- [smartmetro-api] [SpringApplicationShutdownHook] com.zaxxer.hikari.HikariDataSource       : HikariPool-1 - Shutdown completed.
