2026-10-02T22:10:04.696+05:30  INFO 28168 --- [smartmetro-api] [restartedMain] c.smartmetro.SmartmetroApiApplication    : Starting SmartmetroApiApplication using Java 26.0.2.1 with PID 28168 (S:\Emexo_Technology\smartmetro-api\smartmetro-api\build\classes\java\main started by SHASHANK in S:\Emexo_Technology\smartmetro-api\smartmetro-api)
2026-10-02T22:10:04.703+05:30 DEBUG 28168 --- [smartmetro-api] [restartedMain] c.smartmetro.SmartmetroApiApplication    : Running with Spring Boot v4.1.1, Spring v7.0.9
2026-10-02T22:10:04.704+05:30  INFO 28168 --- [smartmetro-api] [restartedMain] c.smartmetro.SmartmetroApiApplication    : The following 1 profile is active: "uat"
2026-10-02T22:10:04.764+05:30  INFO 28168 --- [smartmetro-api] [restartedMain] o.s.b.devtools.restart.ChangeableUrls    : The Class-Path manifest attribute in C:\Users\SHASHANK\.gradle\caches\modules-2\files-2.1\com.oracle.database.jdbc\ojdbc11\23.26.3.0.0\6936aba69cb7142aac36a53ed920af563b0e1dd1\ojdbc11-23.26.3.0.0.jar referenced one or more files that do not exist: file:/C:/Users/SHASHANK/.gradle/caches/modules-2/files-2.1/com.oracle.database.jdbc/ojdbc11/23.26.3.0.0/6936aba69cb7142aac36a53ed920af563b0e1dd1/oraclepki.jar
2026-10-02T22:10:04.765+05:30  INFO 28168 --- [smartmetro-api] [restartedMain] .e.DevToolsPropertyDefaultsPostProcessor : Devtools property defaults active! Set 'spring.devtools.add-properties' to 'false' to disable
2026-10-02T22:10:04.765+05:30  INFO 28168 --- [smartmetro-api] [restartedMain] .e.DevToolsPropertyDefaultsPostProcessor : For additional web related logging consider setting the 'logging.level.web' property to 'DEBUG'
2026-10-02T22:10:05.858+05:30  INFO 28168 --- [smartmetro-api] [restartedMain] .s.d.r.c.RepositoryConfigurationDelegate : Multiple Spring Data modules found, entering strict repository configuration mode
2026-10-02T22:10:05.860+05:30  INFO 28168 --- [smartmetro-api] [restartedMain] .s.d.r.c.RepositoryConfigurationDelegate : Bootstrapping Spring Data JPA repositories in DEFAULT mode.
2026-10-02T22:10:05.921+05:30  INFO 28168 --- [smartmetro-api] [restartedMain] .s.d.r.c.RepositoryConfigurationDelegate : Finished Spring Data repository scanning in 51 ms. Found 8 JPA repository interfaces.
2026-10-02T22:10:05.955+05:30  INFO 28168 --- [smartmetro-api] [restartedMain] .s.d.r.c.RepositoryConfigurationDelegate : Multiple Spring Data modules found, entering strict repository configuration mode
2026-10-02T22:10:05.955+05:30  INFO 28168 --- [smartmetro-api] [restartedMain] .s.d.r.c.RepositoryConfigurationDelegate : Bootstrapping Spring Data MongoDB repositories in DEFAULT mode.
2026-10-02T22:10:05.964+05:30  INFO 28168 --- [smartmetro-api] [restartedMain] .RepositoryConfigurationExtensionSupport : Spring Data MongoDB - Could not safely identify store assignment for repository candidate interface com.smartmetro.repository.MetroCardRepository; If you want this repository to be a MongoDB repository, consider annotating your entities with one of these annotations: org.springframework.data.mongodb.core.mapping.Document (preferred), or consider extending one of the following types with your repository: org.springframework.data.mongodb.repository.MongoRepository
2026-10-02T22:10:05.965+05:30  INFO 28168 --- [smartmetro-api] [restartedMain] .RepositoryConfigurationExtensionSupport : Spring Data MongoDB - Could not safely identify store assignment for repository candidate interface com.smartmetro.repository.PaymentRepository; If you want this repository to be a MongoDB repository, consider annotating your entities with one of these annotations: org.springframework.data.mongodb.core.mapping.Document (preferred), or consider extending one of the following types with your repository: org.springframework.data.mongodb.repository.MongoRepository
2026-10-02T22:10:05.965+05:30  INFO 28168 --- [smartmetro-api] [restartedMain] .RepositoryConfigurationExtensionSupport : Spring Data MongoDB - Could not safely identify store assignment for repository candidate interface com.smartmetro.repository.RouteRepository; If you want this repository to be a MongoDB repository, consider annotating your entities with one of these annotations: org.springframework.data.mongodb.core.mapping.Document (preferred), or consider extending one of the following types with your repository: org.springframework.data.mongodb.repository.MongoRepository
2026-10-02T22:10:05.966+05:30  INFO 28168 --- [smartmetro-api] [restartedMain] .RepositoryConfigurationExtensionSupport : Spring Data MongoDB - Could not safely identify store assignment for repository candidate interface com.smartmetro.repository.RouteStationRepository; If you want this repository to be a MongoDB repository, consider annotating your entities with one of these annotations: org.springframework.data.mongodb.core.mapping.Document (preferred), or consider extending one of the following types with your repository: org.springframework.data.mongodb.repository.MongoRepository
2026-10-02T22:10:05.967+05:30  INFO 28168 --- [smartmetro-api] [restartedMain] .RepositoryConfigurationExtensionSupport : Spring Data MongoDB - Could not safely identify store assignment for repository candidate interface com.smartmetro.repository.StationRepository; If you want this repository to be a MongoDB repository, consider annotating your entities with one of these annotations: org.springframework.data.mongodb.core.mapping.Document (preferred), or consider extending one of the following types with your repository: org.springframework.data.mongodb.repository.MongoRepository
2026-10-02T22:10:05.967+05:30  INFO 28168 --- [smartmetro-api] [restartedMain] .RepositoryConfigurationExtensionSupport : Spring Data MongoDB - Could not safely identify store assignment for repository candidate interface com.smartmetro.repository.TransactionRepository; If you want this repository to be a MongoDB repository, consider annotating your entities with one of these annotations: org.springframework.data.mongodb.core.mapping.Document (preferred), or consider extending one of the following types with your repository: org.springframework.data.mongodb.repository.MongoRepository
2026-10-02T22:10:05.967+05:30  INFO 28168 --- [smartmetro-api] [restartedMain] .RepositoryConfigurationExtensionSupport : Spring Data MongoDB - Could not safely identify store assignment for repository candidate interface com.smartmetro.repository.TripRepository; If you want this repository to be a MongoDB repository, consider annotating your entities with one of these annotations: org.springframework.data.mongodb.core.mapping.Document (preferred), or consider extending one of the following types with your repository: org.springframework.data.mongodb.repository.MongoRepository
2026-10-02T22:10:05.969+05:30  INFO 28168 --- [smartmetro-api] [restartedMain] .RepositoryConfigurationExtensionSupport : Spring Data MongoDB - Could not safely identify store assignment for repository candidate interface com.smartmetro.repository.UserRepository; If you want this repository to be a MongoDB repository, consider annotating your entities with one of these annotations: org.springframework.data.mongodb.core.mapping.Document (preferred), or consider extending one of the following types with your repository: org.springframework.data.mongodb.repository.MongoRepository
2026-10-02T22:10:05.969+05:30  INFO 28168 --- [smartmetro-api] [restartedMain] .s.d.r.c.RepositoryConfigurationDelegate : Finished Spring Data repository scanning in 12 ms. Found 0 MongoDB repository interfaces.
2026-10-02T22:10:06.523+05:30  INFO 28168 --- [smartmetro-api] [restartedMain] o.s.boot.tomcat.TomcatWebServer          : Tomcat initialized with port 8084 (http)
2026-10-02T22:10:06.538+05:30  INFO 28168 --- [smartmetro-api] [restartedMain] o.apache.catalina.core.StandardService   : Starting service [Tomcat]
2026-10-02T22:10:06.538+05:30  INFO 28168 --- [smartmetro-api] [restartedMain] o.apache.catalina.core.StandardEngine    : Starting Servlet engine: [Apache Tomcat/11.0.24]
2026-10-02T22:10:06.585+05:30  INFO 28168 --- [smartmetro-api] [restartedMain] b.w.c.s.WebApplicationContextInitializer : Root WebApplicationContext: initialization completed in 1820 ms
2026-10-02T22:10:06.955+05:30  INFO 28168 --- [smartmetro-api] [restartedMain] com.zaxxer.hikari.HikariDataSource       : HikariPool-1 - Starting...
2026-10-02T22:10:07.288+05:30  INFO 28168 --- [smartmetro-api] [restartedMain] com.zaxxer.hikari.pool.HikariPool        : HikariPool-1 - Added connection oracle.jdbc.driver.T4CConnection@7b636173
2026-10-02T22:10:07.291+05:30  INFO 28168 --- [smartmetro-api] [restartedMain] com.zaxxer.hikari.HikariDataSource       : HikariPool-1 - Start completed.
2026-10-02T22:10:07.316+05:30  INFO 28168 --- [smartmetro-api] [restartedMain] org.hibernate.orm.jpa                    : HHH008540: Processing PersistenceUnitInfo [name: default]
2026-10-02T22:10:07.376+05:30  INFO 28168 --- [smartmetro-api] [restartedMain] org.hibernate.orm.core                   : HHH000001: Hibernate ORM core version 7.4.5.Final
2026-10-02T22:10:07.853+05:30  INFO 28168 --- [smartmetro-api] [restartedMain] o.s.o.j.p.SpringPersistenceUnitInfo      : No LoadTimeWeaver setup: ignoring JPA class transformer
2026-10-02T22:10:08.110+05:30  WARN 28168 --- [smartmetro-api] [restartedMain] org.hibernate.orm.core                   : HHH000511: The 11.2.0 version for [org.hibernate.dialect.OracleDialect] is no longer supported, hence certain features may not work properly.The minimum supported version is 19.0.0. Check the community dialects project for available legacy versions.
2026-10-02T22:10:08.135+05:30  WARN 28168 --- [smartmetro-api] [restartedMain] org.hibernate.orm.jdbc                   : HHH100123: Low default JDBC fetch size: 10 (consider setting 'hibernate.jdbc.fetch_size')
2026-10-02T22:10:08.139+05:30  INFO 28168 --- [smartmetro-api] [restartedMain] org.hibernate.orm.connections.pooling    : HHH10001005: Database info:
	Database JDBC URL [jdbc:oracle:thin:@localhost:1521:xe]
	Database driver: Oracle JDBC driver
	Database dialect: OracleDialect
	Database version: 11.2
	Default catalog/schema: undefined/SYSTEM
	Autocommit mode: undefined/unknown
	Isolation level: READ_COMMITTED [default READ_COMMITTED]
	JDBC fetch size: 10
	Pool: DataSourceConnectionProvider
	Minimum pool size: undefined/unknown
	Maximum pool size: undefined/unknown
2026-10-02T22:10:09.165+05:30  INFO 28168 --- [smartmetro-api] [restartedMain] org.hibernate.orm.core                   : HHH000489: No JTA platform available (set 'hibernate.transaction.jta.platform' to enable JTA platform integration)
2026-10-02T22:10:09.170+05:30  INFO 28168 --- [smartmetro-api] [restartedMain] j.LocalContainerEntityManagerFactoryBean : Initialized JPA EntityManagerFactory for persistence unit 'default'
2026-10-02T22:10:09.244+05:30  INFO 28168 --- [smartmetro-api] [restartedMain] o.s.d.j.r.query.QueryEnhancerFactories   : Hibernate is in classpath; If applicable, HQL parser will be used.
2026-10-02T22:10:09.481+05:30  WARN 28168 --- [smartmetro-api] [restartedMain] JpaBaseConfiguration$JpaWebConfiguration : spring.jpa.open-in-view is enabled by default. Therefore, database queries may be performed during view rendering. Explicitly configure spring.jpa.open-in-view to disable this warning
2026-10-02T22:10:09.976+05:30  INFO 28168 --- [smartmetro-api] [restartedMain] org.mongodb.driver.client                : MongoClient with metadata {"driver": {"name": "mongo-java-driver|spring-boot|sync", "version": "5.8.1"}, "os": {"type": "Windows", "name": "Windows 11", "architecture": "amd64", "version": "10.0"}, "platform": "Java/Oracle Corporation/26.0.2.1+1-7"} created with settings MongoClientSettings{readPreference=primary, writeConcern=WriteConcern{w=null, wTimeout=null ms, journal=null}, retryWrites=true, retryReads=true, readConcern=ReadConcern{level=null}, credential=null, transportSettings=null, commandListeners=[io.micrometer.core.instrument.binder.mongodb.MongoMetricsCommandListener@9d36b9c], codecRegistry=ProvidersCodecRegistry{codecProviders=[ValueCodecProvider{}, BsonValueCodecProvider{}, DBRefCodecProvider{}, DBObjectCodecProvider{}, DocumentCodecProvider{}, CollectionCodecProvider{}, IterableCodecProvider{}, MapCodecProvider{}, GeoJsonCodecProvider{}, GridFSFileCodecProvider{}, Jsr310CodecProvider{}, JsonObjectCodecProvider{}, BsonCodecProvider{}, com.mongodb.client.model.mql.ExpressionCodecProvider@1a85f421, com.mongodb.Jep395RecordCodecProvider@757ab78f, com.mongodb.KotlinCodecProvider@5f9c8c95, EnumCodecProvider{}]}, loggerSettings=LoggerSettings{maxDocumentLength=1000}, clusterSettings={hosts=[localhost:27017], srvServiceName=mongodb, mode=SINGLE, requiredClusterType=UNKNOWN, requiredReplicaSetName='null', serverSelector='null', clusterListeners='[]', serverSelectionTimeout='30000 ms', localThreshold='15 ms'}, socketSettings=SocketSettings{connectTimeoutMS=10000, readTimeoutMS=0, receiveBufferSize=0, proxySettings=ProxySettings{host=null, port=null, username=null, password=null}}, heartbeatSocketSettings=SocketSettings{connectTimeoutMS=10000, readTimeoutMS=10000, receiveBufferSize=0, proxySettings=ProxySettings{host=null, port=null, username=null, password=null}}, connectionPoolSettings=ConnectionPoolSettings{maxSize=100, minSize=0, maxWaitTimeMS=120000, maxConnectionLifeTimeMS=0, maxConnectionIdleTimeMS=0, maintenanceInitialDelayMS=0, maintenanceFrequencyMS=60000, connectionPoolListeners=[io.micrometer.core.instrument.binder.mongodb.MongoMetricsConnectionPoolListener@2a19c6c4], maxConnecting=2}, serverSettings=ServerSettings{heartbeatFrequencyMS=10000, minHeartbeatFrequencyMS=500, serverMonitoringMode=AUTO, serverListeners='[]', serverMonitorListeners='[]'}, sslSettings=SslSettings{enabled=false, invalidHostNameAllowed=false, context=null}, applicationName='null', compressorList=[], uuidRepresentation=UNSPECIFIED, serverApi=null, autoEncryptionSettings=null, dnsClient=null, inetAddressResolver=null, contextProvider=null, timeoutMS=null}
2026-10-02T22:10:09.989+05:30  INFO 28168 --- [smartmetro-api] [cluster-6abfde69366b74d3744d0a18-localhost:27017] org.mongodb.driver.cluster               : Monitor thread successfully connected to server with description ServerDescription{address=localhost:27017, type=STANDALONE, cryptd=false, state=CONNECTED, ok=true, minWireVersion=0, maxWireVersion=28, maxDocumentSize=16777216, logicalSessionTimeoutMinutes=30, roundTripTimeNanos=20042600, minRoundTripTimeNanos=0}
2026-10-02T22:10:10.252+05:30  INFO 28168 --- [smartmetro-api] [restartedMain] o.s.b.a.e.web.EndpointLinksResolver      : Exposing 13 endpoints beneath base path '/actuator'
2026-10-02T22:10:10.316+05:30  INFO 28168 --- [smartmetro-api] [restartedMain] o.s.boot.tomcat.TomcatWebServer          : Tomcat started on port 8084 (http) with context path '/'
2026-10-02T22:10:10.323+05:30  INFO 28168 --- [smartmetro-api] [restartedMain] c.smartmetro.SmartmetroApiApplication    : Started SmartmetroApiApplication in 6.138 seconds (process running for 6.778)
2026-10-02T22:10:10.328+05:30  WARN 28168 --- [smartmetro-api] [restartedMain] o.s.core.events.SpringDocAppInitializer  : SpringDoc /v3/api-docs endpoint is enabled by default. To disable it in production, set the property 'springdoc.api-docs.enabled=false'
2026-10-02T22:10:10.329+05:30  WARN 28168 --- [smartmetro-api] [restartedMain] o.s.core.events.SpringDocAppInitializer  : SpringDoc /swagger-ui.html endpoint is enabled by default. To disable it in production, set the property 'springdoc.swagger-ui.enabled=false'
2026-10-02T22:10:10.330+05:30  INFO 28168 --- [smartmetro-api] [restartedMain] c.smartmetro.SmartmetroApiApplication    : SmartmetroApiApplication started
2026-10-02T22:20:26.796+05:30  INFO 28168 --- [smartmetro-api] [SpringApplicationShutdownHook] o.s.boot.tomcat.GracefulShutdown         : Commencing graceful shutdown. Waiting for active requests to complete
2026-10-02T22:20:26.804+05:30  INFO 28168 --- [smartmetro-api] [tomcat-shutdown] o.s.boot.tomcat.GracefulShutdown         : Graceful shutdown complete
2026-10-02T22:20:26.812+05:30  INFO 28168 --- [smartmetro-api] [SpringApplicationShutdownHook] j.LocalContainerEntityManagerFactoryBean : Closing JPA EntityManagerFactory for persistence unit 'default'
2026-10-02T22:20:26.815+05:30  INFO 28168 --- [smartmetro-api] [SpringApplicationShutdownHook] com.zaxxer.hikari.HikariDataSource       : HikariPool-1 - Shutdown initiated...
2026-10-02T22:20:26.825+05:30  INFO 28168 --- [smartmetro-api] [SpringApplicationShutdownHook] com.zaxxer.hikari.HikariDataSource       : HikariPool-1 - Shutdown completed.
2026-10-02T22:20:32.134+05:30  INFO 21380 --- [smartmetro-api] [restartedMain] c.smartmetro.SmartmetroApiApplication    : Starting SmartmetroApiApplication using Java 26.0.2.1 with PID 21380 (S:\Emexo_Technology\smartmetro-api\smartmetro-api\build\classes\java\main started by SHASHANK in S:\Emexo_Technology\smartmetro-api\smartmetro-api)
2026-10-02T22:20:32.136+05:30 DEBUG 21380 --- [smartmetro-api] [restartedMain] c.smartmetro.SmartmetroApiApplication    : Running with Spring Boot v4.1.1, Spring v7.0.9
2026-10-02T22:20:32.137+05:30  INFO 21380 --- [smartmetro-api] [restartedMain] c.smartmetro.SmartmetroApiApplication    : The following 1 profile is active: "uat"
2026-10-02T22:20:32.196+05:30  INFO 21380 --- [smartmetro-api] [restartedMain] o.s.b.devtools.restart.ChangeableUrls    : The Class-Path manifest attribute in C:\Users\SHASHANK\.gradle\caches\modules-2\files-2.1\com.oracle.database.jdbc\ojdbc11\23.26.3.0.0\6936aba69cb7142aac36a53ed920af563b0e1dd1\ojdbc11-23.26.3.0.0.jar referenced one or more files that do not exist: file:/C:/Users/SHASHANK/.gradle/caches/modules-2/files-2.1/com.oracle.database.jdbc/ojdbc11/23.26.3.0.0/6936aba69cb7142aac36a53ed920af563b0e1dd1/oraclepki.jar
2026-10-02T22:20:32.196+05:30  INFO 21380 --- [smartmetro-api] [restartedMain] .e.DevToolsPropertyDefaultsPostProcessor : Devtools property defaults active! Set 'spring.devtools.add-properties' to 'false' to disable
2026-10-02T22:20:32.197+05:30  INFO 21380 --- [smartmetro-api] [restartedMain] .e.DevToolsPropertyDefaultsPostProcessor : For additional web related logging consider setting the 'logging.level.web' property to 'DEBUG'
2026-10-02T22:20:33.054+05:30  INFO 21380 --- [smartmetro-api] [restartedMain] .s.d.r.c.RepositoryConfigurationDelegate : Multiple Spring Data modules found, entering strict repository configuration mode
2026-10-02T22:20:33.056+05:30  INFO 21380 --- [smartmetro-api] [restartedMain] .s.d.r.c.RepositoryConfigurationDelegate : Bootstrapping Spring Data JPA repositories in DEFAULT mode.
2026-10-02T22:20:33.109+05:30  INFO 21380 --- [smartmetro-api] [restartedMain] .s.d.r.c.RepositoryConfigurationDelegate : Finished Spring Data repository scanning in 46 ms. Found 8 JPA repository interfaces.
2026-10-02T22:20:33.134+05:30  INFO 21380 --- [smartmetro-api] [restartedMain] .s.d.r.c.RepositoryConfigurationDelegate : Multiple Spring Data modules found, entering strict repository configuration mode
2026-10-02T22:20:33.134+05:30  INFO 21380 --- [smartmetro-api] [restartedMain] .s.d.r.c.RepositoryConfigurationDelegate : Bootstrapping Spring Data MongoDB repositories in DEFAULT mode.
2026-10-02T22:20:33.142+05:30  INFO 21380 --- [smartmetro-api] [restartedMain] .RepositoryConfigurationExtensionSupport : Spring Data MongoDB - Could not safely identify store assignment for repository candidate interface com.smartmetro.repository.MetroCardRepository; If you want this repository to be a MongoDB repository, consider annotating your entities with one of these annotations: org.springframework.data.mongodb.core.mapping.Document (preferred), or consider extending one of the following types with your repository: org.springframework.data.mongodb.repository.MongoRepository
2026-10-02T22:20:33.142+05:30  INFO 21380 --- [smartmetro-api] [restartedMain] .RepositoryConfigurationExtensionSupport : Spring Data MongoDB - Could not safely identify store assignment for repository candidate interface com.smartmetro.repository.PaymentRepository; If you want this repository to be a MongoDB repository, consider annotating your entities with one of these annotations: org.springframework.data.mongodb.core.mapping.Document (preferred), or consider extending one of the following types with your repository: org.springframework.data.mongodb.repository.MongoRepository
2026-10-02T22:20:33.142+05:30  INFO 21380 --- [smartmetro-api] [restartedMain] .RepositoryConfigurationExtensionSupport : Spring Data MongoDB - Could not safely identify store assignment for repository candidate interface com.smartmetro.repository.RouteRepository; If you want this repository to be a MongoDB repository, consider annotating your entities with one of these annotations: org.springframework.data.mongodb.core.mapping.Document (preferred), or consider extending one of the following types with your repository: org.springframework.data.mongodb.repository.MongoRepository
2026-10-02T22:20:33.143+05:30  INFO 21380 --- [smartmetro-api] [restartedMain] .RepositoryConfigurationExtensionSupport : Spring Data MongoDB - Could not safely identify store assignment for repository candidate interface com.smartmetro.repository.RouteStationRepository; If you want this repository to be a MongoDB repository, consider annotating your entities with one of these annotations: org.springframework.data.mongodb.core.mapping.Document (preferred), or consider extending one of the following types with your repository: org.springframework.data.mongodb.repository.MongoRepository
2026-10-02T22:20:33.144+05:30  INFO 21380 --- [smartmetro-api] [restartedMain] .RepositoryConfigurationExtensionSupport : Spring Data MongoDB - Could not safely identify store assignment for repository candidate interface com.smartmetro.repository.StationRepository; If you want this repository to be a MongoDB repository, consider annotating your entities with one of these annotations: org.springframework.data.mongodb.core.mapping.Document (preferred), or consider extending one of the following types with your repository: org.springframework.data.mongodb.repository.MongoRepository
2026-10-02T22:20:33.144+05:30  INFO 21380 --- [smartmetro-api] [restartedMain] .RepositoryConfigurationExtensionSupport : Spring Data MongoDB - Could not safely identify store assignment for repository candidate interface com.smartmetro.repository.TransactionRepository; If you want this repository to be a MongoDB repository, consider annotating your entities with one of these annotations: org.springframework.data.mongodb.core.mapping.Document (preferred), or consider extending one of the following types with your repository: org.springframework.data.mongodb.repository.MongoRepository
2026-10-02T22:20:33.144+05:30  INFO 21380 --- [smartmetro-api] [restartedMain] .RepositoryConfigurationExtensionSupport : Spring Data MongoDB - Could not safely identify store assignment for repository candidate interface com.smartmetro.repository.TripRepository; If you want this repository to be a MongoDB repository, consider annotating your entities with one of these annotations: org.springframework.data.mongodb.core.mapping.Document (preferred), or consider extending one of the following types with your repository: org.springframework.data.mongodb.repository.MongoRepository
2026-10-02T22:20:33.145+05:30  INFO 21380 --- [smartmetro-api] [restartedMain] .RepositoryConfigurationExtensionSupport : Spring Data MongoDB - Could not safely identify store assignment for repository candidate interface com.smartmetro.repository.UserRepository; If you want this repository to be a MongoDB repository, consider annotating your entities with one of these annotations: org.springframework.data.mongodb.core.mapping.Document (preferred), or consider extending one of the following types with your repository: org.springframework.data.mongodb.repository.MongoRepository
2026-10-02T22:20:33.146+05:30  INFO 21380 --- [smartmetro-api] [restartedMain] .s.d.r.c.RepositoryConfigurationDelegate : Finished Spring Data repository scanning in 10 ms. Found 0 MongoDB repository interfaces.
2026-10-02T22:20:33.639+05:30  INFO 21380 --- [smartmetro-api] [restartedMain] o.s.boot.tomcat.TomcatWebServer          : Tomcat initialized with port 8084 (http)
2026-10-02T22:20:33.649+05:30  INFO 21380 --- [smartmetro-api] [restartedMain] o.apache.catalina.core.StandardService   : Starting service [Tomcat]
2026-10-02T22:20:33.649+05:30  INFO 21380 --- [smartmetro-api] [restartedMain] o.apache.catalina.core.StandardEngine    : Starting Servlet engine: [Apache Tomcat/11.0.24]
2026-10-02T22:20:33.685+05:30  INFO 21380 --- [smartmetro-api] [restartedMain] b.w.c.s.WebApplicationContextInitializer : Root WebApplicationContext: initialization completed in 1488 ms
2026-10-02T22:20:33.953+05:30  INFO 21380 --- [smartmetro-api] [restartedMain] com.zaxxer.hikari.HikariDataSource       : HikariPool-1 - Starting...
2026-10-02T22:20:34.155+05:30  INFO 21380 --- [smartmetro-api] [restartedMain] com.zaxxer.hikari.pool.HikariPool        : HikariPool-1 - Added connection oracle.jdbc.driver.T4CConnection@4ed326ef
2026-10-02T22:20:34.156+05:30  INFO 21380 --- [smartmetro-api] [restartedMain] com.zaxxer.hikari.HikariDataSource       : HikariPool-1 - Start completed.
2026-10-02T22:20:34.182+05:30  INFO 21380 --- [smartmetro-api] [restartedMain] org.hibernate.orm.jpa                    : HHH008540: Processing PersistenceUnitInfo [name: default]
2026-10-02T22:20:34.223+05:30  INFO 21380 --- [smartmetro-api] [restartedMain] org.hibernate.orm.core                   : HHH000001: Hibernate ORM core version 7.4.5.Final
2026-10-02T22:20:34.655+05:30  INFO 21380 --- [smartmetro-api] [restartedMain] o.s.o.j.p.SpringPersistenceUnitInfo      : No LoadTimeWeaver setup: ignoring JPA class transformer
2026-10-02T22:20:34.902+05:30  WARN 21380 --- [smartmetro-api] [restartedMain] org.hibernate.orm.core                   : HHH000511: The 11.2.0 version for [org.hibernate.dialect.OracleDialect] is no longer supported, hence certain features may not work properly.The minimum supported version is 19.0.0. Check the community dialects project for available legacy versions.
2026-10-02T22:20:34.925+05:30  WARN 21380 --- [smartmetro-api] [restartedMain] org.hibernate.orm.jdbc                   : HHH100123: Low default JDBC fetch size: 10 (consider setting 'hibernate.jdbc.fetch_size')
2026-10-02T22:20:34.929+05:30  INFO 21380 --- [smartmetro-api] [restartedMain] org.hibernate.orm.connections.pooling    : HHH10001005: Database info:
	Database JDBC URL [jdbc:oracle:thin:@localhost:1521:xe]
	Database driver: Oracle JDBC driver
	Database dialect: OracleDialect
	Database version: 11.2
	Default catalog/schema: undefined/SYSTEM
	Autocommit mode: undefined/unknown
	Isolation level: READ_COMMITTED [default READ_COMMITTED]
	JDBC fetch size: 10
	Pool: DataSourceConnectionProvider
	Minimum pool size: undefined/unknown
	Maximum pool size: undefined/unknown
2026-10-02T22:20:35.961+05:30  INFO 21380 --- [smartmetro-api] [restartedMain] org.hibernate.orm.core                   : HHH000489: No JTA platform available (set 'hibernate.transaction.jta.platform' to enable JTA platform integration)
2026-10-02T22:20:35.968+05:30  INFO 21380 --- [smartmetro-api] [restartedMain] j.LocalContainerEntityManagerFactoryBean : Initialized JPA EntityManagerFactory for persistence unit 'default'
2026-10-02T22:20:36.042+05:30  INFO 21380 --- [smartmetro-api] [restartedMain] o.s.d.j.r.query.QueryEnhancerFactories   : Hibernate is in classpath; If applicable, HQL parser will be used.
2026-10-02T22:20:36.295+05:30  WARN 21380 --- [smartmetro-api] [restartedMain] JpaBaseConfiguration$JpaWebConfiguration : spring.jpa.open-in-view is enabled by default. Therefore, database queries may be performed during view rendering. Explicitly configure spring.jpa.open-in-view to disable this warning
2026-10-02T22:20:36.745+05:30  INFO 21380 --- [smartmetro-api] [restartedMain] org.mongodb.driver.client                : MongoClient with metadata {"driver": {"name": "mongo-java-driver|spring-boot|sync", "version": "5.8.1"}, "os": {"type": "Windows", "name": "Windows 11", "architecture": "amd64", "version": "10.0"}, "platform": "Java/Oracle Corporation/26.0.2.1+1-7"} created with settings MongoClientSettings{readPreference=primary, writeConcern=WriteConcern{w=null, wTimeout=null ms, journal=null}, retryWrites=true, retryReads=true, readConcern=ReadConcern{level=null}, credential=null, transportSettings=null, commandListeners=[io.micrometer.core.instrument.binder.mongodb.MongoMetricsCommandListener@2c1b42d3], codecRegistry=ProvidersCodecRegistry{codecProviders=[ValueCodecProvider{}, BsonValueCodecProvider{}, DBRefCodecProvider{}, DBObjectCodecProvider{}, DocumentCodecProvider{}, CollectionCodecProvider{}, IterableCodecProvider{}, MapCodecProvider{}, GeoJsonCodecProvider{}, GridFSFileCodecProvider{}, Jsr310CodecProvider{}, JsonObjectCodecProvider{}, BsonCodecProvider{}, com.mongodb.client.model.mql.ExpressionCodecProvider@37beeae4, com.mongodb.Jep395RecordCodecProvider@6d0ccb6c, com.mongodb.KotlinCodecProvider@3027e992, EnumCodecProvider{}]}, loggerSettings=LoggerSettings{maxDocumentLength=1000}, clusterSettings={hosts=[localhost:27017], srvServiceName=mongodb, mode=SINGLE, requiredClusterType=UNKNOWN, requiredReplicaSetName='null', serverSelector='null', clusterListeners='[]', serverSelectionTimeout='30000 ms', localThreshold='15 ms'}, socketSettings=SocketSettings{connectTimeoutMS=10000, readTimeoutMS=0, receiveBufferSize=0, proxySettings=ProxySettings{host=null, port=null, username=null, password=null}}, heartbeatSocketSettings=SocketSettings{connectTimeoutMS=10000, readTimeoutMS=10000, receiveBufferSize=0, proxySettings=ProxySettings{host=null, port=null, username=null, password=null}}, connectionPoolSettings=ConnectionPoolSettings{maxSize=100, minSize=0, maxWaitTimeMS=120000, maxConnectionLifeTimeMS=0, maxConnectionIdleTimeMS=0, maintenanceInitialDelayMS=0, maintenanceFrequencyMS=60000, connectionPoolListeners=[io.micrometer.core.instrument.binder.mongodb.MongoMetricsConnectionPoolListener@55c0b787], maxConnecting=2}, serverSettings=ServerSettings{heartbeatFrequencyMS=10000, minHeartbeatFrequencyMS=500, serverMonitoringMode=AUTO, serverListeners='[]', serverMonitorListeners='[]'}, sslSettings=SslSettings{enabled=false, invalidHostNameAllowed=false, context=null}, applicationName='null', compressorList=[], uuidRepresentation=UNSPECIFIED, serverApi=null, autoEncryptionSettings=null, dnsClient=null, inetAddressResolver=null, contextProvider=null, timeoutMS=null}
2026-10-02T22:20:36.759+05:30  INFO 21380 --- [smartmetro-api] [cluster-6abfe0dc0b387545e5542977-localhost:27017] org.mongodb.driver.cluster               : Monitor thread successfully connected to server with description ServerDescription{address=localhost:27017, type=STANDALONE, cryptd=false, state=CONNECTED, ok=true, minWireVersion=0, maxWireVersion=28, maxDocumentSize=16777216, logicalSessionTimeoutMinutes=30, roundTripTimeNanos=19598800, minRoundTripTimeNanos=0}
2026-10-02T22:20:36.982+05:30  INFO 21380 --- [smartmetro-api] [restartedMain] o.s.b.a.e.web.EndpointLinksResolver      : Exposing 13 endpoints beneath base path '/actuator'
2026-10-02T22:20:37.052+05:30  INFO 21380 --- [smartmetro-api] [restartedMain] o.s.boot.tomcat.TomcatWebServer          : Tomcat started on port 8084 (http) with context path '/'
2026-10-02T22:20:37.061+05:30  INFO 21380 --- [smartmetro-api] [restartedMain] c.smartmetro.SmartmetroApiApplication    : Started SmartmetroApiApplication in 5.313 seconds (process running for 5.852)
2026-10-02T22:20:37.066+05:30  WARN 21380 --- [smartmetro-api] [restartedMain] o.s.core.events.SpringDocAppInitializer  : SpringDoc /v3/api-docs endpoint is enabled by default. To disable it in production, set the property 'springdoc.api-docs.enabled=false'
2026-10-02T22:20:37.066+05:30  WARN 21380 --- [smartmetro-api] [restartedMain] o.s.core.events.SpringDocAppInitializer  : SpringDoc /swagger-ui.html endpoint is enabled by default. To disable it in production, set the property 'springdoc.swagger-ui.enabled=false'
2026-10-02T22:20:37.067+05:30  INFO 21380 --- [smartmetro-api] [restartedMain] c.smartmetro.SmartmetroApiApplication    : SmartmetroApiApplication started
2026-10-02T22:22:18.925+05:30  INFO 21380 --- [smartmetro-api] [SpringApplicationShutdownHook] o.s.boot.tomcat.GracefulShutdown         : Commencing graceful shutdown. Waiting for active requests to complete
2026-10-02T22:22:18.935+05:30  INFO 21380 --- [smartmetro-api] [tomcat-shutdown] o.s.boot.tomcat.GracefulShutdown         : Graceful shutdown complete
2026-10-02T22:22:18.947+05:30  INFO 21380 --- [smartmetro-api] [SpringApplicationShutdownHook] j.LocalContainerEntityManagerFactoryBean : Closing JPA EntityManagerFactory for persistence unit 'default'
2026-10-02T22:22:18.952+05:30  INFO 21380 --- [smartmetro-api] [SpringApplicationShutdownHook] com.zaxxer.hikari.HikariDataSource       : HikariPool-1 - Shutdown initiated...
2026-10-02T22:22:18.961+05:30  INFO 21380 --- [smartmetro-api] [SpringApplicationShutdownHook] com.zaxxer.hikari.HikariDataSource       : HikariPool-1 - Shutdown completed.
2026-10-02T22:22:22.115+05:30  INFO 23972 --- [smartmetro-api] [restartedMain] c.smartmetro.SmartmetroApiApplication    : Starting SmartmetroApiApplication using Java 26.0.2.1 with PID 23972 (S:\Emexo_Technology\smartmetro-api\smartmetro-api\build\classes\java\main started by SHASHANK in S:\Emexo_Technology\smartmetro-api\smartmetro-api)
2026-10-02T22:22:22.117+05:30 DEBUG 23972 --- [smartmetro-api] [restartedMain] c.smartmetro.SmartmetroApiApplication    : Running with Spring Boot v4.1.1, Spring v7.0.9
2026-10-02T22:22:22.117+05:30  INFO 23972 --- [smartmetro-api] [restartedMain] c.smartmetro.SmartmetroApiApplication    : The following 1 profile is active: "uat"
2026-10-02T22:22:22.164+05:30  INFO 23972 --- [smartmetro-api] [restartedMain] o.s.b.devtools.restart.ChangeableUrls    : The Class-Path manifest attribute in C:\Users\SHASHANK\.gradle\caches\modules-2\files-2.1\com.oracle.database.jdbc\ojdbc11\23.26.3.0.0\6936aba69cb7142aac36a53ed920af563b0e1dd1\ojdbc11-23.26.3.0.0.jar referenced one or more files that do not exist: file:/C:/Users/SHASHANK/.gradle/caches/modules-2/files-2.1/com.oracle.database.jdbc/ojdbc11/23.26.3.0.0/6936aba69cb7142aac36a53ed920af563b0e1dd1/oraclepki.jar
2026-10-02T22:22:22.165+05:30  INFO 23972 --- [smartmetro-api] [restartedMain] .e.DevToolsPropertyDefaultsPostProcessor : Devtools property defaults active! Set 'spring.devtools.add-properties' to 'false' to disable
2026-10-02T22:22:22.165+05:30  INFO 23972 --- [smartmetro-api] [restartedMain] .e.DevToolsPropertyDefaultsPostProcessor : For additional web related logging consider setting the 'logging.level.web' property to 'DEBUG'
2026-10-02T22:22:22.990+05:30  INFO 23972 --- [smartmetro-api] [restartedMain] .s.d.r.c.RepositoryConfigurationDelegate : Multiple Spring Data modules found, entering strict repository configuration mode
2026-10-02T22:22:22.992+05:30  INFO 23972 --- [smartmetro-api] [restartedMain] .s.d.r.c.RepositoryConfigurationDelegate : Bootstrapping Spring Data JPA repositories in DEFAULT mode.
2026-10-02T22:22:23.049+05:30  INFO 23972 --- [smartmetro-api] [restartedMain] .s.d.r.c.RepositoryConfigurationDelegate : Finished Spring Data repository scanning in 50 ms. Found 8 JPA repository interfaces.
2026-10-02T22:22:23.075+05:30  INFO 23972 --- [smartmetro-api] [restartedMain] .s.d.r.c.RepositoryConfigurationDelegate : Multiple Spring Data modules found, entering strict repository configuration mode
2026-10-02T22:22:23.075+05:30  INFO 23972 --- [smartmetro-api] [restartedMain] .s.d.r.c.RepositoryConfigurationDelegate : Bootstrapping Spring Data MongoDB repositories in DEFAULT mode.
2026-10-02T22:22:23.082+05:30  INFO 23972 --- [smartmetro-api] [restartedMain] .RepositoryConfigurationExtensionSupport : Spring Data MongoDB - Could not safely identify store assignment for repository candidate interface com.smartmetro.repository.MetroCardRepository; If you want this repository to be a MongoDB repository, consider annotating your entities with one of these annotations: org.springframework.data.mongodb.core.mapping.Document (preferred), or consider extending one of the following types with your repository: org.springframework.data.mongodb.repository.MongoRepository
2026-10-02T22:22:23.083+05:30  INFO 23972 --- [smartmetro-api] [restartedMain] .RepositoryConfigurationExtensionSupport : Spring Data MongoDB - Could not safely identify store assignment for repository candidate interface com.smartmetro.repository.PaymentRepository; If you want this repository to be a MongoDB repository, consider annotating your entities with one of these annotations: org.springframework.data.mongodb.core.mapping.Document (preferred), or consider extending one of the following types with your repository: org.springframework.data.mongodb.repository.MongoRepository
2026-10-02T22:22:23.083+05:30  INFO 23972 --- [smartmetro-api] [restartedMain] .RepositoryConfigurationExtensionSupport : Spring Data MongoDB - Could not safely identify store assignment for repository candidate interface com.smartmetro.repository.RouteRepository; If you want this repository to be a MongoDB repository, consider annotating your entities with one of these annotations: org.springframework.data.mongodb.core.mapping.Document (preferred), or consider extending one of the following types with your repository: org.springframework.data.mongodb.repository.MongoRepository
2026-10-02T22:22:23.085+05:30  INFO 23972 --- [smartmetro-api] [restartedMain] .RepositoryConfigurationExtensionSupport : Spring Data MongoDB - Could not safely identify store assignment for repository candidate interface com.smartmetro.repository.RouteStationRepository; If you want this repository to be a MongoDB repository, consider annotating your entities with one of these annotations: org.springframework.data.mongodb.core.mapping.Document (preferred), or consider extending one of the following types with your repository: org.springframework.data.mongodb.repository.MongoRepository
2026-10-02T22:22:23.085+05:30  INFO 23972 --- [smartmetro-api] [restartedMain] .RepositoryConfigurationExtensionSupport : Spring Data MongoDB - Could not safely identify store assignment for repository candidate interface com.smartmetro.repository.StationRepository; If you want this repository to be a MongoDB repository, consider annotating your entities with one of these annotations: org.springframework.data.mongodb.core.mapping.Document (preferred), or consider extending one of the following types with your repository: org.springframework.data.mongodb.repository.MongoRepository
2026-10-02T22:22:23.086+05:30  INFO 23972 --- [smartmetro-api] [restartedMain] .RepositoryConfigurationExtensionSupport : Spring Data MongoDB - Could not safely identify store assignment for repository candidate interface com.smartmetro.repository.TransactionRepository; If you want this repository to be a MongoDB repository, consider annotating your entities with one of these annotations: org.springframework.data.mongodb.core.mapping.Document (preferred), or consider extending one of the following types with your repository: org.springframework.data.mongodb.repository.MongoRepository
2026-10-02T22:22:23.087+05:30  INFO 23972 --- [smartmetro-api] [restartedMain] .RepositoryConfigurationExtensionSupport : Spring Data MongoDB - Could not safely identify store assignment for repository candidate interface com.smartmetro.repository.TripRepository; If you want this repository to be a MongoDB repository, consider annotating your entities with one of these annotations: org.springframework.data.mongodb.core.mapping.Document (preferred), or consider extending one of the following types with your repository: org.springframework.data.mongodb.repository.MongoRepository
2026-10-02T22:22:23.087+05:30  INFO 23972 --- [smartmetro-api] [restartedMain] .RepositoryConfigurationExtensionSupport : Spring Data MongoDB - Could not safely identify store assignment for repository candidate interface com.smartmetro.repository.UserRepository; If you want this repository to be a MongoDB repository, consider annotating your entities with one of these annotations: org.springframework.data.mongodb.core.mapping.Document (preferred), or consider extending one of the following types with your repository: org.springframework.data.mongodb.repository.MongoRepository
2026-10-02T22:22:23.087+05:30  INFO 23972 --- [smartmetro-api] [restartedMain] .s.d.r.c.RepositoryConfigurationDelegate : Finished Spring Data repository scanning in 11 ms. Found 0 MongoDB repository interfaces.
2026-10-02T22:22:23.579+05:30  INFO 23972 --- [smartmetro-api] [restartedMain] o.s.boot.tomcat.TomcatWebServer          : Tomcat initialized with port 8084 (http)
2026-10-02T22:22:23.590+05:30  INFO 23972 --- [smartmetro-api] [restartedMain] o.apache.catalina.core.StandardService   : Starting service [Tomcat]
2026-10-02T22:22:23.590+05:30  INFO 23972 --- [smartmetro-api] [restartedMain] o.apache.catalina.core.StandardEngine    : Starting Servlet engine: [Apache Tomcat/11.0.24]
2026-10-02T22:22:23.624+05:30  INFO 23972 --- [smartmetro-api] [restartedMain] b.w.c.s.WebApplicationContextInitializer : Root WebApplicationContext: initialization completed in 1458 ms
2026-10-02T22:22:23.888+05:30  INFO 23972 --- [smartmetro-api] [restartedMain] com.zaxxer.hikari.HikariDataSource       : HikariPool-1 - Starting...
2026-10-02T22:22:24.083+05:30  INFO 23972 --- [smartmetro-api] [restartedMain] com.zaxxer.hikari.pool.HikariPool        : HikariPool-1 - Added connection oracle.jdbc.driver.T4CConnection@3fa4b919
2026-10-02T22:22:24.085+05:30  INFO 23972 --- [smartmetro-api] [restartedMain] com.zaxxer.hikari.HikariDataSource       : HikariPool-1 - Start completed.
2026-10-02T22:22:24.108+05:30  INFO 23972 --- [smartmetro-api] [restartedMain] org.hibernate.orm.jpa                    : HHH008540: Processing PersistenceUnitInfo [name: default]
2026-10-02T22:22:24.152+05:30  INFO 23972 --- [smartmetro-api] [restartedMain] org.hibernate.orm.core                   : HHH000001: Hibernate ORM core version 7.4.5.Final
2026-10-02T22:22:24.502+05:30  INFO 23972 --- [smartmetro-api] [restartedMain] o.s.o.j.p.SpringPersistenceUnitInfo      : No LoadTimeWeaver setup: ignoring JPA class transformer
2026-10-02T22:22:24.704+05:30  WARN 23972 --- [smartmetro-api] [restartedMain] org.hibernate.orm.core                   : HHH000511: The 11.2.0 version for [org.hibernate.dialect.OracleDialect] is no longer supported, hence certain features may not work properly.The minimum supported version is 19.0.0. Check the community dialects project for available legacy versions.
2026-10-02T22:22:24.725+05:30  WARN 23972 --- [smartmetro-api] [restartedMain] org.hibernate.orm.jdbc                   : HHH100123: Low default JDBC fetch size: 10 (consider setting 'hibernate.jdbc.fetch_size')
2026-10-02T22:22:24.727+05:30  INFO 23972 --- [smartmetro-api] [restartedMain] org.hibernate.orm.connections.pooling    : HHH10001005: Database info:
	Database JDBC URL [jdbc:oracle:thin:@localhost:1521:xe]
	Database driver: Oracle JDBC driver
	Database dialect: OracleDialect
	Database version: 11.2
	Default catalog/schema: undefined/SYSTEM
	Autocommit mode: undefined/unknown
	Isolation level: READ_COMMITTED [default READ_COMMITTED]
	JDBC fetch size: 10
	Pool: DataSourceConnectionProvider
	Minimum pool size: undefined/unknown
	Maximum pool size: undefined/unknown
2026-10-02T22:22:25.583+05:30  INFO 23972 --- [smartmetro-api] [restartedMain] org.hibernate.orm.core                   : HHH000489: No JTA platform available (set 'hibernate.transaction.jta.platform' to enable JTA platform integration)
2026-10-02T22:22:25.589+05:30  INFO 23972 --- [smartmetro-api] [restartedMain] j.LocalContainerEntityManagerFactoryBean : Initialized JPA EntityManagerFactory for persistence unit 'default'
2026-10-02T22:22:25.647+05:30  INFO 23972 --- [smartmetro-api] [restartedMain] o.s.d.j.r.query.QueryEnhancerFactories   : Hibernate is in classpath; If applicable, HQL parser will be used.
2026-10-02T22:22:25.878+05:30  WARN 23972 --- [smartmetro-api] [restartedMain] JpaBaseConfiguration$JpaWebConfiguration : spring.jpa.open-in-view is enabled by default. Therefore, database queries may be performed during view rendering. Explicitly configure spring.jpa.open-in-view to disable this warning
2026-10-02T22:22:26.314+05:30  INFO 23972 --- [smartmetro-api] [restartedMain] org.mongodb.driver.client                : MongoClient with metadata {"driver": {"name": "mongo-java-driver|spring-boot|sync", "version": "5.8.1"}, "os": {"type": "Windows", "name": "Windows 11", "architecture": "amd64", "version": "10.0"}, "platform": "Java/Oracle Corporation/26.0.2.1+1-7"} created with settings MongoClientSettings{readPreference=primary, writeConcern=WriteConcern{w=null, wTimeout=null ms, journal=null}, retryWrites=true, retryReads=true, readConcern=ReadConcern{level=null}, credential=null, transportSettings=null, commandListeners=[io.micrometer.core.instrument.binder.mongodb.MongoMetricsCommandListener@5428ae1c], codecRegistry=ProvidersCodecRegistry{codecProviders=[ValueCodecProvider{}, BsonValueCodecProvider{}, DBRefCodecProvider{}, DBObjectCodecProvider{}, DocumentCodecProvider{}, CollectionCodecProvider{}, IterableCodecProvider{}, MapCodecProvider{}, GeoJsonCodecProvider{}, GridFSFileCodecProvider{}, Jsr310CodecProvider{}, JsonObjectCodecProvider{}, BsonCodecProvider{}, com.mongodb.client.model.mql.ExpressionCodecProvider@680b3879, com.mongodb.Jep395RecordCodecProvider@79ff6df, com.mongodb.KotlinCodecProvider@489661c, EnumCodecProvider{}]}, loggerSettings=LoggerSettings{maxDocumentLength=1000}, clusterSettings={hosts=[localhost:27017], srvServiceName=mongodb, mode=SINGLE, requiredClusterType=UNKNOWN, requiredReplicaSetName='null', serverSelector='null', clusterListeners='[]', serverSelectionTimeout='30000 ms', localThreshold='15 ms'}, socketSettings=SocketSettings{connectTimeoutMS=10000, readTimeoutMS=0, receiveBufferSize=0, proxySettings=ProxySettings{host=null, port=null, username=null, password=null}}, heartbeatSocketSettings=SocketSettings{connectTimeoutMS=10000, readTimeoutMS=10000, receiveBufferSize=0, proxySettings=ProxySettings{host=null, port=null, username=null, password=null}}, connectionPoolSettings=ConnectionPoolSettings{maxSize=100, minSize=0, maxWaitTimeMS=120000, maxConnectionLifeTimeMS=0, maxConnectionIdleTimeMS=0, maintenanceInitialDelayMS=0, maintenanceFrequencyMS=60000, connectionPoolListeners=[io.micrometer.core.instrument.binder.mongodb.MongoMetricsConnectionPoolListener@66a34ca2], maxConnecting=2}, serverSettings=ServerSettings{heartbeatFrequencyMS=10000, minHeartbeatFrequencyMS=500, serverMonitoringMode=AUTO, serverListeners='[]', serverMonitorListeners='[]'}, sslSettings=SslSettings{enabled=false, invalidHostNameAllowed=false, context=null}, applicationName='null', compressorList=[], uuidRepresentation=UNSPECIFIED, serverApi=null, autoEncryptionSettings=null, dnsClient=null, inetAddressResolver=null, contextProvider=null, timeoutMS=null}
2026-10-02T22:22:26.327+05:30  INFO 23972 --- [smartmetro-api] [cluster-6abfe14aa5b9c36b7ccf4fc1-localhost:27017] org.mongodb.driver.cluster               : Monitor thread successfully connected to server with description ServerDescription{address=localhost:27017, type=STANDALONE, cryptd=false, state=CONNECTED, ok=true, minWireVersion=0, maxWireVersion=28, maxDocumentSize=16777216, logicalSessionTimeoutMinutes=30, roundTripTimeNanos=16879800, minRoundTripTimeNanos=0}
2026-10-02T22:22:26.528+05:30  INFO 23972 --- [smartmetro-api] [restartedMain] o.s.b.a.e.web.EndpointLinksResolver      : Exposing 13 endpoints beneath base path '/actuator'
2026-10-02T22:22:26.593+05:30  INFO 23972 --- [smartmetro-api] [restartedMain] o.s.boot.tomcat.TomcatWebServer          : Tomcat started on port 8084 (http) with context path '/'
2026-10-02T22:22:26.601+05:30  INFO 23972 --- [smartmetro-api] [restartedMain] c.smartmetro.SmartmetroApiApplication    : Started SmartmetroApiApplication in 4.886 seconds (process running for 5.528)
2026-10-02T22:22:26.605+05:30  WARN 23972 --- [smartmetro-api] [restartedMain] o.s.core.events.SpringDocAppInitializer  : SpringDoc /v3/api-docs endpoint is enabled by default. To disable it in production, set the property 'springdoc.api-docs.enabled=false'
2026-10-02T22:22:26.606+05:30  WARN 23972 --- [smartmetro-api] [restartedMain] o.s.core.events.SpringDocAppInitializer  : SpringDoc /swagger-ui.html endpoint is enabled by default. To disable it in production, set the property 'springdoc.swagger-ui.enabled=false'
2026-10-02T22:22:26.607+05:30  INFO 23972 --- [smartmetro-api] [restartedMain] c.smartmetro.SmartmetroApiApplication    : SmartmetroApiApplication started
2026-10-02T22:22:43.791+05:30  INFO 23972 --- [smartmetro-api] [http-nio-8084-exec-1] o.a.c.c.C.[Tomcat].[localhost].[/]       : Initializing Spring DispatcherServlet 'dispatcherServlet'
2026-10-02T22:22:43.791+05:30  INFO 23972 --- [smartmetro-api] [http-nio-8084-exec-1] o.s.web.servlet.DispatcherServlet        : Initializing Servlet 'dispatcherServlet'
2026-10-02T22:22:43.794+05:30  INFO 23972 --- [smartmetro-api] [http-nio-8084-exec-1] o.s.web.servlet.DispatcherServlet        : Completed initialization in 3 ms
2026-10-02T22:22:51.371+05:30  INFO 23972 --- [smartmetro-api] [http-nio-8084-exec-1] o.springdoc.api.AbstractOpenApiResource  : Init duration for springdoc-openapi is: 511 ms
2026-10-02T22:23:53.805+05:30  INFO 23972 --- [smartmetro-api] [http-nio-8084-exec-5] c.s.controller.PaymentController         : Inside the getAllPayments method
2026-10-02T22:23:53.806+05:30  INFO 23972 --- [smartmetro-api] [http-nio-8084-exec-5] c.smartmetro.service.PaymentServiceImpl  : Inside the PaymentServiceImpl.findAllUsers
2026-10-02T22:23:54.122+05:30  INFO 23972 --- [smartmetro-api] [http-nio-8084-exec-5] c.smartmetro.service.PaymentServiceImpl  : Total Payments Found: 1
2026-10-02T22:47:44.740+05:30  INFO 23972 --- [smartmetro-api] [SpringApplicationShutdownHook] o.s.boot.tomcat.GracefulShutdown         : Commencing graceful shutdown. Waiting for active requests to complete
2026-10-02T22:47:44.746+05:30  INFO 23972 --- [smartmetro-api] [tomcat-shutdown] o.s.boot.tomcat.GracefulShutdown         : Graceful shutdown complete
2026-10-02T22:47:44.756+05:30  INFO 23972 --- [smartmetro-api] [SpringApplicationShutdownHook] j.LocalContainerEntityManagerFactoryBean : Closing JPA EntityManagerFactory for persistence unit 'default'
2026-10-02T22:47:44.759+05:30  INFO 23972 --- [smartmetro-api] [SpringApplicationShutdownHook] com.zaxxer.hikari.HikariDataSource       : HikariPool-1 - Shutdown initiated...
2026-10-02T22:47:44.766+05:30  INFO 23972 --- [smartmetro-api] [SpringApplicationShutdownHook] com.zaxxer.hikari.HikariDataSource       : HikariPool-1 - Shutdown completed.
2026-10-02T22:47:49.204+05:30  INFO 29432 --- [smartmetro-api] [restartedMain] c.smartmetro.SmartmetroApiApplication    : Starting SmartmetroApiApplication using Java 26.0.2.1 with PID 29432 (S:\Emexo_Technology\smartmetro-api\smartmetro-api\build\classes\java\main started by SHASHANK in S:\Emexo_Technology\smartmetro-api\smartmetro-api)
2026-10-02T22:47:49.206+05:30 DEBUG 29432 --- [smartmetro-api] [restartedMain] c.smartmetro.SmartmetroApiApplication    : Running with Spring Boot v4.1.1, Spring v7.0.9
2026-10-02T22:47:49.207+05:30  INFO 29432 --- [smartmetro-api] [restartedMain] c.smartmetro.SmartmetroApiApplication    : The following 1 profile is active: "uat"
2026-10-02T22:47:49.256+05:30  INFO 29432 --- [smartmetro-api] [restartedMain] o.s.b.devtools.restart.ChangeableUrls    : The Class-Path manifest attribute in C:\Users\SHASHANK\.gradle\caches\modules-2\files-2.1\com.oracle.database.jdbc\ojdbc11\23.26.3.0.0\6936aba69cb7142aac36a53ed920af563b0e1dd1\ojdbc11-23.26.3.0.0.jar referenced one or more files that do not exist: file:/C:/Users/SHASHANK/.gradle/caches/modules-2/files-2.1/com.oracle.database.jdbc/ojdbc11/23.26.3.0.0/6936aba69cb7142aac36a53ed920af563b0e1dd1/oraclepki.jar
2026-10-02T22:47:49.257+05:30  INFO 29432 --- [smartmetro-api] [restartedMain] .e.DevToolsPropertyDefaultsPostProcessor : Devtools property defaults active! Set 'spring.devtools.add-properties' to 'false' to disable
2026-10-02T22:47:49.257+05:30  INFO 29432 --- [smartmetro-api] [restartedMain] .e.DevToolsPropertyDefaultsPostProcessor : For additional web related logging consider setting the 'logging.level.web' property to 'DEBUG'
2026-10-02T22:47:50.171+05:30  INFO 29432 --- [smartmetro-api] [restartedMain] .s.d.r.c.RepositoryConfigurationDelegate : Multiple Spring Data modules found, entering strict repository configuration mode
2026-10-02T22:47:50.172+05:30  INFO 29432 --- [smartmetro-api] [restartedMain] .s.d.r.c.RepositoryConfigurationDelegate : Bootstrapping Spring Data JPA repositories in DEFAULT mode.
2026-10-02T22:47:50.230+05:30  INFO 29432 --- [smartmetro-api] [restartedMain] .s.d.r.c.RepositoryConfigurationDelegate : Finished Spring Data repository scanning in 51 ms. Found 8 JPA repository interfaces.
2026-10-02T22:47:50.259+05:30  INFO 29432 --- [smartmetro-api] [restartedMain] .s.d.r.c.RepositoryConfigurationDelegate : Multiple Spring Data modules found, entering strict repository configuration mode
2026-10-02T22:47:50.259+05:30  INFO 29432 --- [smartmetro-api] [restartedMain] .s.d.r.c.RepositoryConfigurationDelegate : Bootstrapping Spring Data MongoDB repositories in DEFAULT mode.
2026-10-02T22:47:50.268+05:30  INFO 29432 --- [smartmetro-api] [restartedMain] .RepositoryConfigurationExtensionSupport : Spring Data MongoDB - Could not safely identify store assignment for repository candidate interface com.smartmetro.repository.MetroCardRepository; If you want this repository to be a MongoDB repository, consider annotating your entities with one of these annotations: org.springframework.data.mongodb.core.mapping.Document (preferred), or consider extending one of the following types with your repository: org.springframework.data.mongodb.repository.MongoRepository
2026-10-02T22:47:50.269+05:30  INFO 29432 --- [smartmetro-api] [restartedMain] .RepositoryConfigurationExtensionSupport : Spring Data MongoDB - Could not safely identify store assignment for repository candidate interface com.smartmetro.repository.PaymentRepository; If you want this repository to be a MongoDB repository, consider annotating your entities with one of these annotations: org.springframework.data.mongodb.core.mapping.Document (preferred), or consider extending one of the following types with your repository: org.springframework.data.mongodb.repository.MongoRepository
2026-10-02T22:47:50.269+05:30  INFO 29432 --- [smartmetro-api] [restartedMain] .RepositoryConfigurationExtensionSupport : Spring Data MongoDB - Could not safely identify store assignment for repository candidate interface com.smartmetro.repository.RouteRepository; If you want this repository to be a MongoDB repository, consider annotating your entities with one of these annotations: org.springframework.data.mongodb.core.mapping.Document (preferred), or consider extending one of the following types with your repository: org.springframework.data.mongodb.repository.MongoRepository
2026-10-02T22:47:50.270+05:30  INFO 29432 --- [smartmetro-api] [restartedMain] .RepositoryConfigurationExtensionSupport : Spring Data MongoDB - Could not safely identify store assignment for repository candidate interface com.smartmetro.repository.RouteStationRepository; If you want this repository to be a MongoDB repository, consider annotating your entities with one of these annotations: org.springframework.data.mongodb.core.mapping.Document (preferred), or consider extending one of the following types with your repository: org.springframework.data.mongodb.repository.MongoRepository
2026-10-02T22:47:50.270+05:30  INFO 29432 --- [smartmetro-api] [restartedMain] .RepositoryConfigurationExtensionSupport : Spring Data MongoDB - Could not safely identify store assignment for repository candidate interface com.smartmetro.repository.StationRepository; If you want this repository to be a MongoDB repository, consider annotating your entities with one of these annotations: org.springframework.data.mongodb.core.mapping.Document (preferred), or consider extending one of the following types with your repository: org.springframework.data.mongodb.repository.MongoRepository
2026-10-02T22:47:50.271+05:30  INFO 29432 --- [smartmetro-api] [restartedMain] .RepositoryConfigurationExtensionSupport : Spring Data MongoDB - Could not safely identify store assignment for repository candidate interface com.smartmetro.repository.TransactionRepository; If you want this repository to be a MongoDB repository, consider annotating your entities with one of these annotations: org.springframework.data.mongodb.core.mapping.Document (preferred), or consider extending one of the following types with your repository: org.springframework.data.mongodb.repository.MongoRepository
2026-10-02T22:47:50.271+05:30  INFO 29432 --- [smartmetro-api] [restartedMain] .RepositoryConfigurationExtensionSupport : Spring Data MongoDB - Could not safely identify store assignment for repository candidate interface com.smartmetro.repository.TripRepository; If you want this repository to be a MongoDB repository, consider annotating your entities with one of these annotations: org.springframework.data.mongodb.core.mapping.Document (preferred), or consider extending one of the following types with your repository: org.springframework.data.mongodb.repository.MongoRepository
2026-10-02T22:47:50.272+05:30  INFO 29432 --- [smartmetro-api] [restartedMain] .RepositoryConfigurationExtensionSupport : Spring Data MongoDB - Could not safely identify store assignment for repository candidate interface com.smartmetro.repository.UserRepository; If you want this repository to be a MongoDB repository, consider annotating your entities with one of these annotations: org.springframework.data.mongodb.core.mapping.Document (preferred), or consider extending one of the following types with your repository: org.springframework.data.mongodb.repository.MongoRepository
2026-10-02T22:47:50.272+05:30  INFO 29432 --- [smartmetro-api] [restartedMain] .s.d.r.c.RepositoryConfigurationDelegate : Finished Spring Data repository scanning in 11 ms. Found 0 MongoDB repository interfaces.
2026-10-02T22:47:50.757+05:30  INFO 29432 --- [smartmetro-api] [restartedMain] o.s.boot.tomcat.TomcatWebServer          : Tomcat initialized with port 8084 (http)
2026-10-02T22:47:50.769+05:30  INFO 29432 --- [smartmetro-api] [restartedMain] o.apache.catalina.core.StandardService   : Starting service [Tomcat]
2026-10-02T22:47:50.769+05:30  INFO 29432 --- [smartmetro-api] [restartedMain] o.apache.catalina.core.StandardEngine    : Starting Servlet engine: [Apache Tomcat/11.0.24]
2026-10-02T22:47:50.809+05:30  INFO 29432 --- [smartmetro-api] [restartedMain] b.w.c.s.WebApplicationContextInitializer : Root WebApplicationContext: initialization completed in 1552 ms
2026-10-02T22:47:51.115+05:30  INFO 29432 --- [smartmetro-api] [restartedMain] com.zaxxer.hikari.HikariDataSource       : HikariPool-1 - Starting...
2026-10-02T22:47:51.399+05:30  INFO 29432 --- [smartmetro-api] [restartedMain] com.zaxxer.hikari.pool.HikariPool        : HikariPool-1 - Added connection oracle.jdbc.driver.T4CConnection@13d06ac4
2026-10-02T22:47:51.401+05:30  INFO 29432 --- [smartmetro-api] [restartedMain] com.zaxxer.hikari.HikariDataSource       : HikariPool-1 - Start completed.
2026-10-02T22:47:51.428+05:30  INFO 29432 --- [smartmetro-api] [restartedMain] org.hibernate.orm.jpa                    : HHH008540: Processing PersistenceUnitInfo [name: default]
2026-10-02T22:47:51.475+05:30  INFO 29432 --- [smartmetro-api] [restartedMain] org.hibernate.orm.core                   : HHH000001: Hibernate ORM core version 7.4.5.Final
2026-10-02T22:47:51.903+05:30  INFO 29432 --- [smartmetro-api] [restartedMain] o.s.o.j.p.SpringPersistenceUnitInfo      : No LoadTimeWeaver setup: ignoring JPA class transformer
2026-10-02T22:47:52.151+05:30  WARN 29432 --- [smartmetro-api] [restartedMain] org.hibernate.orm.core                   : HHH000511: The 11.2.0 version for [org.hibernate.dialect.OracleDialect] is no longer supported, hence certain features may not work properly.The minimum supported version is 19.0.0. Check the community dialects project for available legacy versions.
2026-10-02T22:47:52.175+05:30  WARN 29432 --- [smartmetro-api] [restartedMain] org.hibernate.orm.jdbc                   : HHH100123: Low default JDBC fetch size: 10 (consider setting 'hibernate.jdbc.fetch_size')
2026-10-02T22:47:52.178+05:30  INFO 29432 --- [smartmetro-api] [restartedMain] org.hibernate.orm.connections.pooling    : HHH10001005: Database info:
	Database JDBC URL [jdbc:oracle:thin:@localhost:1521:xe]
	Database driver: Oracle JDBC driver
	Database dialect: OracleDialect
	Database version: 11.2
	Default catalog/schema: undefined/SYSTEM
	Autocommit mode: undefined/unknown
	Isolation level: READ_COMMITTED [default READ_COMMITTED]
	JDBC fetch size: 10
	Pool: DataSourceConnectionProvider
	Minimum pool size: undefined/unknown
	Maximum pool size: undefined/unknown
2026-10-02T22:47:53.290+05:30  INFO 29432 --- [smartmetro-api] [restartedMain] org.hibernate.orm.core                   : HHH000489: No JTA platform available (set 'hibernate.transaction.jta.platform' to enable JTA platform integration)
2026-10-02T22:47:53.297+05:30  INFO 29432 --- [smartmetro-api] [restartedMain] j.LocalContainerEntityManagerFactoryBean : Initialized JPA EntityManagerFactory for persistence unit 'default'
2026-10-02T22:47:53.363+05:30  INFO 29432 --- [smartmetro-api] [restartedMain] o.s.d.j.r.query.QueryEnhancerFactories   : Hibernate is in classpath; If applicable, HQL parser will be used.
2026-10-02T22:47:53.629+05:30  WARN 29432 --- [smartmetro-api] [restartedMain] JpaBaseConfiguration$JpaWebConfiguration : spring.jpa.open-in-view is enabled by default. Therefore, database queries may be performed during view rendering. Explicitly configure spring.jpa.open-in-view to disable this warning
2026-10-02T22:47:54.255+05:30  INFO 29432 --- [smartmetro-api] [restartedMain] org.mongodb.driver.client                : MongoClient with metadata {"driver": {"name": "mongo-java-driver|spring-boot|sync", "version": "5.8.1"}, "os": {"type": "Windows", "name": "Windows 11", "architecture": "amd64", "version": "10.0"}, "platform": "Java/Oracle Corporation/26.0.2.1+1-7"} created with settings MongoClientSettings{readPreference=primary, writeConcern=WriteConcern{w=null, wTimeout=null ms, journal=null}, retryWrites=true, retryReads=true, readConcern=ReadConcern{level=null}, credential=null, transportSettings=null, commandListeners=[io.micrometer.core.instrument.binder.mongodb.MongoMetricsCommandListener@43ee026a], codecRegistry=ProvidersCodecRegistry{codecProviders=[ValueCodecProvider{}, BsonValueCodecProvider{}, DBRefCodecProvider{}, DBObjectCodecProvider{}, DocumentCodecProvider{}, CollectionCodecProvider{}, IterableCodecProvider{}, MapCodecProvider{}, GeoJsonCodecProvider{}, GridFSFileCodecProvider{}, Jsr310CodecProvider{}, JsonObjectCodecProvider{}, BsonCodecProvider{}, com.mongodb.client.model.mql.ExpressionCodecProvider@6d0ccb6c, com.mongodb.Jep395RecordCodecProvider@3027e992, com.mongodb.KotlinCodecProvider@1a711369, EnumCodecProvider{}]}, loggerSettings=LoggerSettings{maxDocumentLength=1000}, clusterSettings={hosts=[localhost:27017], srvServiceName=mongodb, mode=SINGLE, requiredClusterType=UNKNOWN, requiredReplicaSetName='null', serverSelector='null', clusterListeners='[]', serverSelectionTimeout='30000 ms', localThreshold='15 ms'}, socketSettings=SocketSettings{connectTimeoutMS=10000, readTimeoutMS=0, receiveBufferSize=0, proxySettings=ProxySettings{host=null, port=null, username=null, password=null}}, heartbeatSocketSettings=SocketSettings{connectTimeoutMS=10000, readTimeoutMS=10000, receiveBufferSize=0, proxySettings=ProxySettings{host=null, port=null, username=null, password=null}}, connectionPoolSettings=ConnectionPoolSettings{maxSize=100, minSize=0, maxWaitTimeMS=120000, maxConnectionLifeTimeMS=0, maxConnectionIdleTimeMS=0, maintenanceInitialDelayMS=0, maintenanceFrequencyMS=60000, connectionPoolListeners=[io.micrometer.core.instrument.binder.mongodb.MongoMetricsConnectionPoolListener@72f9a79], maxConnecting=2}, serverSettings=ServerSettings{heartbeatFrequencyMS=10000, minHeartbeatFrequencyMS=500, serverMonitoringMode=AUTO, serverListeners='[]', serverMonitorListeners='[]'}, sslSettings=SslSettings{enabled=false, invalidHostNameAllowed=false, context=null}, applicationName='null', compressorList=[], uuidRepresentation=UNSPECIFIED, serverApi=null, autoEncryptionSettings=null, dnsClient=null, inetAddressResolver=null, contextProvider=null, timeoutMS=null}
2026-10-02T22:47:54.274+05:30  INFO 29432 --- [smartmetro-api] [cluster-6abfe74264f63437ef33af00-localhost:27017] org.mongodb.driver.cluster               : Monitor thread successfully connected to server with description ServerDescription{address=localhost:27017, type=STANDALONE, cryptd=false, state=CONNECTED, ok=true, minWireVersion=0, maxWireVersion=28, maxDocumentSize=16777216, logicalSessionTimeoutMinutes=30, roundTripTimeNanos=26015200, minRoundTripTimeNanos=0}
2026-10-02T22:47:54.587+05:30  INFO 29432 --- [smartmetro-api] [restartedMain] o.s.b.a.e.web.EndpointLinksResolver      : Exposing 13 endpoints beneath base path '/actuator'
2026-10-02T22:47:54.663+05:30  INFO 29432 --- [smartmetro-api] [restartedMain] o.s.boot.tomcat.TomcatWebServer          : Tomcat started on port 8084 (http) with context path '/'
2026-10-02T22:47:54.675+05:30  INFO 29432 --- [smartmetro-api] [restartedMain] c.smartmetro.SmartmetroApiApplication    : Started SmartmetroApiApplication in 5.928 seconds (process running for 6.983)
2026-10-02T22:47:54.683+05:30  WARN 29432 --- [smartmetro-api] [restartedMain] o.s.core.events.SpringDocAppInitializer  : SpringDoc /v3/api-docs endpoint is enabled by default. To disable it in production, set the property 'springdoc.api-docs.enabled=false'
2026-10-02T22:47:54.684+05:30  WARN 29432 --- [smartmetro-api] [restartedMain] o.s.core.events.SpringDocAppInitializer  : SpringDoc /swagger-ui.html endpoint is enabled by default. To disable it in production, set the property 'springdoc.swagger-ui.enabled=false'
2026-10-02T22:47:54.685+05:30  INFO 29432 --- [smartmetro-api] [restartedMain] c.smartmetro.SmartmetroApiApplication    : SmartmetroApiApplication started
2026-10-02T22:48:01.862+05:30  INFO 29432 --- [smartmetro-api] [http-nio-8084-exec-1] o.a.c.c.C.[Tomcat].[localhost].[/]       : Initializing Spring DispatcherServlet 'dispatcherServlet'
2026-10-02T22:48:01.862+05:30  INFO 29432 --- [smartmetro-api] [http-nio-8084-exec-1] o.s.web.servlet.DispatcherServlet        : Initializing Servlet 'dispatcherServlet'
2026-10-02T22:48:01.864+05:30  INFO 29432 --- [smartmetro-api] [http-nio-8084-exec-1] o.s.web.servlet.DispatcherServlet        : Completed initialization in 2 ms
2026-10-02T22:48:02.748+05:30  INFO 29432 --- [smartmetro-api] [http-nio-8084-exec-6] o.springdoc.api.AbstractOpenApiResource  : Init duration for springdoc-openapi is: 493 ms
2026-10-02T22:48:19.952+05:30  INFO 29432 --- [smartmetro-api] [http-nio-8084-exec-8] c.smartmetro.controller.UserController   : Inside the getUserById method
2026-10-02T22:48:19.952+05:30  INFO 29432 --- [smartmetro-api] [http-nio-8084-exec-8] com.smartmetro.service.UserServiceImpl   : Inside the UserServiceImpl.findUserByID
2026-10-02T22:48:47.761+05:30  INFO 29432 --- [smartmetro-api] [http-nio-8084-exec-5] c.smartmetro.controller.TripController   : Inside the getTripById method for id: 2
2026-10-02T22:48:47.761+05:30  INFO 29432 --- [smartmetro-api] [http-nio-8084-exec-5] com.smartmetro.service.TripServiceImpl   : Inside the TripServiceImpl.findTripById() method
2026-10-02T22:48:47.777+05:30 ERROR 29432 --- [smartmetro-api] [http-nio-8084-exec-5] c.smartmetro.controller.TripController   : Exception occurred while fetching card with id 2: 

java.util.NoSuchElementException: No value present
	at java.base/java.util.Optional.get(Optional.java:147) ~[na:na]
	at com.smartmetro.service.TripServiceImpl.findTripById(TripServiceImpl.java:49) ~[main/:na]
	at com.smartmetro.controller.TripController.getTripById(TripController.java:45) ~[main/:na]
	at java.base/jdk.internal.reflect.DirectMethodHandleAccessor.invoke(DirectMethodHandleAccessor.java:104) ~[na:na]
	at java.base/java.lang.reflect.Method.invoke(Method.java:565) ~[na:na]
	at org.springframework.web.method.support.InvocableHandlerMethod.doInvoke(InvocableHandlerMethod.java:252) ~[spring-web-7.0.9.jar:7.0.9]
	at org.springframework.web.method.support.InvocableHandlerMethod.invokeForRequest(InvocableHandlerMethod.java:184) ~[spring-web-7.0.9.jar:7.0.9]
	at org.springframework.web.servlet.mvc.method.annotation.ServletInvocableHandlerMethod.invokeAndHandle(ServletInvocableHandlerMethod.java:117) ~[spring-webmvc-7.0.9.jar:7.0.9]
	at org.springframework.web.servlet.mvc.method.annotation.RequestMappingHandlerAdapter.invokeHandlerMethod(RequestMappingHandlerAdapter.java:934) ~[spring-webmvc-7.0.9.jar:7.0.9]
	at org.springframework.web.servlet.mvc.method.annotation.RequestMappingHandlerAdapter.handleInternal(RequestMappingHandlerAdapter.java:853) ~[spring-webmvc-7.0.9.jar:7.0.9]
	at org.springframework.web.servlet.mvc.method.AbstractHandlerMethodAdapter.handle(AbstractHandlerMethodAdapter.java:86) ~[spring-webmvc-7.0.9.jar:7.0.9]
	at org.springframework.web.servlet.DispatcherServlet.doDispatch(DispatcherServlet.java:963) ~[spring-webmvc-7.0.9.jar:7.0.9]
	at org.springframework.web.servlet.DispatcherServlet.doService(DispatcherServlet.java:866) ~[spring-webmvc-7.0.9.jar:7.0.9]
	at org.springframework.web.servlet.FrameworkServlet.processRequest(FrameworkServlet.java:1000) ~[spring-webmvc-7.0.9.jar:7.0.9]
	at org.springframework.web.servlet.FrameworkServlet.doGet(FrameworkServlet.java:892) ~[spring-webmvc-7.0.9.jar:7.0.9]
	at jakarta.servlet.http.HttpServlet.service(HttpServlet.java:622) ~[tomcat-embed-core-11.0.24.jar:6.1]
	at org.springframework.web.servlet.FrameworkServlet.service(FrameworkServlet.java:874) ~[spring-webmvc-7.0.9.jar:7.0.9]
	at jakarta.servlet.http.HttpServlet.service(HttpServlet.java:710) ~[tomcat-embed-core-11.0.24.jar:6.1]
	at org.apache.catalina.core.ApplicationFilterChain.doFilter(ApplicationFilterChain.java:132) ~[tomcat-embed-core-11.0.24.jar:11.0.24]
	at org.apache.tomcat.websocket.server.WsFilter.doFilter(WsFilter.java:59) ~[tomcat-embed-websocket-11.0.24.jar:11.0.24]
	at org.apache.catalina.core.ApplicationFilterChain.doFilter(ApplicationFilterChain.java:111) ~[tomcat-embed-core-11.0.24.jar:11.0.24]
	at org.springframework.web.filter.RequestContextFilter.doFilterInternal(RequestContextFilter.java:100) ~[spring-web-7.0.9.jar:7.0.9]
	at org.springframework.web.filter.OncePerRequestFilter.doFilter(OncePerRequestFilter.java:116) ~[spring-web-7.0.9.jar:7.0.9]
	at org.apache.catalina.core.ApplicationFilterChain.doFilter(ApplicationFilterChain.java:111) ~[tomcat-embed-core-11.0.24.jar:11.0.24]
	at org.springframework.web.filter.FormContentFilter.doFilterInternal(FormContentFilter.java:93) ~[spring-web-7.0.9.jar:7.0.9]
	at org.springframework.web.filter.OncePerRequestFilter.doFilter(OncePerRequestFilter.java:116) ~[spring-web-7.0.9.jar:7.0.9]
	at org.apache.catalina.core.ApplicationFilterChain.doFilter(ApplicationFilterChain.java:111) ~[tomcat-embed-core-11.0.24.jar:11.0.24]
	at org.springframework.web.filter.ServerHttpObservationFilter.doFilterInternal(ServerHttpObservationFilter.java:110) ~[spring-web-7.0.9.jar:7.0.9]
	at org.springframework.web.filter.OncePerRequestFilter.doFilter(OncePerRequestFilter.java:116) ~[spring-web-7.0.9.jar:7.0.9]
	at org.apache.catalina.core.ApplicationFilterChain.doFilter(ApplicationFilterChain.java:111) ~[tomcat-embed-core-11.0.24.jar:11.0.24]
	at org.springframework.web.filter.CharacterEncodingFilter.doFilterInternal(CharacterEncodingFilter.java:199) ~[spring-web-7.0.9.jar:7.0.9]
	at org.springframework.web.filter.OncePerRequestFilter.doFilter(OncePerRequestFilter.java:116) ~[spring-web-7.0.9.jar:7.0.9]
	at org.apache.catalina.core.ApplicationFilterChain.doFilter(ApplicationFilterChain.java:111) ~[tomcat-embed-core-11.0.24.jar:11.0.24]
	at org.apache.catalina.core.StandardWrapperValve.invoke(StandardWrapperValve.java:165) ~[tomcat-embed-core-11.0.24.jar:11.0.24]
	at org.apache.catalina.core.StandardContextValve.invoke(StandardContextValve.java:77) ~[tomcat-embed-core-11.0.24.jar:11.0.24]
	at org.apache.catalina.authenticator.AuthenticatorBase.invoke(AuthenticatorBase.java:535) ~[tomcat-embed-core-11.0.24.jar:11.0.24]
	at org.apache.catalina.core.StandardHostValve.invoke(StandardHostValve.java:115) ~[tomcat-embed-core-11.0.24.jar:11.0.24]
	at org.apache.catalina.valves.ErrorReportValve.invoke(ErrorReportValve.java:86) ~[tomcat-embed-core-11.0.24.jar:11.0.24]
	at org.apache.catalina.core.StandardEngineValve.invoke(StandardEngineValve.java:71) ~[tomcat-embed-core-11.0.24.jar:11.0.24]
	at org.apache.catalina.connector.CoyoteAdapter.service(CoyoteAdapter.java:347) ~[tomcat-embed-core-11.0.24.jar:11.0.24]
	at org.apache.coyote.http11.Http11Processor.service(Http11Processor.java:406) ~[tomcat-embed-core-11.0.24.jar:11.0.24]
	at org.apache.coyote.AbstractProcessorLight.process(AbstractProcessorLight.java:71) ~[tomcat-embed-core-11.0.24.jar:11.0.24]
	at org.apache.coyote.AbstractProtocol$ConnectionHandler.process(AbstractProtocol.java:1307) ~[tomcat-embed-core-11.0.24.jar:11.0.24]
	at org.apache.tomcat.util.net.NioEndpoint$SocketProcessor.doRun(NioEndpoint.java:2036) ~[tomcat-embed-core-11.0.24.jar:11.0.24]
	at org.apache.tomcat.util.net.SocketProcessorBase.run(SocketProcessorBase.java:74) ~[tomcat-embed-core-11.0.24.jar:11.0.24]
	at org.apache.tomcat.util.threads.ThreadPoolExecutor.runWorker(ThreadPoolExecutor.java:949) ~[tomcat-embed-core-11.0.24.jar:11.0.24]
	at org.apache.tomcat.util.threads.ThreadPoolExecutor$Worker.run(ThreadPoolExecutor.java:483) ~[tomcat-embed-core-11.0.24.jar:11.0.24]
	at org.apache.tomcat.util.threads.TaskThread$WrappingRunnable.run(TaskThread.java:74) ~[tomcat-embed-core-11.0.24.jar:11.0.24]
	at java.base/java.lang.Thread.run(Thread.java:1516) ~[na:na]

2026-10-02T23:11:57.719+05:30  INFO 29432 --- [smartmetro-api] [http-nio-8084-exec-4] c.smartmetro.controller.TripController   : Inside the getTripById method for id: 1
2026-10-02T23:11:57.722+05:30  INFO 29432 --- [smartmetro-api] [http-nio-8084-exec-4] com.smartmetro.service.TripServiceImpl   : Inside the TripServiceImpl.findTripById() method
2026-10-02T23:11:59.686+05:30  INFO 29432 --- [smartmetro-api] [http-nio-8084-exec-7] c.smartmetro.controller.TripController   : Inside the getTripById method for id: 1
2026-10-02T23:11:59.686+05:30  INFO 29432 --- [smartmetro-api] [http-nio-8084-exec-7] com.smartmetro.service.TripServiceImpl   : Inside the TripServiceImpl.findTripById() method
2026-10-02T23:12:40.805+05:30  INFO 29432 --- [smartmetro-api] [http-nio-8084-exec-2] c.s.controller.TransactionController     : Inside the getTransactionById method for id: 1
2026-10-02T23:12:40.805+05:30  INFO 29432 --- [smartmetro-api] [http-nio-8084-exec-2] c.s.service.TransactionServiceImpl       : Inside the TransactionHistory.findTransactionById
2026-10-02T23:14:36.702+05:30  INFO 29432 --- [smartmetro-api] [http-nio-8084-exec-6] c.s.controller.StationController         : Inside the getAllStations method
2026-10-02T23:14:36.702+05:30  INFO 29432 --- [smartmetro-api] [http-nio-8084-exec-6] c.smartmetro.service.StationServiceImpl  : Inside the StaionServiceImpl.findAllUsers
2026-10-02T23:14:36.901+05:30 ERROR 29432 --- [smartmetro-api] [http-nio-8084-exec-6] c.s.controller.StationController         : Exception Occured Check Once
2026-10-02T23:14:50.380+05:30  INFO 29432 --- [smartmetro-api] [http-nio-8084-exec-10] c.s.controller.StationController         : Inside the getMetroCardById method for id: 1
2026-10-02T23:14:50.381+05:30  INFO 29432 --- [smartmetro-api] [http-nio-8084-exec-10] c.smartmetro.service.StationServiceImpl  : Inside the StaionServiceImpl.findStationById
2026-10-02T23:14:50.390+05:30 ERROR 29432 --- [smartmetro-api] [http-nio-8084-exec-10] c.s.controller.StationController         : Exception occurred while fetching card with id 1: 

java.lang.ClassCastException: class java.util.HashSet cannot be cast to class java.util.List (java.util.HashSet and java.util.List are in module java.base of loader 'bootstrap')
	at com.smartmetro.service.StationServiceImpl.findStationById(StationServiceImpl.java:76) ~[main/:na]
	at com.smartmetro.controller.StationController.getStationById(StationController.java:46) ~[main/:na]
	at java.base/jdk.internal.reflect.DirectMethodHandleAccessor.invoke(DirectMethodHandleAccessor.java:104) ~[na:na]
	at java.base/java.lang.reflect.Method.invoke(Method.java:565) ~[na:na]
	at org.springframework.web.method.support.InvocableHandlerMethod.doInvoke(InvocableHandlerMethod.java:252) ~[spring-web-7.0.9.jar:7.0.9]
	at org.springframework.web.method.support.InvocableHandlerMethod.invokeForRequest(InvocableHandlerMethod.java:184) ~[spring-web-7.0.9.jar:7.0.9]
	at org.springframework.web.servlet.mvc.method.annotation.ServletInvocableHandlerMethod.invokeAndHandle(ServletInvocableHandlerMethod.java:117) ~[spring-webmvc-7.0.9.jar:7.0.9]
	at org.springframework.web.servlet.mvc.method.annotation.RequestMappingHandlerAdapter.invokeHandlerMethod(RequestMappingHandlerAdapter.java:934) ~[spring-webmvc-7.0.9.jar:7.0.9]
	at org.springframework.web.servlet.mvc.method.annotation.RequestMappingHandlerAdapter.handleInternal(RequestMappingHandlerAdapter.java:853) ~[spring-webmvc-7.0.9.jar:7.0.9]
	at org.springframework.web.servlet.mvc.method.AbstractHandlerMethodAdapter.handle(AbstractHandlerMethodAdapter.java:86) ~[spring-webmvc-7.0.9.jar:7.0.9]
	at org.springframework.web.servlet.DispatcherServlet.doDispatch(DispatcherServlet.java:963) ~[spring-webmvc-7.0.9.jar:7.0.9]
	at org.springframework.web.servlet.DispatcherServlet.doService(DispatcherServlet.java:866) ~[spring-webmvc-7.0.9.jar:7.0.9]
	at org.springframework.web.servlet.FrameworkServlet.processRequest(FrameworkServlet.java:1000) ~[spring-webmvc-7.0.9.jar:7.0.9]
	at org.springframework.web.servlet.FrameworkServlet.doGet(FrameworkServlet.java:892) ~[spring-webmvc-7.0.9.jar:7.0.9]
	at jakarta.servlet.http.HttpServlet.service(HttpServlet.java:622) ~[tomcat-embed-core-11.0.24.jar:6.1]
	at org.springframework.web.servlet.FrameworkServlet.service(FrameworkServlet.java:874) ~[spring-webmvc-7.0.9.jar:7.0.9]
	at jakarta.servlet.http.HttpServlet.service(HttpServlet.java:710) ~[tomcat-embed-core-11.0.24.jar:6.1]
	at org.apache.catalina.core.ApplicationFilterChain.doFilter(ApplicationFilterChain.java:132) ~[tomcat-embed-core-11.0.24.jar:11.0.24]
	at org.apache.tomcat.websocket.server.WsFilter.doFilter(WsFilter.java:59) ~[tomcat-embed-websocket-11.0.24.jar:11.0.24]
	at org.apache.catalina.core.ApplicationFilterChain.doFilter(ApplicationFilterChain.java:111) ~[tomcat-embed-core-11.0.24.jar:11.0.24]
	at org.springframework.web.filter.RequestContextFilter.doFilterInternal(RequestContextFilter.java:100) ~[spring-web-7.0.9.jar:7.0.9]
	at org.springframework.web.filter.OncePerRequestFilter.doFilter(OncePerRequestFilter.java:116) ~[spring-web-7.0.9.jar:7.0.9]
	at org.apache.catalina.core.ApplicationFilterChain.doFilter(ApplicationFilterChain.java:111) ~[tomcat-embed-core-11.0.24.jar:11.0.24]
	at org.springframework.web.filter.FormContentFilter.doFilterInternal(FormContentFilter.java:93) ~[spring-web-7.0.9.jar:7.0.9]
	at org.springframework.web.filter.OncePerRequestFilter.doFilter(OncePerRequestFilter.java:116) ~[spring-web-7.0.9.jar:7.0.9]
	at org.apache.catalina.core.ApplicationFilterChain.doFilter(ApplicationFilterChain.java:111) ~[tomcat-embed-core-11.0.24.jar:11.0.24]
	at org.springframework.web.filter.ServerHttpObservationFilter.doFilterInternal(ServerHttpObservationFilter.java:110) ~[spring-web-7.0.9.jar:7.0.9]
	at org.springframework.web.filter.OncePerRequestFilter.doFilter(OncePerRequestFilter.java:116) ~[spring-web-7.0.9.jar:7.0.9]
	at org.apache.catalina.core.ApplicationFilterChain.doFilter(ApplicationFilterChain.java:111) ~[tomcat-embed-core-11.0.24.jar:11.0.24]
	at org.springframework.web.filter.CharacterEncodingFilter.doFilterInternal(CharacterEncodingFilter.java:199) ~[spring-web-7.0.9.jar:7.0.9]
	at org.springframework.web.filter.OncePerRequestFilter.doFilter(OncePerRequestFilter.java:116) ~[spring-web-7.0.9.jar:7.0.9]
	at org.apache.catalina.core.ApplicationFilterChain.doFilter(ApplicationFilterChain.java:111) ~[tomcat-embed-core-11.0.24.jar:11.0.24]
	at org.apache.catalina.core.StandardWrapperValve.invoke(StandardWrapperValve.java:165) ~[tomcat-embed-core-11.0.24.jar:11.0.24]
	at org.apache.catalina.core.StandardContextValve.invoke(StandardContextValve.java:77) ~[tomcat-embed-core-11.0.24.jar:11.0.24]
	at org.apache.catalina.authenticator.AuthenticatorBase.invoke(AuthenticatorBase.java:535) ~[tomcat-embed-core-11.0.24.jar:11.0.24]
	at org.apache.catalina.core.StandardHostValve.invoke(StandardHostValve.java:115) ~[tomcat-embed-core-11.0.24.jar:11.0.24]
	at org.apache.catalina.valves.ErrorReportValve.invoke(ErrorReportValve.java:86) ~[tomcat-embed-core-11.0.24.jar:11.0.24]
	at org.apache.catalina.core.StandardEngineValve.invoke(StandardEngineValve.java:71) ~[tomcat-embed-core-11.0.24.jar:11.0.24]
	at org.apache.catalina.connector.CoyoteAdapter.service(CoyoteAdapter.java:347) ~[tomcat-embed-core-11.0.24.jar:11.0.24]
	at org.apache.coyote.http11.Http11Processor.service(Http11Processor.java:406) ~[tomcat-embed-core-11.0.24.jar:11.0.24]
	at org.apache.coyote.AbstractProcessorLight.process(AbstractProcessorLight.java:71) ~[tomcat-embed-core-11.0.24.jar:11.0.24]
	at org.apache.coyote.AbstractProtocol$ConnectionHandler.process(AbstractProtocol.java:1307) ~[tomcat-embed-core-11.0.24.jar:11.0.24]
	at org.apache.tomcat.util.net.NioEndpoint$SocketProcessor.doRun(NioEndpoint.java:2036) ~[tomcat-embed-core-11.0.24.jar:11.0.24]
	at org.apache.tomcat.util.net.SocketProcessorBase.run(SocketProcessorBase.java:74) ~[tomcat-embed-core-11.0.24.jar:11.0.24]
	at org.apache.tomcat.util.threads.ThreadPoolExecutor.runWorker(ThreadPoolExecutor.java:949) ~[tomcat-embed-core-11.0.24.jar:11.0.24]
	at org.apache.tomcat.util.threads.ThreadPoolExecutor$Worker.run(ThreadPoolExecutor.java:483) ~[tomcat-embed-core-11.0.24.jar:11.0.24]
	at org.apache.tomcat.util.threads.TaskThread$WrappingRunnable.run(TaskThread.java:74) ~[tomcat-embed-core-11.0.24.jar:11.0.24]
	at java.base/java.lang.Thread.run(Thread.java:1516) ~[na:na]

2026-10-02T23:15:02.752+05:30  INFO 29432 --- [smartmetro-api] [http-nio-8084-exec-1] c.s.controller.StationController         : Inside the getMetroCardById method for id: 2
2026-10-02T23:15:02.752+05:30  INFO 29432 --- [smartmetro-api] [http-nio-8084-exec-1] c.smartmetro.service.StationServiceImpl  : Inside the StaionServiceImpl.findStationById
2026-10-02T23:15:02.762+05:30 ERROR 29432 --- [smartmetro-api] [http-nio-8084-exec-1] c.s.controller.StationController         : Exception occurred while fetching card with id 2: 

java.lang.ClassCastException: class java.util.HashSet cannot be cast to class java.util.List (java.util.HashSet and java.util.List are in module java.base of loader 'bootstrap')
	at com.smartmetro.service.StationServiceImpl.findStationById(StationServiceImpl.java:76) ~[main/:na]
	at com.smartmetro.controller.StationController.getStationById(StationController.java:46) ~[main/:na]
	at java.base/jdk.internal.reflect.DirectMethodHandleAccessor.invoke(DirectMethodHandleAccessor.java:104) ~[na:na]
	at java.base/java.lang.reflect.Method.invoke(Method.java:565) ~[na:na]
	at org.springframework.web.method.support.InvocableHandlerMethod.doInvoke(InvocableHandlerMethod.java:252) ~[spring-web-7.0.9.jar:7.0.9]
	at org.springframework.web.method.support.InvocableHandlerMethod.invokeForRequest(InvocableHandlerMethod.java:184) ~[spring-web-7.0.9.jar:7.0.9]
	at org.springframework.web.servlet.mvc.method.annotation.ServletInvocableHandlerMethod.invokeAndHandle(ServletInvocableHandlerMethod.java:117) ~[spring-webmvc-7.0.9.jar:7.0.9]
	at org.springframework.web.servlet.mvc.method.annotation.RequestMappingHandlerAdapter.invokeHandlerMethod(RequestMappingHandlerAdapter.java:934) ~[spring-webmvc-7.0.9.jar:7.0.9]
	at org.springframework.web.servlet.mvc.method.annotation.RequestMappingHandlerAdapter.handleInternal(RequestMappingHandlerAdapter.java:853) ~[spring-webmvc-7.0.9.jar:7.0.9]
	at org.springframework.web.servlet.mvc.method.AbstractHandlerMethodAdapter.handle(AbstractHandlerMethodAdapter.java:86) ~[spring-webmvc-7.0.9.jar:7.0.9]
	at org.springframework.web.servlet.DispatcherServlet.doDispatch(DispatcherServlet.java:963) ~[spring-webmvc-7.0.9.jar:7.0.9]
	at org.springframework.web.servlet.DispatcherServlet.doService(DispatcherServlet.java:866) ~[spring-webmvc-7.0.9.jar:7.0.9]
	at org.springframework.web.servlet.FrameworkServlet.processRequest(FrameworkServlet.java:1000) ~[spring-webmvc-7.0.9.jar:7.0.9]
	at org.springframework.web.servlet.FrameworkServlet.doGet(FrameworkServlet.java:892) ~[spring-webmvc-7.0.9.jar:7.0.9]
	at jakarta.servlet.http.HttpServlet.service(HttpServlet.java:622) ~[tomcat-embed-core-11.0.24.jar:6.1]
	at org.springframework.web.servlet.FrameworkServlet.service(FrameworkServlet.java:874) ~[spring-webmvc-7.0.9.jar:7.0.9]
	at jakarta.servlet.http.HttpServlet.service(HttpServlet.java:710) ~[tomcat-embed-core-11.0.24.jar:6.1]
	at org.apache.catalina.core.ApplicationFilterChain.doFilter(ApplicationFilterChain.java:132) ~[tomcat-embed-core-11.0.24.jar:11.0.24]
	at org.apache.tomcat.websocket.server.WsFilter.doFilter(WsFilter.java:59) ~[tomcat-embed-websocket-11.0.24.jar:11.0.24]
	at org.apache.catalina.core.ApplicationFilterChain.doFilter(ApplicationFilterChain.java:111) ~[tomcat-embed-core-11.0.24.jar:11.0.24]
	at org.springframework.web.filter.RequestContextFilter.doFilterInternal(RequestContextFilter.java:100) ~[spring-web-7.0.9.jar:7.0.9]
	at org.springframework.web.filter.OncePerRequestFilter.doFilter(OncePerRequestFilter.java:116) ~[spring-web-7.0.9.jar:7.0.9]
	at org.apache.catalina.core.ApplicationFilterChain.doFilter(ApplicationFilterChain.java:111) ~[tomcat-embed-core-11.0.24.jar:11.0.24]
	at org.springframework.web.filter.FormContentFilter.doFilterInternal(FormContentFilter.java:93) ~[spring-web-7.0.9.jar:7.0.9]
	at org.springframework.web.filter.OncePerRequestFilter.doFilter(OncePerRequestFilter.java:116) ~[spring-web-7.0.9.jar:7.0.9]
	at org.apache.catalina.core.ApplicationFilterChain.doFilter(ApplicationFilterChain.java:111) ~[tomcat-embed-core-11.0.24.jar:11.0.24]
	at org.springframework.web.filter.ServerHttpObservationFilter.doFilterInternal(ServerHttpObservationFilter.java:110) ~[spring-web-7.0.9.jar:7.0.9]
	at org.springframework.web.filter.OncePerRequestFilter.doFilter(OncePerRequestFilter.java:116) ~[spring-web-7.0.9.jar:7.0.9]
	at org.apache.catalina.core.ApplicationFilterChain.doFilter(ApplicationFilterChain.java:111) ~[tomcat-embed-core-11.0.24.jar:11.0.24]
	at org.springframework.web.filter.CharacterEncodingFilter.doFilterInternal(CharacterEncodingFilter.java:199) ~[spring-web-7.0.9.jar:7.0.9]
	at org.springframework.web.filter.OncePerRequestFilter.doFilter(OncePerRequestFilter.java:116) ~[spring-web-7.0.9.jar:7.0.9]
	at org.apache.catalina.core.ApplicationFilterChain.doFilter(ApplicationFilterChain.java:111) ~[tomcat-embed-core-11.0.24.jar:11.0.24]
	at org.apache.catalina.core.StandardWrapperValve.invoke(StandardWrapperValve.java:165) ~[tomcat-embed-core-11.0.24.jar:11.0.24]
	at org.apache.catalina.core.StandardContextValve.invoke(StandardContextValve.java:77) ~[tomcat-embed-core-11.0.24.jar:11.0.24]
	at org.apache.catalina.authenticator.AuthenticatorBase.invoke(AuthenticatorBase.java:535) ~[tomcat-embed-core-11.0.24.jar:11.0.24]
	at org.apache.catalina.core.StandardHostValve.invoke(StandardHostValve.java:115) ~[tomcat-embed-core-11.0.24.jar:11.0.24]
	at org.apache.catalina.valves.ErrorReportValve.invoke(ErrorReportValve.java:86) ~[tomcat-embed-core-11.0.24.jar:11.0.24]
	at org.apache.catalina.core.StandardEngineValve.invoke(StandardEngineValve.java:71) ~[tomcat-embed-core-11.0.24.jar:11.0.24]
	at org.apache.catalina.connector.CoyoteAdapter.service(CoyoteAdapter.java:347) ~[tomcat-embed-core-11.0.24.jar:11.0.24]
	at org.apache.coyote.http11.Http11Processor.service(Http11Processor.java:406) ~[tomcat-embed-core-11.0.24.jar:11.0.24]
	at org.apache.coyote.AbstractProcessorLight.process(AbstractProcessorLight.java:71) ~[tomcat-embed-core-11.0.24.jar:11.0.24]
	at org.apache.coyote.AbstractProtocol$ConnectionHandler.process(AbstractProtocol.java:1307) ~[tomcat-embed-core-11.0.24.jar:11.0.24]
	at org.apache.tomcat.util.net.NioEndpoint$SocketProcessor.doRun(NioEndpoint.java:2036) ~[tomcat-embed-core-11.0.24.jar:11.0.24]
	at org.apache.tomcat.util.net.SocketProcessorBase.run(SocketProcessorBase.java:74) ~[tomcat-embed-core-11.0.24.jar:11.0.24]
	at org.apache.tomcat.util.threads.ThreadPoolExecutor.runWorker(ThreadPoolExecutor.java:949) ~[tomcat-embed-core-11.0.24.jar:11.0.24]
	at org.apache.tomcat.util.threads.ThreadPoolExecutor$Worker.run(ThreadPoolExecutor.java:483) ~[tomcat-embed-core-11.0.24.jar:11.0.24]
	at org.apache.tomcat.util.threads.TaskThread$WrappingRunnable.run(TaskThread.java:74) ~[tomcat-embed-core-11.0.24.jar:11.0.24]
	at java.base/java.lang.Thread.run(Thread.java:1516) ~[na:na]

2026-10-02T23:18:34.524+05:30  INFO 29432 --- [smartmetro-api] [SpringApplicationShutdownHook] o.s.boot.tomcat.GracefulShutdown         : Commencing graceful shutdown. Waiting for active requests to complete
2026-10-02T23:18:34.528+05:30  INFO 29432 --- [smartmetro-api] [tomcat-shutdown] o.s.boot.tomcat.GracefulShutdown         : Graceful shutdown complete
2026-10-02T23:18:34.538+05:30  INFO 29432 --- [smartmetro-api] [SpringApplicationShutdownHook] j.LocalContainerEntityManagerFactoryBean : Closing JPA EntityManagerFactory for persistence unit 'default'
2026-10-02T23:18:34.541+05:30  INFO 29432 --- [smartmetro-api] [SpringApplicationShutdownHook] com.zaxxer.hikari.HikariDataSource       : HikariPool-1 - Shutdown initiated...
2026-10-02T23:18:34.546+05:30  INFO 29432 --- [smartmetro-api] [SpringApplicationShutdownHook] com.zaxxer.hikari.HikariDataSource       : HikariPool-1 - Shutdown completed.
2026-10-02T23:18:39.775+05:30  INFO 19952 --- [smartmetro-api] [restartedMain] c.smartmetro.SmartmetroApiApplication    : Starting SmartmetroApiApplication using Java 26.0.2.1 with PID 19952 (S:\Emexo_Technology\smartmetro-api\smartmetro-api\build\classes\java\main started by SHASHANK in S:\Emexo_Technology\smartmetro-api\smartmetro-api)
2026-10-02T23:18:39.777+05:30 DEBUG 19952 --- [smartmetro-api] [restartedMain] c.smartmetro.SmartmetroApiApplication    : Running with Spring Boot v4.1.1, Spring v7.0.9
2026-10-02T23:18:39.777+05:30  INFO 19952 --- [smartmetro-api] [restartedMain] c.smartmetro.SmartmetroApiApplication    : The following 1 profile is active: "uat"
2026-10-02T23:18:39.824+05:30  INFO 19952 --- [smartmetro-api] [restartedMain] o.s.b.devtools.restart.ChangeableUrls    : The Class-Path manifest attribute in C:\Users\SHASHANK\.gradle\caches\modules-2\files-2.1\com.oracle.database.jdbc\ojdbc11\23.26.3.0.0\6936aba69cb7142aac36a53ed920af563b0e1dd1\ojdbc11-23.26.3.0.0.jar referenced one or more files that do not exist: file:/C:/Users/SHASHANK/.gradle/caches/modules-2/files-2.1/com.oracle.database.jdbc/ojdbc11/23.26.3.0.0/6936aba69cb7142aac36a53ed920af563b0e1dd1/oraclepki.jar
2026-10-02T23:18:39.824+05:30  INFO 19952 --- [smartmetro-api] [restartedMain] .e.DevToolsPropertyDefaultsPostProcessor : Devtools property defaults active! Set 'spring.devtools.add-properties' to 'false' to disable
2026-10-02T23:18:39.824+05:30  INFO 19952 --- [smartmetro-api] [restartedMain] .e.DevToolsPropertyDefaultsPostProcessor : For additional web related logging consider setting the 'logging.level.web' property to 'DEBUG'
2026-10-02T23:18:40.859+05:30  INFO 19952 --- [smartmetro-api] [restartedMain] .s.d.r.c.RepositoryConfigurationDelegate : Multiple Spring Data modules found, entering strict repository configuration mode
2026-10-02T23:18:40.860+05:30  INFO 19952 --- [smartmetro-api] [restartedMain] .s.d.r.c.RepositoryConfigurationDelegate : Bootstrapping Spring Data JPA repositories in DEFAULT mode.
2026-10-02T23:18:40.920+05:30  INFO 19952 --- [smartmetro-api] [restartedMain] .s.d.r.c.RepositoryConfigurationDelegate : Finished Spring Data repository scanning in 51 ms. Found 8 JPA repository interfaces.
2026-10-02T23:18:40.957+05:30  INFO 19952 --- [smartmetro-api] [restartedMain] .s.d.r.c.RepositoryConfigurationDelegate : Multiple Spring Data modules found, entering strict repository configuration mode
2026-10-02T23:18:40.957+05:30  INFO 19952 --- [smartmetro-api] [restartedMain] .s.d.r.c.RepositoryConfigurationDelegate : Bootstrapping Spring Data MongoDB repositories in DEFAULT mode.
2026-10-02T23:18:40.965+05:30  INFO 19952 --- [smartmetro-api] [restartedMain] .RepositoryConfigurationExtensionSupport : Spring Data MongoDB - Could not safely identify store assignment for repository candidate interface com.smartmetro.repository.MetroCardRepository; If you want this repository to be a MongoDB repository, consider annotating your entities with one of these annotations: org.springframework.data.mongodb.core.mapping.Document (preferred), or consider extending one of the following types with your repository: org.springframework.data.mongodb.repository.MongoRepository
2026-10-02T23:18:40.966+05:30  INFO 19952 --- [smartmetro-api] [restartedMain] .RepositoryConfigurationExtensionSupport : Spring Data MongoDB - Could not safely identify store assignment for repository candidate interface com.smartmetro.repository.PaymentRepository; If you want this repository to be a MongoDB repository, consider annotating your entities with one of these annotations: org.springframework.data.mongodb.core.mapping.Document (preferred), or consider extending one of the following types with your repository: org.springframework.data.mongodb.repository.MongoRepository
2026-10-02T23:18:40.966+05:30  INFO 19952 --- [smartmetro-api] [restartedMain] .RepositoryConfigurationExtensionSupport : Spring Data MongoDB - Could not safely identify store assignment for repository candidate interface com.smartmetro.repository.RouteRepository; If you want this repository to be a MongoDB repository, consider annotating your entities with one of these annotations: org.springframework.data.mongodb.core.mapping.Document (preferred), or consider extending one of the following types with your repository: org.springframework.data.mongodb.repository.MongoRepository
2026-10-02T23:18:40.967+05:30  INFO 19952 --- [smartmetro-api] [restartedMain] .RepositoryConfigurationExtensionSupport : Spring Data MongoDB - Could not safely identify store assignment for repository candidate interface com.smartmetro.repository.RouteStationRepository; If you want this repository to be a MongoDB repository, consider annotating your entities with one of these annotations: org.springframework.data.mongodb.core.mapping.Document (preferred), or consider extending one of the following types with your repository: org.springframework.data.mongodb.repository.MongoRepository
2026-10-02T23:18:40.967+05:30  INFO 19952 --- [smartmetro-api] [restartedMain] .RepositoryConfigurationExtensionSupport : Spring Data MongoDB - Could not safely identify store assignment for repository candidate interface com.smartmetro.repository.StationRepository; If you want this repository to be a MongoDB repository, consider annotating your entities with one of these annotations: org.springframework.data.mongodb.core.mapping.Document (preferred), or consider extending one of the following types with your repository: org.springframework.data.mongodb.repository.MongoRepository
2026-10-02T23:18:40.968+05:30  INFO 19952 --- [smartmetro-api] [restartedMain] .RepositoryConfigurationExtensionSupport : Spring Data MongoDB - Could not safely identify store assignment for repository candidate interface com.smartmetro.repository.TransactionRepository; If you want this repository to be a MongoDB repository, consider annotating your entities with one of these annotations: org.springframework.data.mongodb.core.mapping.Document (preferred), or consider extending one of the following types with your repository: org.springframework.data.mongodb.repository.MongoRepository
2026-10-02T23:18:40.968+05:30  INFO 19952 --- [smartmetro-api] [restartedMain] .RepositoryConfigurationExtensionSupport : Spring Data MongoDB - Could not safely identify store assignment for repository candidate interface com.smartmetro.repository.TripRepository; If you want this repository to be a MongoDB repository, consider annotating your entities with one of these annotations: org.springframework.data.mongodb.core.mapping.Document (preferred), or consider extending one of the following types with your repository: org.springframework.data.mongodb.repository.MongoRepository
2026-10-02T23:18:40.968+05:30  INFO 19952 --- [smartmetro-api] [restartedMain] .RepositoryConfigurationExtensionSupport : Spring Data MongoDB - Could not safely identify store assignment for repository candidate interface com.smartmetro.repository.UserRepository; If you want this repository to be a MongoDB repository, consider annotating your entities with one of these annotations: org.springframework.data.mongodb.core.mapping.Document (preferred), or consider extending one of the following types with your repository: org.springframework.data.mongodb.repository.MongoRepository
2026-10-02T23:18:40.969+05:30  INFO 19952 --- [smartmetro-api] [restartedMain] .s.d.r.c.RepositoryConfigurationDelegate : Finished Spring Data repository scanning in 10 ms. Found 0 MongoDB repository interfaces.
2026-10-02T23:18:41.545+05:30  INFO 19952 --- [smartmetro-api] [restartedMain] o.s.boot.tomcat.TomcatWebServer          : Tomcat initialized with port 8084 (http)
2026-10-02T23:18:41.557+05:30  INFO 19952 --- [smartmetro-api] [restartedMain] o.apache.catalina.core.StandardService   : Starting service [Tomcat]
2026-10-02T23:18:41.558+05:30  INFO 19952 --- [smartmetro-api] [restartedMain] o.apache.catalina.core.StandardEngine    : Starting Servlet engine: [Apache Tomcat/11.0.24]
2026-10-02T23:18:41.606+05:30  INFO 19952 --- [smartmetro-api] [restartedMain] b.w.c.s.WebApplicationContextInitializer : Root WebApplicationContext: initialization completed in 1781 ms
2026-10-02T23:18:41.948+05:30  INFO 19952 --- [smartmetro-api] [restartedMain] com.zaxxer.hikari.HikariDataSource       : HikariPool-1 - Starting...
2026-10-02T23:18:42.241+05:30  INFO 19952 --- [smartmetro-api] [restartedMain] com.zaxxer.hikari.pool.HikariPool        : HikariPool-1 - Added connection oracle.jdbc.driver.T4CConnection@5a28da2
2026-10-02T23:18:42.242+05:30  INFO 19952 --- [smartmetro-api] [restartedMain] com.zaxxer.hikari.HikariDataSource       : HikariPool-1 - Start completed.
2026-10-02T23:18:42.269+05:30  INFO 19952 --- [smartmetro-api] [restartedMain] org.hibernate.orm.jpa                    : HHH008540: Processing PersistenceUnitInfo [name: default]
2026-10-02T23:18:42.332+05:30  INFO 19952 --- [smartmetro-api] [restartedMain] org.hibernate.orm.core                   : HHH000001: Hibernate ORM core version 7.4.5.Final
2026-10-02T23:18:42.779+05:30  INFO 19952 --- [smartmetro-api] [restartedMain] o.s.o.j.p.SpringPersistenceUnitInfo      : No LoadTimeWeaver setup: ignoring JPA class transformer
2026-10-02T23:18:43.042+05:30  WARN 19952 --- [smartmetro-api] [restartedMain] org.hibernate.orm.core                   : HHH000511: The 11.2.0 version for [org.hibernate.dialect.OracleDialect] is no longer supported, hence certain features may not work properly.The minimum supported version is 19.0.0. Check the community dialects project for available legacy versions.
2026-10-02T23:18:43.072+05:30  WARN 19952 --- [smartmetro-api] [restartedMain] org.hibernate.orm.jdbc                   : HHH100123: Low default JDBC fetch size: 10 (consider setting 'hibernate.jdbc.fetch_size')
2026-10-02T23:18:43.076+05:30  INFO 19952 --- [smartmetro-api] [restartedMain] org.hibernate.orm.connections.pooling    : HHH10001005: Database info:
	Database JDBC URL [jdbc:oracle:thin:@localhost:1521:xe]
	Database driver: Oracle JDBC driver
	Database dialect: OracleDialect
	Database version: 11.2
	Default catalog/schema: undefined/SYSTEM
	Autocommit mode: undefined/unknown
	Isolation level: READ_COMMITTED [default READ_COMMITTED]
	JDBC fetch size: 10
	Pool: DataSourceConnectionProvider
	Minimum pool size: undefined/unknown
	Maximum pool size: undefined/unknown
2026-10-02T23:18:44.198+05:30  INFO 19952 --- [smartmetro-api] [restartedMain] org.hibernate.orm.core                   : HHH000489: No JTA platform available (set 'hibernate.transaction.jta.platform' to enable JTA platform integration)
2026-10-02T23:18:44.205+05:30  INFO 19952 --- [smartmetro-api] [restartedMain] j.LocalContainerEntityManagerFactoryBean : Initialized JPA EntityManagerFactory for persistence unit 'default'
2026-10-02T23:18:44.274+05:30  INFO 19952 --- [smartmetro-api] [restartedMain] o.s.d.j.r.query.QueryEnhancerFactories   : Hibernate is in classpath; If applicable, HQL parser will be used.
2026-10-02T23:18:44.507+05:30  WARN 19952 --- [smartmetro-api] [restartedMain] JpaBaseConfiguration$JpaWebConfiguration : spring.jpa.open-in-view is enabled by default. Therefore, database queries may be performed during view rendering. Explicitly configure spring.jpa.open-in-view to disable this warning
2026-10-02T23:18:44.998+05:30  INFO 19952 --- [smartmetro-api] [restartedMain] org.mongodb.driver.client                : MongoClient with metadata {"driver": {"name": "mongo-java-driver|spring-boot|sync", "version": "5.8.1"}, "os": {"type": "Windows", "name": "Windows 11", "architecture": "amd64", "version": "10.0"}, "platform": "Java/Oracle Corporation/26.0.2.1+1-7"} created with settings MongoClientSettings{readPreference=primary, writeConcern=WriteConcern{w=null, wTimeout=null ms, journal=null}, retryWrites=true, retryReads=true, readConcern=ReadConcern{level=null}, credential=null, transportSettings=null, commandListeners=[io.micrometer.core.instrument.binder.mongodb.MongoMetricsCommandListener@65ab7f60], codecRegistry=ProvidersCodecRegistry{codecProviders=[ValueCodecProvider{}, BsonValueCodecProvider{}, DBRefCodecProvider{}, DBObjectCodecProvider{}, DocumentCodecProvider{}, CollectionCodecProvider{}, IterableCodecProvider{}, MapCodecProvider{}, GeoJsonCodecProvider{}, GridFSFileCodecProvider{}, Jsr310CodecProvider{}, JsonObjectCodecProvider{}, BsonCodecProvider{}, com.mongodb.client.model.mql.ExpressionCodecProvider@1a30ecc5, com.mongodb.Jep395RecordCodecProvider@4765c482, com.mongodb.KotlinCodecProvider@1de3f4d4, EnumCodecProvider{}]}, loggerSettings=LoggerSettings{maxDocumentLength=1000}, clusterSettings={hosts=[localhost:27017], srvServiceName=mongodb, mode=SINGLE, requiredClusterType=UNKNOWN, requiredReplicaSetName='null', serverSelector='null', clusterListeners='[]', serverSelectionTimeout='30000 ms', localThreshold='15 ms'}, socketSettings=SocketSettings{connectTimeoutMS=10000, readTimeoutMS=0, receiveBufferSize=0, proxySettings=ProxySettings{host=null, port=null, username=null, password=null}}, heartbeatSocketSettings=SocketSettings{connectTimeoutMS=10000, readTimeoutMS=10000, receiveBufferSize=0, proxySettings=ProxySettings{host=null, port=null, username=null, password=null}}, connectionPoolSettings=ConnectionPoolSettings{maxSize=100, minSize=0, maxWaitTimeMS=120000, maxConnectionLifeTimeMS=0, maxConnectionIdleTimeMS=0, maintenanceInitialDelayMS=0, maintenanceFrequencyMS=60000, connectionPoolListeners=[io.micrometer.core.instrument.binder.mongodb.MongoMetricsConnectionPoolListener@32b96c17], maxConnecting=2}, serverSettings=ServerSettings{heartbeatFrequencyMS=10000, minHeartbeatFrequencyMS=500, serverMonitoringMode=AUTO, serverListeners='[]', serverMonitorListeners='[]'}, sslSettings=SslSettings{enabled=false, invalidHostNameAllowed=false, context=null}, applicationName='null', compressorList=[], uuidRepresentation=UNSPECIFIED, serverApi=null, autoEncryptionSettings=null, dnsClient=null, inetAddressResolver=null, contextProvider=null, timeoutMS=null}
2026-10-02T23:18:45.015+05:30  INFO 19952 --- [smartmetro-api] [cluster-6abfee7cafff8a371598e63e-localhost:27017] org.mongodb.driver.cluster               : Monitor thread successfully connected to server with description ServerDescription{address=localhost:27017, type=STANDALONE, cryptd=false, state=CONNECTED, ok=true, minWireVersion=0, maxWireVersion=28, maxDocumentSize=16777216, logicalSessionTimeoutMinutes=30, roundTripTimeNanos=14489100, minRoundTripTimeNanos=0}
2026-10-02T23:18:45.286+05:30  INFO 19952 --- [smartmetro-api] [restartedMain] o.s.b.a.e.web.EndpointLinksResolver      : Exposing 13 endpoints beneath base path '/actuator'
2026-10-02T23:18:45.347+05:30  INFO 19952 --- [smartmetro-api] [restartedMain] o.s.boot.tomcat.TomcatWebServer          : Tomcat started on port 8084 (http) with context path '/'
2026-10-02T23:18:45.355+05:30  INFO 19952 --- [smartmetro-api] [restartedMain] c.smartmetro.SmartmetroApiApplication    : Started SmartmetroApiApplication in 6.023 seconds (process running for 6.631)
2026-10-02T23:18:45.360+05:30  WARN 19952 --- [smartmetro-api] [restartedMain] o.s.core.events.SpringDocAppInitializer  : SpringDoc /v3/api-docs endpoint is enabled by default. To disable it in production, set the property 'springdoc.api-docs.enabled=false'
2026-10-02T23:18:45.361+05:30  WARN 19952 --- [smartmetro-api] [restartedMain] o.s.core.events.SpringDocAppInitializer  : SpringDoc /swagger-ui.html endpoint is enabled by default. To disable it in production, set the property 'springdoc.swagger-ui.enabled=false'
2026-10-02T23:18:45.361+05:30  INFO 19952 --- [smartmetro-api] [restartedMain] c.smartmetro.SmartmetroApiApplication    : SmartmetroApiApplication started
2026-10-02T23:18:54.666+05:30  INFO 19952 --- [smartmetro-api] [http-nio-8084-exec-1] o.a.c.c.C.[Tomcat].[localhost].[/]       : Initializing Spring DispatcherServlet 'dispatcherServlet'
2026-10-02T23:18:54.667+05:30  INFO 19952 --- [smartmetro-api] [http-nio-8084-exec-1] o.s.web.servlet.DispatcherServlet        : Initializing Servlet 'dispatcherServlet'
2026-10-02T23:18:54.668+05:30  INFO 19952 --- [smartmetro-api] [http-nio-8084-exec-1] o.s.web.servlet.DispatcherServlet        : Completed initialization in 1 ms
2026-10-02T23:18:55.503+05:30  INFO 19952 --- [smartmetro-api] [http-nio-8084-exec-9] o.springdoc.api.AbstractOpenApiResource  : Init duration for springdoc-openapi is: 515 ms
2026-10-02T23:19:03.570+05:30  INFO 19952 --- [smartmetro-api] [http-nio-8084-exec-4] c.s.controller.StationController         : Inside the getAllStations method
2026-10-02T23:19:03.570+05:30  INFO 19952 --- [smartmetro-api] [http-nio-8084-exec-4] c.smartmetro.service.StationServiceImpl  : Inside the StationServiceImpl.findAllStations
2026-10-02T23:19:03.733+05:30  INFO 19952 --- [smartmetro-api] [http-nio-8084-exec-4] c.smartmetro.service.StationServiceImpl  : Total Stations Found: 2
2026-10-02T23:19:05.343+05:30  INFO 19952 --- [smartmetro-api] [http-nio-8084-exec-8] c.s.controller.StationController         : Inside the getAllStations method
2026-10-02T23:19:05.343+05:30  INFO 19952 --- [smartmetro-api] [http-nio-8084-exec-8] c.smartmetro.service.StationServiceImpl  : Inside the StationServiceImpl.findAllStations
2026-10-02T23:19:05.348+05:30  INFO 19952 --- [smartmetro-api] [http-nio-8084-exec-8] c.smartmetro.service.StationServiceImpl  : Total Stations Found: 2
2026-10-02T23:19:07.633+05:30  INFO 19952 --- [smartmetro-api] [http-nio-8084-exec-10] c.s.controller.StationController         : Inside the getAllStations method
2026-10-02T23:19:07.633+05:30  INFO 19952 --- [smartmetro-api] [http-nio-8084-exec-10] c.smartmetro.service.StationServiceImpl  : Inside the StationServiceImpl.findAllStations
2026-10-02T23:19:07.638+05:30  INFO 19952 --- [smartmetro-api] [http-nio-8084-exec-10] c.smartmetro.service.StationServiceImpl  : Total Stations Found: 2
2026-10-02T23:19:24.791+05:30  INFO 19952 --- [smartmetro-api] [http-nio-8084-exec-1] c.s.controller.StationController         : Inside the getMetroCardById method for id: 1
2026-10-02T23:19:24.791+05:30  INFO 19952 --- [smartmetro-api] [http-nio-8084-exec-1] c.smartmetro.service.StationServiceImpl  : Inside the StationServiceImpl.findStationById for id: 1
2026-10-02T23:19:36.850+05:30  INFO 19952 --- [smartmetro-api] [http-nio-8084-exec-2] c.s.controller.StationController         : Inside the getMetroCardById method for id: 2
2026-10-02T23:19:36.850+05:30  INFO 19952 --- [smartmetro-api] [http-nio-8084-exec-2] c.smartmetro.service.StationServiceImpl  : Inside the StationServiceImpl.findStationById for id: 2
2026-10-02T23:19:47.341+05:30  INFO 19952 --- [smartmetro-api] [http-nio-8084-exec-9] c.smartmetro.controller.RouteController  : Inside the getAllRoutes method
2026-10-02T23:19:47.341+05:30  INFO 19952 --- [smartmetro-api] [http-nio-8084-exec-9] c.smartmetro.service.RouteServiceImpl    : Inside the RouteServiceImpl.findAllUsers
2026-10-02T23:19:47.352+05:30  INFO 19952 --- [smartmetro-api] [http-nio-8084-exec-9] c.smartmetro.service.RouteServiceImpl    : Total Users Found: 1
2026-10-02T23:20:01.596+05:30  INFO 19952 --- [smartmetro-api] [http-nio-8084-exec-7] c.smartmetro.controller.RouteController  : Inside the getRouteById method for id: 1
2026-10-02T23:20:01.597+05:30  INFO 19952 --- [smartmetro-api] [http-nio-8084-exec-7] c.smartmetro.service.RouteServiceImpl    : Inside the RouteServiceImpl.findRouteById
2026-10-02T23:20:36.013+05:30  INFO 19952 --- [smartmetro-api] [http-nio-8084-exec-3] c.smartmetro.controller.RouteController  : Inside the getRouteById method for id: 2
2026-10-02T23:20:36.013+05:30  INFO 19952 --- [smartmetro-api] [http-nio-8084-exec-3] c.smartmetro.service.RouteServiceImpl    : Inside the RouteServiceImpl.findRouteById
2026-10-02T23:20:36.016+05:30 ERROR 19952 --- [smartmetro-api] [http-nio-8084-exec-3] c.smartmetro.service.RouteServiceImpl    : Route not found
2026-10-02T23:20:36.016+05:30 ERROR 19952 --- [smartmetro-api] [http-nio-8084-exec-3] c.smartmetro.controller.RouteController  : Routes not found with id: 2
2026-10-02T23:20:42.751+05:30  INFO 19952 --- [smartmetro-api] [http-nio-8084-exec-6] c.smartmetro.controller.RouteController  : Inside the getRouteById method for id: 1
2026-10-02T23:20:42.751+05:30  INFO 19952 --- [smartmetro-api] [http-nio-8084-exec-6] c.smartmetro.service.RouteServiceImpl    : Inside the RouteServiceImpl.findRouteById
2026-10-02T23:20:52.317+05:30  INFO 19952 --- [smartmetro-api] [http-nio-8084-exec-4] c.s.controller.RouteStationController    : Inside the getAllRouteStations method
2026-10-02T23:20:52.317+05:30  INFO 19952 --- [smartmetro-api] [http-nio-8084-exec-4] c.s.service.RouteStationServiceImpl      : Inside the RouteStationServiceImpl.findAllUsers
2026-10-02T23:20:52.324+05:30  INFO 19952 --- [smartmetro-api] [http-nio-8084-exec-4] c.s.service.RouteStationServiceImpl      : Total Users Found: 2
2026-10-02T23:21:06.479+05:30  INFO 19952 --- [smartmetro-api] [http-nio-8084-exec-8] c.s.controller.RouteStationController    : Inside the getRouteStationById method for id: 1
2026-10-02T23:21:06.480+05:30  INFO 19952 --- [smartmetro-api] [http-nio-8084-exec-8] c.s.service.RouteStationServiceImpl      : Inside the RouteStationServiceImpl.findRouteStationById
2026-10-02T23:21:06.490+05:30 ERROR 19952 --- [smartmetro-api] [http-nio-8084-exec-8] c.s.controller.RouteStationController    : Exception occurred while fetching card with id 1: 

org.springframework.dao.InvalidDataAccessApiUsageException: Supplied id had wrong type: entity 'com.smartmetro.entity.RouteStation' has id type 'class com.smartmetro.entity.RouteStation$RouteStationPK' but supplied id was of type 'class java.lang.Long'
	at org.springframework.orm.jpa.EntityManagerFactoryUtils.convertJpaAccessExceptionIfPossible(EntityManagerFactoryUtils.java:482) ~[spring-orm-7.0.9.jar:7.0.9]
	at org.springframework.orm.jpa.hibernate.HibernateExceptionTranslator.translateExceptionIfPossible(HibernateExceptionTranslator.java:112) ~[spring-orm-7.0.9.jar:7.0.9]
	at org.springframework.orm.jpa.vendor.HibernateJpaDialect.translateExceptionIfPossible(HibernateJpaDialect.java:223) ~[spring-orm-7.0.9.jar:7.0.9]
	at org.springframework.orm.jpa.AbstractEntityManagerFactoryBean.translateExceptionIfPossible(AbstractEntityManagerFactoryBean.java:577) ~[spring-orm-7.0.9.jar:7.0.9]
	at org.springframework.dao.support.ChainedPersistenceExceptionTranslator.translateExceptionIfPossible(ChainedPersistenceExceptionTranslator.java:61) ~[spring-tx-7.0.9.jar:7.0.9]
	at org.springframework.dao.support.DataAccessUtils.translateIfNecessary(DataAccessUtils.java:346) ~[spring-tx-7.0.9.jar:7.0.9]
	at org.springframework.dao.support.PersistenceExceptionTranslationInterceptor.invoke(PersistenceExceptionTranslationInterceptor.java:157) ~[spring-tx-7.0.9.jar:7.0.9]
	at org.springframework.aop.framework.ReflectiveMethodInvocation.proceed(ReflectiveMethodInvocation.java:179) ~[spring-aop-7.0.9.jar:7.0.9]
	at org.springframework.data.jpa.repository.support.CrudMethodMetadataPostProcessor$CrudMethodMetadataPopulatingMethodInterceptor.invoke(CrudMethodMetadataPostProcessor.java:166) ~[spring-data-jpa-4.1.1.jar:4.1.1]
	at org.springframework.aop.framework.ReflectiveMethodInvocation.proceed(ReflectiveMethodInvocation.java:179) ~[spring-aop-7.0.9.jar:7.0.9]
	at org.springframework.aop.framework.JdkDynamicAopProxy.invoke(JdkDynamicAopProxy.java:222) ~[spring-aop-7.0.9.jar:7.0.9]
	at jdk.proxy4/jdk.proxy4.$Proxy157.findById(Unknown Source) ~[na:na]
	at com.smartmetro.service.RouteStationServiceImpl.findRouteStationById(RouteStationServiceImpl.java:43) ~[main/:na]
	at com.smartmetro.controller.RouteStationController.getRouteStationById(RouteStationController.java:46) ~[main/:na]
	at java.base/jdk.internal.reflect.DirectMethodHandleAccessor.invoke(DirectMethodHandleAccessor.java:104) ~[na:na]
	at java.base/java.lang.reflect.Method.invoke(Method.java:565) ~[na:na]
	at org.springframework.web.method.support.InvocableHandlerMethod.doInvoke(InvocableHandlerMethod.java:252) ~[spring-web-7.0.9.jar:7.0.9]
	at org.springframework.web.method.support.InvocableHandlerMethod.invokeForRequest(InvocableHandlerMethod.java:184) ~[spring-web-7.0.9.jar:7.0.9]
	at org.springframework.web.servlet.mvc.method.annotation.ServletInvocableHandlerMethod.invokeAndHandle(ServletInvocableHandlerMethod.java:117) ~[spring-webmvc-7.0.9.jar:7.0.9]
	at org.springframework.web.servlet.mvc.method.annotation.RequestMappingHandlerAdapter.invokeHandlerMethod(RequestMappingHandlerAdapter.java:934) ~[spring-webmvc-7.0.9.jar:7.0.9]
	at org.springframework.web.servlet.mvc.method.annotation.RequestMappingHandlerAdapter.handleInternal(RequestMappingHandlerAdapter.java:853) ~[spring-webmvc-7.0.9.jar:7.0.9]
	at org.springframework.web.servlet.mvc.method.AbstractHandlerMethodAdapter.handle(AbstractHandlerMethodAdapter.java:86) ~[spring-webmvc-7.0.9.jar:7.0.9]
	at org.springframework.web.servlet.DispatcherServlet.doDispatch(DispatcherServlet.java:963) ~[spring-webmvc-7.0.9.jar:7.0.9]
	at org.springframework.web.servlet.DispatcherServlet.doService(DispatcherServlet.java:866) ~[spring-webmvc-7.0.9.jar:7.0.9]
	at org.springframework.web.servlet.FrameworkServlet.processRequest(FrameworkServlet.java:1000) ~[spring-webmvc-7.0.9.jar:7.0.9]
	at org.springframework.web.servlet.FrameworkServlet.doGet(FrameworkServlet.java:892) ~[spring-webmvc-7.0.9.jar:7.0.9]
	at jakarta.servlet.http.HttpServlet.service(HttpServlet.java:622) ~[tomcat-embed-core-11.0.24.jar:6.1]
	at org.springframework.web.servlet.FrameworkServlet.service(FrameworkServlet.java:874) ~[spring-webmvc-7.0.9.jar:7.0.9]
	at jakarta.servlet.http.HttpServlet.service(HttpServlet.java:710) ~[tomcat-embed-core-11.0.24.jar:6.1]
	at org.apache.catalina.core.ApplicationFilterChain.doFilter(ApplicationFilterChain.java:132) ~[tomcat-embed-core-11.0.24.jar:11.0.24]
	at org.apache.tomcat.websocket.server.WsFilter.doFilter(WsFilter.java:59) ~[tomcat-embed-websocket-11.0.24.jar:11.0.24]
	at org.apache.catalina.core.ApplicationFilterChain.doFilter(ApplicationFilterChain.java:111) ~[tomcat-embed-core-11.0.24.jar:11.0.24]
	at org.springframework.web.filter.RequestContextFilter.doFilterInternal(RequestContextFilter.java:100) ~[spring-web-7.0.9.jar:7.0.9]
	at org.springframework.web.filter.OncePerRequestFilter.doFilter(OncePerRequestFilter.java:116) ~[spring-web-7.0.9.jar:7.0.9]
	at org.apache.catalina.core.ApplicationFilterChain.doFilter(ApplicationFilterChain.java:111) ~[tomcat-embed-core-11.0.24.jar:11.0.24]
	at org.springframework.web.filter.FormContentFilter.doFilterInternal(FormContentFilter.java:93) ~[spring-web-7.0.9.jar:7.0.9]
	at org.springframework.web.filter.OncePerRequestFilter.doFilter(OncePerRequestFilter.java:116) ~[spring-web-7.0.9.jar:7.0.9]
	at org.apache.catalina.core.ApplicationFilterChain.doFilter(ApplicationFilterChain.java:111) ~[tomcat-embed-core-11.0.24.jar:11.0.24]
	at org.springframework.web.filter.ServerHttpObservationFilter.doFilterInternal(ServerHttpObservationFilter.java:110) ~[spring-web-7.0.9.jar:7.0.9]
	at org.springframework.web.filter.OncePerRequestFilter.doFilter(OncePerRequestFilter.java:116) ~[spring-web-7.0.9.jar:7.0.9]
	at org.apache.catalina.core.ApplicationFilterChain.doFilter(ApplicationFilterChain.java:111) ~[tomcat-embed-core-11.0.24.jar:11.0.24]
	at org.springframework.web.filter.CharacterEncodingFilter.doFilterInternal(CharacterEncodingFilter.java:199) ~[spring-web-7.0.9.jar:7.0.9]
	at org.springframework.web.filter.OncePerRequestFilter.doFilter(OncePerRequestFilter.java:116) ~[spring-web-7.0.9.jar:7.0.9]
	at org.apache.catalina.core.ApplicationFilterChain.doFilter(ApplicationFilterChain.java:111) ~[tomcat-embed-core-11.0.24.jar:11.0.24]
	at org.apache.catalina.core.StandardWrapperValve.invoke(StandardWrapperValve.java:165) ~[tomcat-embed-core-11.0.24.jar:11.0.24]
	at org.apache.catalina.core.StandardContextValve.invoke(StandardContextValve.java:77) ~[tomcat-embed-core-11.0.24.jar:11.0.24]
	at org.apache.catalina.authenticator.AuthenticatorBase.invoke(AuthenticatorBase.java:535) ~[tomcat-embed-core-11.0.24.jar:11.0.24]
	at org.apache.catalina.core.StandardHostValve.invoke(StandardHostValve.java:115) ~[tomcat-embed-core-11.0.24.jar:11.0.24]
	at org.apache.catalina.valves.ErrorReportValve.invoke(ErrorReportValve.java:86) ~[tomcat-embed-core-11.0.24.jar:11.0.24]
	at org.apache.catalina.core.StandardEngineValve.invoke(StandardEngineValve.java:71) ~[tomcat-embed-core-11.0.24.jar:11.0.24]
	at org.apache.catalina.connector.CoyoteAdapter.service(CoyoteAdapter.java:347) ~[tomcat-embed-core-11.0.24.jar:11.0.24]
	at org.apache.coyote.http11.Http11Processor.service(Http11Processor.java:406) ~[tomcat-embed-core-11.0.24.jar:11.0.24]
	at org.apache.coyote.AbstractProcessorLight.process(AbstractProcessorLight.java:71) ~[tomcat-embed-core-11.0.24.jar:11.0.24]
	at org.apache.coyote.AbstractProtocol$ConnectionHandler.process(AbstractProtocol.java:1307) ~[tomcat-embed-core-11.0.24.jar:11.0.24]
	at org.apache.tomcat.util.net.NioEndpoint$SocketProcessor.doRun(NioEndpoint.java:2036) ~[tomcat-embed-core-11.0.24.jar:11.0.24]
	at org.apache.tomcat.util.net.SocketProcessorBase.run(SocketProcessorBase.java:74) ~[tomcat-embed-core-11.0.24.jar:11.0.24]
	at org.apache.tomcat.util.threads.ThreadPoolExecutor.runWorker(ThreadPoolExecutor.java:949) ~[tomcat-embed-core-11.0.24.jar:11.0.24]
	at org.apache.tomcat.util.threads.ThreadPoolExecutor$Worker.run(ThreadPoolExecutor.java:483) ~[tomcat-embed-core-11.0.24.jar:11.0.24]
	at org.apache.tomcat.util.threads.TaskThread$WrappingRunnable.run(TaskThread.java:74) ~[tomcat-embed-core-11.0.24.jar:11.0.24]
	at java.base/java.lang.Thread.run(Thread.java:1516) ~[na:na]
Caused by: java.lang.IllegalArgumentException: Supplied id had wrong type: entity 'com.smartmetro.entity.RouteStation' has id type 'class com.smartmetro.entity.RouteStation$RouteStationPK' but supplied id was of type 'class java.lang.Long'
	at org.hibernate.internal.SessionImpl.find(SessionImpl.java:2211) ~[hibernate-core-7.4.5.Final.jar:7.4.5.Final]
	at org.hibernate.internal.SessionImpl.find(SessionImpl.java:2152) ~[hibernate-core-7.4.5.Final.jar:7.4.5.Final]
	at java.base/jdk.internal.reflect.DirectMethodHandleAccessor.invoke(DirectMethodHandleAccessor.java:104) ~[na:na]
	at java.base/java.lang.reflect.Method.invoke(Method.java:565) ~[na:na]
	at org.springframework.orm.jpa.ExtendedEntityManagerCreator$ExtendedEntityManagerInvocationHandler.invoke(ExtendedEntityManagerCreator.java:360) ~[spring-orm-7.0.9.jar:7.0.9]
	at jdk.proxy4/jdk.proxy4.$Proxy149.find(Unknown Source) ~[na:na]
	at java.base/jdk.internal.reflect.DirectMethodHandleAccessor.invoke(DirectMethodHandleAccessor.java:104) ~[na:na]
	at java.base/java.lang.reflect.Method.invoke(Method.java:565) ~[na:na]
	at org.springframework.orm.jpa.SharedEntityManagerCreator$SharedEntityHandlerInvocationHandler.invokeMethod(SharedEntityManagerCreator.java:239) ~[spring-orm-7.0.9.jar:7.0.9]
	at org.springframework.orm.jpa.SharedEntityManagerCreator$SharedEntityManagerInvocationHandler.invoke(SharedEntityManagerCreator.java:392) ~[spring-orm-7.0.9.jar:7.0.9]
	at jdk.proxy4/jdk.proxy4.$Proxy149.find(Unknown Source) ~[na:na]
	at org.springframework.data.jpa.repository.support.SimpleJpaRepository.findById(SimpleJpaRepository.java:342) ~[spring-data-jpa-4.1.1.jar:4.1.1]
	at java.base/jdk.internal.reflect.DirectMethodHandleAccessor.invoke(DirectMethodHandleAccessor.java:104) ~[na:na]
	at java.base/java.lang.reflect.Method.invoke(Method.java:565) ~[na:na]
	at org.springframework.aop.support.AopUtils.invokeJoinpointUsingReflection(AopUtils.java:359) ~[spring-aop-7.0.9.jar:7.0.9]
	at org.springframework.data.repository.core.support.RepositoryMethodInvoker$RepositoryFragmentMethodInvoker.lambda$new$0(RepositoryMethodInvoker.java:278) ~[spring-data-commons-4.1.1.jar:4.1.1]
	at org.springframework.data.repository.core.support.RepositoryMethodInvoker.doInvoke(RepositoryMethodInvoker.java:169) ~[spring-data-commons-4.1.1.jar:4.1.1]
	at org.springframework.data.repository.core.support.RepositoryMethodInvoker.invoke(RepositoryMethodInvoker.java:158) ~[spring-data-commons-4.1.1.jar:4.1.1]
	at org.springframework.data.repository.core.support.RepositoryComposition$RepositoryFragments.invoke(RepositoryComposition.java:545) ~[spring-data-commons-4.1.1.jar:4.1.1]
	at org.springframework.data.repository.core.support.RepositoryComposition.invoke(RepositoryComposition.java:290) ~[spring-data-commons-4.1.1.jar:4.1.1]
	at org.springframework.data.repository.core.support.RepositoryFactorySupport$ImplementationMethodExecutionInterceptor.invoke(RepositoryFactorySupport.java:690) ~[spring-data-commons-4.1.1.jar:4.1.1]
	at org.springframework.aop.framework.ReflectiveMethodInvocation.proceed(ReflectiveMethodInvocation.java:179) ~[spring-aop-7.0.9.jar:7.0.9]
	at org.springframework.data.repository.core.support.QueryExecutorMethodInterceptor.doInvoke(QueryExecutorMethodInterceptor.java:171) ~[spring-data-commons-4.1.1.jar:4.1.1]
	at org.springframework.data.repository.core.support.QueryExecutorMethodInterceptor.invoke(QueryExecutorMethodInterceptor.java:146) ~[spring-data-commons-4.1.1.jar:4.1.1]
	at org.springframework.aop.framework.ReflectiveMethodInvocation.proceed(ReflectiveMethodInvocation.java:179) ~[spring-aop-7.0.9.jar:7.0.9]
	at org.springframework.data.projection.DefaultMethodInvokingMethodInterceptor.invoke(DefaultMethodInvokingMethodInterceptor.java:69) ~[spring-data-commons-4.1.1.jar:4.1.1]
	at org.springframework.aop.framework.ReflectiveMethodInvocation.proceed(ReflectiveMethodInvocation.java:179) ~[spring-aop-7.0.9.jar:7.0.9]
	at org.springframework.transaction.interceptor.TransactionInterceptor$1.proceedWithInvocation(TransactionInterceptor.java:133) ~[spring-tx-7.0.9.jar:7.0.9]
	at org.springframework.transaction.interceptor.TransactionAspectSupport.invokeWithinTransaction(TransactionAspectSupport.java:371) ~[spring-tx-7.0.9.jar:7.0.9]
	at org.springframework.transaction.interceptor.TransactionInterceptor.invoke(TransactionInterceptor.java:130) ~[spring-tx-7.0.9.jar:7.0.9]
	at org.springframework.aop.framework.ReflectiveMethodInvocation.proceed(ReflectiveMethodInvocation.java:179) ~[spring-aop-7.0.9.jar:7.0.9]
	at org.springframework.dao.support.PersistenceExceptionTranslationInterceptor.invoke(PersistenceExceptionTranslationInterceptor.java:135) ~[spring-tx-7.0.9.jar:7.0.9]
	... 53 common frames omitted
Caused by: org.hibernate.TypeMismatchException: Supplied id had wrong type: entity 'com.smartmetro.entity.RouteStation' has id type 'class com.smartmetro.entity.RouteStation$RouteStationPK' but supplied id was of type 'class java.lang.Long'
	at org.hibernate.event.internal.DefaultLoadEventListener.checkId(DefaultLoadEventListener.java:68) ~[hibernate-core-7.4.5.Final.jar:7.4.5.Final]
	at org.hibernate.event.internal.DefaultLoadEventListener.onLoad(DefaultLoadEventListener.java:55) ~[hibernate-core-7.4.5.Final.jar:7.4.5.Final]
	at org.hibernate.event.service.internal.EventListenerGroupImpl.fireEventOnEachListener(EventListenerGroupImpl.java:149) ~[hibernate-core-7.4.5.Final.jar:7.4.5.Final]
	at org.hibernate.internal.SessionImpl.fireLoadNoChecks(SessionImpl.java:1282) ~[hibernate-core-7.4.5.Final.jar:7.4.5.Final]
	at org.hibernate.internal.SessionImpl.fireLoad(SessionImpl.java:1269) ~[hibernate-core-7.4.5.Final.jar:7.4.5.Final]
	at org.hibernate.internal.SessionImpl.load(SessionImpl.java:1252) ~[hibernate-core-7.4.5.Final.jar:7.4.5.Final]
	at org.hibernate.loader.internal.IdentifierLoadAccessImpl.doLoad(IdentifierLoadAccessImpl.java:178) ~[hibernate-core-7.4.5.Final.jar:7.4.5.Final]
	at org.hibernate.loader.internal.IdentifierLoadAccessImpl.lambda$load$0(IdentifierLoadAccessImpl.java:164) ~[hibernate-core-7.4.5.Final.jar:7.4.5.Final]
	at org.hibernate.loader.internal.IdentifierLoadAccessImpl.perform(IdentifierLoadAccessImpl.java:127) ~[hibernate-core-7.4.5.Final.jar:7.4.5.Final]
	at org.hibernate.loader.internal.IdentifierLoadAccessImpl.load(IdentifierLoadAccessImpl.java:164) ~[hibernate-core-7.4.5.Final.jar:7.4.5.Final]
	at org.hibernate.internal.SessionImpl.find(SessionImpl.java:2178) ~[hibernate-core-7.4.5.Final.jar:7.4.5.Final]
	... 84 common frames omitted

2026-10-02T23:21:08.361+05:30  INFO 19952 --- [smartmetro-api] [http-nio-8084-exec-10] c.s.controller.RouteStationController    : Inside the getRouteStationById method for id: 1
2026-10-02T23:21:08.361+05:30  INFO 19952 --- [smartmetro-api] [http-nio-8084-exec-10] c.s.service.RouteStationServiceImpl      : Inside the RouteStationServiceImpl.findRouteStationById
2026-10-02T23:21:08.363+05:30 ERROR 19952 --- [smartmetro-api] [http-nio-8084-exec-10] c.s.controller.RouteStationController    : Exception occurred while fetching card with id 1: 

org.springframework.dao.InvalidDataAccessApiUsageException: Supplied id had wrong type: entity 'com.smartmetro.entity.RouteStation' has id type 'class com.smartmetro.entity.RouteStation$RouteStationPK' but supplied id was of type 'class java.lang.Long'
	at org.springframework.orm.jpa.EntityManagerFactoryUtils.convertJpaAccessExceptionIfPossible(EntityManagerFactoryUtils.java:482) ~[spring-orm-7.0.9.jar:7.0.9]
	at org.springframework.orm.jpa.hibernate.HibernateExceptionTranslator.translateExceptionIfPossible(HibernateExceptionTranslator.java:112) ~[spring-orm-7.0.9.jar:7.0.9]
	at org.springframework.orm.jpa.vendor.HibernateJpaDialect.translateExceptionIfPossible(HibernateJpaDialect.java:223) ~[spring-orm-7.0.9.jar:7.0.9]
	at org.springframework.orm.jpa.AbstractEntityManagerFactoryBean.translateExceptionIfPossible(AbstractEntityManagerFactoryBean.java:577) ~[spring-orm-7.0.9.jar:7.0.9]
	at org.springframework.dao.support.ChainedPersistenceExceptionTranslator.translateExceptionIfPossible(ChainedPersistenceExceptionTranslator.java:61) ~[spring-tx-7.0.9.jar:7.0.9]
	at org.springframework.dao.support.DataAccessUtils.translateIfNecessary(DataAccessUtils.java:346) ~[spring-tx-7.0.9.jar:7.0.9]
	at org.springframework.dao.support.PersistenceExceptionTranslationInterceptor.invoke(PersistenceExceptionTranslationInterceptor.java:157) ~[spring-tx-7.0.9.jar:7.0.9]
	at org.springframework.aop.framework.ReflectiveMethodInvocation.proceed(ReflectiveMethodInvocation.java:179) ~[spring-aop-7.0.9.jar:7.0.9]
	at org.springframework.data.jpa.repository.support.CrudMethodMetadataPostProcessor$CrudMethodMetadataPopulatingMethodInterceptor.invoke(CrudMethodMetadataPostProcessor.java:166) ~[spring-data-jpa-4.1.1.jar:4.1.1]
	at org.springframework.aop.framework.ReflectiveMethodInvocation.proceed(ReflectiveMethodInvocation.java:179) ~[spring-aop-7.0.9.jar:7.0.9]
	at org.springframework.aop.framework.JdkDynamicAopProxy.invoke(JdkDynamicAopProxy.java:222) ~[spring-aop-7.0.9.jar:7.0.9]
	at jdk.proxy4/jdk.proxy4.$Proxy157.findById(Unknown Source) ~[na:na]
	at com.smartmetro.service.RouteStationServiceImpl.findRouteStationById(RouteStationServiceImpl.java:43) ~[main/:na]
	at com.smartmetro.controller.RouteStationController.getRouteStationById(RouteStationController.java:46) ~[main/:na]
	at java.base/jdk.internal.reflect.DirectMethodHandleAccessor.invoke(DirectMethodHandleAccessor.java:104) ~[na:na]
	at java.base/java.lang.reflect.Method.invoke(Method.java:565) ~[na:na]
	at org.springframework.web.method.support.InvocableHandlerMethod.doInvoke(InvocableHandlerMethod.java:252) ~[spring-web-7.0.9.jar:7.0.9]
	at org.springframework.web.method.support.InvocableHandlerMethod.invokeForRequest(InvocableHandlerMethod.java:184) ~[spring-web-7.0.9.jar:7.0.9]
	at org.springframework.web.servlet.mvc.method.annotation.ServletInvocableHandlerMethod.invokeAndHandle(ServletInvocableHandlerMethod.java:117) ~[spring-webmvc-7.0.9.jar:7.0.9]
	at org.springframework.web.servlet.mvc.method.annotation.RequestMappingHandlerAdapter.invokeHandlerMethod(RequestMappingHandlerAdapter.java:934) ~[spring-webmvc-7.0.9.jar:7.0.9]
	at org.springframework.web.servlet.mvc.method.annotation.RequestMappingHandlerAdapter.handleInternal(RequestMappingHandlerAdapter.java:853) ~[spring-webmvc-7.0.9.jar:7.0.9]
	at org.springframework.web.servlet.mvc.method.AbstractHandlerMethodAdapter.handle(AbstractHandlerMethodAdapter.java:86) ~[spring-webmvc-7.0.9.jar:7.0.9]
	at org.springframework.web.servlet.DispatcherServlet.doDispatch(DispatcherServlet.java:963) ~[spring-webmvc-7.0.9.jar:7.0.9]
	at org.springframework.web.servlet.DispatcherServlet.doService(DispatcherServlet.java:866) ~[spring-webmvc-7.0.9.jar:7.0.9]
	at org.springframework.web.servlet.FrameworkServlet.processRequest(FrameworkServlet.java:1000) ~[spring-webmvc-7.0.9.jar:7.0.9]
	at org.springframework.web.servlet.FrameworkServlet.doGet(FrameworkServlet.java:892) ~[spring-webmvc-7.0.9.jar:7.0.9]
	at jakarta.servlet.http.HttpServlet.service(HttpServlet.java:622) ~[tomcat-embed-core-11.0.24.jar:6.1]
	at org.springframework.web.servlet.FrameworkServlet.service(FrameworkServlet.java:874) ~[spring-webmvc-7.0.9.jar:7.0.9]
	at jakarta.servlet.http.HttpServlet.service(HttpServlet.java:710) ~[tomcat-embed-core-11.0.24.jar:6.1]
	at org.apache.catalina.core.ApplicationFilterChain.doFilter(ApplicationFilterChain.java:132) ~[tomcat-embed-core-11.0.24.jar:11.0.24]
	at org.apache.tomcat.websocket.server.WsFilter.doFilter(WsFilter.java:59) ~[tomcat-embed-websocket-11.0.24.jar:11.0.24]
	at org.apache.catalina.core.ApplicationFilterChain.doFilter(ApplicationFilterChain.java:111) ~[tomcat-embed-core-11.0.24.jar:11.0.24]
	at org.springframework.web.filter.RequestContextFilter.doFilterInternal(RequestContextFilter.java:100) ~[spring-web-7.0.9.jar:7.0.9]
	at org.springframework.web.filter.OncePerRequestFilter.doFilter(OncePerRequestFilter.java:116) ~[spring-web-7.0.9.jar:7.0.9]
	at org.apache.catalina.core.ApplicationFilterChain.doFilter(ApplicationFilterChain.java:111) ~[tomcat-embed-core-11.0.24.jar:11.0.24]
	at org.springframework.web.filter.FormContentFilter.doFilterInternal(FormContentFilter.java:93) ~[spring-web-7.0.9.jar:7.0.9]
	at org.springframework.web.filter.OncePerRequestFilter.doFilter(OncePerRequestFilter.java:116) ~[spring-web-7.0.9.jar:7.0.9]
	at org.apache.catalina.core.ApplicationFilterChain.doFilter(ApplicationFilterChain.java:111) ~[tomcat-embed-core-11.0.24.jar:11.0.24]
	at org.springframework.web.filter.ServerHttpObservationFilter.doFilterInternal(ServerHttpObservationFilter.java:110) ~[spring-web-7.0.9.jar:7.0.9]
	at org.springframework.web.filter.OncePerRequestFilter.doFilter(OncePerRequestFilter.java:116) ~[spring-web-7.0.9.jar:7.0.9]
	at org.apache.catalina.core.ApplicationFilterChain.doFilter(ApplicationFilterChain.java:111) ~[tomcat-embed-core-11.0.24.jar:11.0.24]
	at org.springframework.web.filter.CharacterEncodingFilter.doFilterInternal(CharacterEncodingFilter.java:199) ~[spring-web-7.0.9.jar:7.0.9]
	at org.springframework.web.filter.OncePerRequestFilter.doFilter(OncePerRequestFilter.java:116) ~[spring-web-7.0.9.jar:7.0.9]
	at org.apache.catalina.core.ApplicationFilterChain.doFilter(ApplicationFilterChain.java:111) ~[tomcat-embed-core-11.0.24.jar:11.0.24]
	at org.apache.catalina.core.StandardWrapperValve.invoke(StandardWrapperValve.java:165) ~[tomcat-embed-core-11.0.24.jar:11.0.24]
	at org.apache.catalina.core.StandardContextValve.invoke(StandardContextValve.java:77) ~[tomcat-embed-core-11.0.24.jar:11.0.24]
	at org.apache.catalina.authenticator.AuthenticatorBase.invoke(AuthenticatorBase.java:535) ~[tomcat-embed-core-11.0.24.jar:11.0.24]
	at org.apache.catalina.core.StandardHostValve.invoke(StandardHostValve.java:115) ~[tomcat-embed-core-11.0.24.jar:11.0.24]
	at org.apache.catalina.valves.ErrorReportValve.invoke(ErrorReportValve.java:86) ~[tomcat-embed-core-11.0.24.jar:11.0.24]
	at org.apache.catalina.core.StandardEngineValve.invoke(StandardEngineValve.java:71) ~[tomcat-embed-core-11.0.24.jar:11.0.24]
	at org.apache.catalina.connector.CoyoteAdapter.service(CoyoteAdapter.java:347) ~[tomcat-embed-core-11.0.24.jar:11.0.24]
	at org.apache.coyote.http11.Http11Processor.service(Http11Processor.java:406) ~[tomcat-embed-core-11.0.24.jar:11.0.24]
	at org.apache.coyote.AbstractProcessorLight.process(AbstractProcessorLight.java:71) ~[tomcat-embed-core-11.0.24.jar:11.0.24]
	at org.apache.coyote.AbstractProtocol$ConnectionHandler.process(AbstractProtocol.java:1307) ~[tomcat-embed-core-11.0.24.jar:11.0.24]
	at org.apache.tomcat.util.net.NioEndpoint$SocketProcessor.doRun(NioEndpoint.java:2036) ~[tomcat-embed-core-11.0.24.jar:11.0.24]
	at org.apache.tomcat.util.net.SocketProcessorBase.run(SocketProcessorBase.java:74) ~[tomcat-embed-core-11.0.24.jar:11.0.24]
	at org.apache.tomcat.util.threads.ThreadPoolExecutor.runWorker(ThreadPoolExecutor.java:949) ~[tomcat-embed-core-11.0.24.jar:11.0.24]
	at org.apache.tomcat.util.threads.ThreadPoolExecutor$Worker.run(ThreadPoolExecutor.java:483) ~[tomcat-embed-core-11.0.24.jar:11.0.24]
	at org.apache.tomcat.util.threads.TaskThread$WrappingRunnable.run(TaskThread.java:74) ~[tomcat-embed-core-11.0.24.jar:11.0.24]
	at java.base/java.lang.Thread.run(Thread.java:1516) ~[na:na]
Caused by: java.lang.IllegalArgumentException: Supplied id had wrong type: entity 'com.smartmetro.entity.RouteStation' has id type 'class com.smartmetro.entity.RouteStation$RouteStationPK' but supplied id was of type 'class java.lang.Long'
	at org.hibernate.internal.SessionImpl.find(SessionImpl.java:2211) ~[hibernate-core-7.4.5.Final.jar:7.4.5.Final]
	at org.hibernate.internal.SessionImpl.find(SessionImpl.java:2152) ~[hibernate-core-7.4.5.Final.jar:7.4.5.Final]
	at java.base/jdk.internal.reflect.DirectMethodHandleAccessor.invoke(DirectMethodHandleAccessor.java:104) ~[na:na]
	at java.base/java.lang.reflect.Method.invoke(Method.java:565) ~[na:na]
	at org.springframework.orm.jpa.ExtendedEntityManagerCreator$ExtendedEntityManagerInvocationHandler.invoke(ExtendedEntityManagerCreator.java:360) ~[spring-orm-7.0.9.jar:7.0.9]
	at jdk.proxy4/jdk.proxy4.$Proxy149.find(Unknown Source) ~[na:na]
	at java.base/jdk.internal.reflect.DirectMethodHandleAccessor.invoke(DirectMethodHandleAccessor.java:104) ~[na:na]
	at java.base/java.lang.reflect.Method.invoke(Method.java:565) ~[na:na]
	at org.springframework.orm.jpa.SharedEntityManagerCreator$SharedEntityHandlerInvocationHandler.invokeMethod(SharedEntityManagerCreator.java:239) ~[spring-orm-7.0.9.jar:7.0.9]
	at org.springframework.orm.jpa.SharedEntityManagerCreator$SharedEntityManagerInvocationHandler.invoke(SharedEntityManagerCreator.java:392) ~[spring-orm-7.0.9.jar:7.0.9]
	at jdk.proxy4/jdk.proxy4.$Proxy149.find(Unknown Source) ~[na:na]
	at org.springframework.data.jpa.repository.support.SimpleJpaRepository.findById(SimpleJpaRepository.java:342) ~[spring-data-jpa-4.1.1.jar:4.1.1]
	at java.base/jdk.internal.reflect.DirectMethodHandleAccessor.invoke(DirectMethodHandleAccessor.java:104) ~[na:na]
	at java.base/java.lang.reflect.Method.invoke(Method.java:565) ~[na:na]
	at org.springframework.aop.support.AopUtils.invokeJoinpointUsingReflection(AopUtils.java:359) ~[spring-aop-7.0.9.jar:7.0.9]
	at org.springframework.data.repository.core.support.RepositoryMethodInvoker$RepositoryFragmentMethodInvoker.lambda$new$0(RepositoryMethodInvoker.java:278) ~[spring-data-commons-4.1.1.jar:4.1.1]
	at org.springframework.data.repository.core.support.RepositoryMethodInvoker.doInvoke(RepositoryMethodInvoker.java:169) ~[spring-data-commons-4.1.1.jar:4.1.1]
	at org.springframework.data.repository.core.support.RepositoryMethodInvoker.invoke(RepositoryMethodInvoker.java:158) ~[spring-data-commons-4.1.1.jar:4.1.1]
	at org.springframework.data.repository.core.support.RepositoryComposition$RepositoryFragments.invoke(RepositoryComposition.java:545) ~[spring-data-commons-4.1.1.jar:4.1.1]
	at org.springframework.data.repository.core.support.RepositoryComposition.invoke(RepositoryComposition.java:290) ~[spring-data-commons-4.1.1.jar:4.1.1]
	at org.springframework.data.repository.core.support.RepositoryFactorySupport$ImplementationMethodExecutionInterceptor.invoke(RepositoryFactorySupport.java:690) ~[spring-data-commons-4.1.1.jar:4.1.1]
	at org.springframework.aop.framework.ReflectiveMethodInvocation.proceed(ReflectiveMethodInvocation.java:179) ~[spring-aop-7.0.9.jar:7.0.9]
	at org.springframework.data.repository.core.support.QueryExecutorMethodInterceptor.doInvoke(QueryExecutorMethodInterceptor.java:171) ~[spring-data-commons-4.1.1.jar:4.1.1]
	at org.springframework.data.repository.core.support.QueryExecutorMethodInterceptor.invoke(QueryExecutorMethodInterceptor.java:146) ~[spring-data-commons-4.1.1.jar:4.1.1]
	at org.springframework.aop.framework.ReflectiveMethodInvocation.proceed(ReflectiveMethodInvocation.java:179) ~[spring-aop-7.0.9.jar:7.0.9]
	at org.springframework.data.projection.DefaultMethodInvokingMethodInterceptor.invoke(DefaultMethodInvokingMethodInterceptor.java:69) ~[spring-data-commons-4.1.1.jar:4.1.1]
	at org.springframework.aop.framework.ReflectiveMethodInvocation.proceed(ReflectiveMethodInvocation.java:179) ~[spring-aop-7.0.9.jar:7.0.9]
	at org.springframework.transaction.interceptor.TransactionInterceptor$1.proceedWithInvocation(TransactionInterceptor.java:133) ~[spring-tx-7.0.9.jar:7.0.9]
	at org.springframework.transaction.interceptor.TransactionAspectSupport.invokeWithinTransaction(TransactionAspectSupport.java:371) ~[spring-tx-7.0.9.jar:7.0.9]
	at org.springframework.transaction.interceptor.TransactionInterceptor.invoke(TransactionInterceptor.java:130) ~[spring-tx-7.0.9.jar:7.0.9]
	at org.springframework.aop.framework.ReflectiveMethodInvocation.proceed(ReflectiveMethodInvocation.java:179) ~[spring-aop-7.0.9.jar:7.0.9]
	at org.springframework.dao.support.PersistenceExceptionTranslationInterceptor.invoke(PersistenceExceptionTranslationInterceptor.java:135) ~[spring-tx-7.0.9.jar:7.0.9]
	... 53 common frames omitted
Caused by: org.hibernate.TypeMismatchException: Supplied id had wrong type: entity 'com.smartmetro.entity.RouteStation' has id type 'class com.smartmetro.entity.RouteStation$RouteStationPK' but supplied id was of type 'class java.lang.Long'
	at org.hibernate.event.internal.DefaultLoadEventListener.checkId(DefaultLoadEventListener.java:68) ~[hibernate-core-7.4.5.Final.jar:7.4.5.Final]
	at org.hibernate.event.internal.DefaultLoadEventListener.onLoad(DefaultLoadEventListener.java:55) ~[hibernate-core-7.4.5.Final.jar:7.4.5.Final]
	at org.hibernate.event.service.internal.EventListenerGroupImpl.fireEventOnEachListener(EventListenerGroupImpl.java:149) ~[hibernate-core-7.4.5.Final.jar:7.4.5.Final]
	at org.hibernate.internal.SessionImpl.fireLoadNoChecks(SessionImpl.java:1282) ~[hibernate-core-7.4.5.Final.jar:7.4.5.Final]
	at org.hibernate.internal.SessionImpl.fireLoad(SessionImpl.java:1269) ~[hibernate-core-7.4.5.Final.jar:7.4.5.Final]
	at org.hibernate.internal.SessionImpl.load(SessionImpl.java:1252) ~[hibernate-core-7.4.5.Final.jar:7.4.5.Final]
	at org.hibernate.loader.internal.IdentifierLoadAccessImpl.doLoad(IdentifierLoadAccessImpl.java:178) ~[hibernate-core-7.4.5.Final.jar:7.4.5.Final]
	at org.hibernate.loader.internal.IdentifierLoadAccessImpl.lambda$load$0(IdentifierLoadAccessImpl.java:164) ~[hibernate-core-7.4.5.Final.jar:7.4.5.Final]
	at org.hibernate.loader.internal.IdentifierLoadAccessImpl.perform(IdentifierLoadAccessImpl.java:127) ~[hibernate-core-7.4.5.Final.jar:7.4.5.Final]
	at org.hibernate.loader.internal.IdentifierLoadAccessImpl.load(IdentifierLoadAccessImpl.java:164) ~[hibernate-core-7.4.5.Final.jar:7.4.5.Final]
	at org.hibernate.internal.SessionImpl.find(SessionImpl.java:2178) ~[hibernate-core-7.4.5.Final.jar:7.4.5.Final]
	... 84 common frames omitted

2026-10-02T23:22:03.441+05:30  INFO 19952 --- [smartmetro-api] [SpringApplicationShutdownHook] o.s.boot.tomcat.GracefulShutdown         : Commencing graceful shutdown. Waiting for active requests to complete
2026-10-02T23:22:03.449+05:30  INFO 19952 --- [smartmetro-api] [tomcat-shutdown] o.s.boot.tomcat.GracefulShutdown         : Graceful shutdown complete
2026-10-02T23:22:03.457+05:30  INFO 19952 --- [smartmetro-api] [SpringApplicationShutdownHook] j.LocalContainerEntityManagerFactoryBean : Closing JPA EntityManagerFactory for persistence unit 'default'
2026-10-02T23:22:03.460+05:30  INFO 19952 --- [smartmetro-api] [SpringApplicationShutdownHook] com.zaxxer.hikari.HikariDataSource       : HikariPool-1 - Shutdown initiated...
2026-10-02T23:22:03.467+05:30  INFO 19952 --- [smartmetro-api] [SpringApplicationShutdownHook] com.zaxxer.hikari.HikariDataSource       : HikariPool-1 - Shutdown completed.
2026-10-02T23:22:05.238+05:30  INFO 25632 --- [smartmetro-api] [restartedMain] c.smartmetro.SmartmetroApiApplication    : Starting SmartmetroApiApplication using Java 26.0.2.1 with PID 25632 (S:\Emexo_Technology\smartmetro-api\smartmetro-api\build\classes\java\main started by SHASHANK in S:\Emexo_Technology\smartmetro-api\smartmetro-api)
2026-10-02T23:22:05.239+05:30 DEBUG 25632 --- [smartmetro-api] [restartedMain] c.smartmetro.SmartmetroApiApplication    : Running with Spring Boot v4.1.1, Spring v7.0.9
2026-10-02T23:22:05.240+05:30  INFO 25632 --- [smartmetro-api] [restartedMain] c.smartmetro.SmartmetroApiApplication    : The following 1 profile is active: "uat"
2026-10-02T23:22:05.273+05:30  INFO 25632 --- [smartmetro-api] [restartedMain] o.s.b.devtools.restart.ChangeableUrls    : The Class-Path manifest attribute in C:\Users\SHASHANK\.gradle\caches\modules-2\files-2.1\com.oracle.database.jdbc\ojdbc11\23.26.3.0.0\6936aba69cb7142aac36a53ed920af563b0e1dd1\ojdbc11-23.26.3.0.0.jar referenced one or more files that do not exist: file:/C:/Users/SHASHANK/.gradle/caches/modules-2/files-2.1/com.oracle.database.jdbc/ojdbc11/23.26.3.0.0/6936aba69cb7142aac36a53ed920af563b0e1dd1/oraclepki.jar
2026-10-02T23:22:05.273+05:30  INFO 25632 --- [smartmetro-api] [restartedMain] .e.DevToolsPropertyDefaultsPostProcessor : Devtools property defaults active! Set 'spring.devtools.add-properties' to 'false' to disable
2026-10-02T23:22:05.273+05:30  INFO 25632 --- [smartmetro-api] [restartedMain] .e.DevToolsPropertyDefaultsPostProcessor : For additional web related logging consider setting the 'logging.level.web' property to 'DEBUG'
2026-10-02T23:22:05.982+05:30  INFO 25632 --- [smartmetro-api] [restartedMain] .s.d.r.c.RepositoryConfigurationDelegate : Multiple Spring Data modules found, entering strict repository configuration mode
2026-10-02T23:22:05.983+05:30  INFO 25632 --- [smartmetro-api] [restartedMain] .s.d.r.c.RepositoryConfigurationDelegate : Bootstrapping Spring Data JPA repositories in DEFAULT mode.
2026-10-02T23:22:06.030+05:30  INFO 25632 --- [smartmetro-api] [restartedMain] .s.d.r.c.RepositoryConfigurationDelegate : Finished Spring Data repository scanning in 41 ms. Found 8 JPA repository interfaces.
2026-10-02T23:22:06.052+05:30  INFO 25632 --- [smartmetro-api] [restartedMain] .s.d.r.c.RepositoryConfigurationDelegate : Multiple Spring Data modules found, entering strict repository configuration mode
2026-10-02T23:22:06.052+05:30  INFO 25632 --- [smartmetro-api] [restartedMain] .s.d.r.c.RepositoryConfigurationDelegate : Bootstrapping Spring Data MongoDB repositories in DEFAULT mode.
2026-10-02T23:22:06.059+05:30  INFO 25632 --- [smartmetro-api] [restartedMain] .RepositoryConfigurationExtensionSupport : Spring Data MongoDB - Could not safely identify store assignment for repository candidate interface com.smartmetro.repository.MetroCardRepository; If you want this repository to be a MongoDB repository, consider annotating your entities with one of these annotations: org.springframework.data.mongodb.core.mapping.Document (preferred), or consider extending one of the following types with your repository: org.springframework.data.mongodb.repository.MongoRepository
2026-10-02T23:22:06.059+05:30  INFO 25632 --- [smartmetro-api] [restartedMain] .RepositoryConfigurationExtensionSupport : Spring Data MongoDB - Could not safely identify store assignment for repository candidate interface com.smartmetro.repository.PaymentRepository; If you want this repository to be a MongoDB repository, consider annotating your entities with one of these annotations: org.springframework.data.mongodb.core.mapping.Document (preferred), or consider extending one of the following types with your repository: org.springframework.data.mongodb.repository.MongoRepository
2026-10-02T23:22:06.059+05:30  INFO 25632 --- [smartmetro-api] [restartedMain] .RepositoryConfigurationExtensionSupport : Spring Data MongoDB - Could not safely identify store assignment for repository candidate interface com.smartmetro.repository.RouteRepository; If you want this repository to be a MongoDB repository, consider annotating your entities with one of these annotations: org.springframework.data.mongodb.core.mapping.Document (preferred), or consider extending one of the following types with your repository: org.springframework.data.mongodb.repository.MongoRepository
2026-10-02T23:22:06.060+05:30  INFO 25632 --- [smartmetro-api] [restartedMain] .RepositoryConfigurationExtensionSupport : Spring Data MongoDB - Could not safely identify store assignment for repository candidate interface com.smartmetro.repository.RouteStationRepository; If you want this repository to be a MongoDB repository, consider annotating your entities with one of these annotations: org.springframework.data.mongodb.core.mapping.Document (preferred), or consider extending one of the following types with your repository: org.springframework.data.mongodb.repository.MongoRepository
2026-10-02T23:22:06.061+05:30  INFO 25632 --- [smartmetro-api] [restartedMain] .RepositoryConfigurationExtensionSupport : Spring Data MongoDB - Could not safely identify store assignment for repository candidate interface com.smartmetro.repository.StationRepository; If you want this repository to be a MongoDB repository, consider annotating your entities with one of these annotations: org.springframework.data.mongodb.core.mapping.Document (preferred), or consider extending one of the following types with your repository: org.springframework.data.mongodb.repository.MongoRepository
2026-10-02T23:22:06.061+05:30  INFO 25632 --- [smartmetro-api] [restartedMain] .RepositoryConfigurationExtensionSupport : Spring Data MongoDB - Could not safely identify store assignment for repository candidate interface com.smartmetro.repository.TransactionRepository; If you want this repository to be a MongoDB repository, consider annotating your entities with one of these annotations: org.springframework.data.mongodb.core.mapping.Document (preferred), or consider extending one of the following types with your repository: org.springframework.data.mongodb.repository.MongoRepository
2026-10-02T23:22:06.061+05:30  INFO 25632 --- [smartmetro-api] [restartedMain] .RepositoryConfigurationExtensionSupport : Spring Data MongoDB - Could not safely identify store assignment for repository candidate interface com.smartmetro.repository.TripRepository; If you want this repository to be a MongoDB repository, consider annotating your entities with one of these annotations: org.springframework.data.mongodb.core.mapping.Document (preferred), or consider extending one of the following types with your repository: org.springframework.data.mongodb.repository.MongoRepository
2026-10-02T23:22:06.061+05:30  INFO 25632 --- [smartmetro-api] [restartedMain] .RepositoryConfigurationExtensionSupport : Spring Data MongoDB - Could not safely identify store assignment for repository candidate interface com.smartmetro.repository.UserRepository; If you want this repository to be a MongoDB repository, consider annotating your entities with one of these annotations: org.springframework.data.mongodb.core.mapping.Document (preferred), or consider extending one of the following types with your repository: org.springframework.data.mongodb.repository.MongoRepository
2026-10-02T23:22:06.061+05:30  INFO 25632 --- [smartmetro-api] [restartedMain] .s.d.r.c.RepositoryConfigurationDelegate : Finished Spring Data repository scanning in 7 ms. Found 0 MongoDB repository interfaces.
2026-10-02T23:22:06.436+05:30  INFO 25632 --- [smartmetro-api] [restartedMain] o.s.boot.tomcat.TomcatWebServer          : Tomcat initialized with port 8084 (http)
2026-10-02T23:22:06.445+05:30  INFO 25632 --- [smartmetro-api] [restartedMain] o.apache.catalina.core.StandardService   : Starting service [Tomcat]
2026-10-02T23:22:06.446+05:30  INFO 25632 --- [smartmetro-api] [restartedMain] o.apache.catalina.core.StandardEngine    : Starting Servlet engine: [Apache Tomcat/11.0.24]
2026-10-02T23:22:06.474+05:30  INFO 25632 --- [smartmetro-api] [restartedMain] b.w.c.s.WebApplicationContextInitializer : Root WebApplicationContext: initialization completed in 1200 ms
2026-10-02T23:22:06.699+05:30  INFO 25632 --- [smartmetro-api] [restartedMain] com.zaxxer.hikari.HikariDataSource       : HikariPool-1 - Starting...
2026-10-02T23:22:06.867+05:30  INFO 25632 --- [smartmetro-api] [restartedMain] com.zaxxer.hikari.pool.HikariPool        : HikariPool-1 - Added connection oracle.jdbc.driver.T4CConnection@4878853a
2026-10-02T23:22:06.868+05:30  INFO 25632 --- [smartmetro-api] [restartedMain] com.zaxxer.hikari.HikariDataSource       : HikariPool-1 - Start completed.
2026-10-02T23:22:06.886+05:30  INFO 25632 --- [smartmetro-api] [restartedMain] org.hibernate.orm.jpa                    : HHH008540: Processing PersistenceUnitInfo [name: default]
2026-10-02T23:22:06.917+05:30  INFO 25632 --- [smartmetro-api] [restartedMain] org.hibernate.orm.core                   : HHH000001: Hibernate ORM core version 7.4.5.Final
2026-10-02T23:22:07.183+05:30  INFO 25632 --- [smartmetro-api] [restartedMain] o.s.o.j.p.SpringPersistenceUnitInfo      : No LoadTimeWeaver setup: ignoring JPA class transformer
2026-10-02T23:22:07.339+05:30  WARN 25632 --- [smartmetro-api] [restartedMain] org.hibernate.orm.core                   : HHH000511: The 11.2.0 version for [org.hibernate.dialect.OracleDialect] is no longer supported, hence certain features may not work properly.The minimum supported version is 19.0.0. Check the community dialects project for available legacy versions.
2026-10-02T23:22:07.359+05:30  WARN 25632 --- [smartmetro-api] [restartedMain] org.hibernate.orm.jdbc                   : HHH100123: Low default JDBC fetch size: 10 (consider setting 'hibernate.jdbc.fetch_size')
2026-10-02T23:22:07.361+05:30  INFO 25632 --- [smartmetro-api] [restartedMain] org.hibernate.orm.connections.pooling    : HHH10001005: Database info:
	Database JDBC URL [jdbc:oracle:thin:@localhost:1521:xe]
	Database driver: Oracle JDBC driver
	Database dialect: OracleDialect
	Database version: 11.2
	Default catalog/schema: undefined/SYSTEM
	Autocommit mode: undefined/unknown
	Isolation level: READ_COMMITTED [default READ_COMMITTED]
	JDBC fetch size: 10
	Pool: DataSourceConnectionProvider
	Minimum pool size: undefined/unknown
	Maximum pool size: undefined/unknown
2026-10-02T23:22:08.126+05:30  INFO 25632 --- [smartmetro-api] [restartedMain] org.hibernate.orm.core                   : HHH000489: No JTA platform available (set 'hibernate.transaction.jta.platform' to enable JTA platform integration)
2026-10-02T23:22:08.131+05:30  INFO 25632 --- [smartmetro-api] [restartedMain] j.LocalContainerEntityManagerFactoryBean : Initialized JPA EntityManagerFactory for persistence unit 'default'
2026-10-02T23:22:08.189+05:30  INFO 25632 --- [smartmetro-api] [restartedMain] o.s.d.j.r.query.QueryEnhancerFactories   : Hibernate is in classpath; If applicable, HQL parser will be used.
2026-10-02T23:22:08.396+05:30  WARN 25632 --- [smartmetro-api] [restartedMain] JpaBaseConfiguration$JpaWebConfiguration : spring.jpa.open-in-view is enabled by default. Therefore, database queries may be performed during view rendering. Explicitly configure spring.jpa.open-in-view to disable this warning
2026-10-02T23:22:08.878+05:30  INFO 25632 --- [smartmetro-api] [restartedMain] org.mongodb.driver.client                : MongoClient with metadata {"driver": {"name": "mongo-java-driver|spring-boot|sync", "version": "5.8.1"}, "os": {"type": "Windows", "name": "Windows 11", "architecture": "amd64", "version": "10.0"}, "platform": "Java/Oracle Corporation/26.0.2.1+1-7"} created with settings MongoClientSettings{readPreference=primary, writeConcern=WriteConcern{w=null, wTimeout=null ms, journal=null}, retryWrites=true, retryReads=true, readConcern=ReadConcern{level=null}, credential=null, transportSettings=null, commandListeners=[io.micrometer.core.instrument.binder.mongodb.MongoMetricsCommandListener@1083b2a7], codecRegistry=ProvidersCodecRegistry{codecProviders=[ValueCodecProvider{}, BsonValueCodecProvider{}, DBRefCodecProvider{}, DBObjectCodecProvider{}, DocumentCodecProvider{}, CollectionCodecProvider{}, IterableCodecProvider{}, MapCodecProvider{}, GeoJsonCodecProvider{}, GridFSFileCodecProvider{}, Jsr310CodecProvider{}, JsonObjectCodecProvider{}, BsonCodecProvider{}, com.mongodb.client.model.mql.ExpressionCodecProvider@6c104413, com.mongodb.Jep395RecordCodecProvider@4e8408ad, com.mongodb.KotlinCodecProvider@39fa8a48, EnumCodecProvider{}]}, loggerSettings=LoggerSettings{maxDocumentLength=1000}, clusterSettings={hosts=[localhost:27017], srvServiceName=mongodb, mode=SINGLE, requiredClusterType=UNKNOWN, requiredReplicaSetName='null', serverSelector='null', clusterListeners='[]', serverSelectionTimeout='30000 ms', localThreshold='15 ms'}, socketSettings=SocketSettings{connectTimeoutMS=10000, readTimeoutMS=0, receiveBufferSize=0, proxySettings=ProxySettings{host=null, port=null, username=null, password=null}}, heartbeatSocketSettings=SocketSettings{connectTimeoutMS=10000, readTimeoutMS=10000, receiveBufferSize=0, proxySettings=ProxySettings{host=null, port=null, username=null, password=null}}, connectionPoolSettings=ConnectionPoolSettings{maxSize=100, minSize=0, maxWaitTimeMS=120000, maxConnectionLifeTimeMS=0, maxConnectionIdleTimeMS=0, maintenanceInitialDelayMS=0, maintenanceFrequencyMS=60000, connectionPoolListeners=[io.micrometer.core.instrument.binder.mongodb.MongoMetricsConnectionPoolListener@1ad0a31b], maxConnecting=2}, serverSettings=ServerSettings{heartbeatFrequencyMS=10000, minHeartbeatFrequencyMS=500, serverMonitoringMode=AUTO, serverListeners='[]', serverMonitorListeners='[]'}, sslSettings=SslSettings{enabled=false, invalidHostNameAllowed=false, context=null}, applicationName='null', compressorList=[], uuidRepresentation=UNSPECIFIED, serverApi=null, autoEncryptionSettings=null, dnsClient=null, inetAddressResolver=null, contextProvider=null, timeoutMS=null}
2026-10-02T23:22:08.890+05:30  INFO 25632 --- [smartmetro-api] [cluster-6abfef48fe81128a69fe2ab0-localhost:27017] org.mongodb.driver.cluster               : Monitor thread successfully connected to server with description ServerDescription{address=localhost:27017, type=STANDALONE, cryptd=false, state=CONNECTED, ok=true, minWireVersion=0, maxWireVersion=28, maxDocumentSize=16777216, logicalSessionTimeoutMinutes=30, roundTripTimeNanos=15476600, minRoundTripTimeNanos=0}
2026-10-02T23:22:09.119+05:30  INFO 25632 --- [smartmetro-api] [restartedMain] o.s.b.a.e.web.EndpointLinksResolver      : Exposing 13 endpoints beneath base path '/actuator'
2026-10-02T23:22:09.180+05:30  INFO 25632 --- [smartmetro-api] [restartedMain] o.s.boot.tomcat.TomcatWebServer          : Tomcat started on port 8084 (http) with context path '/'
2026-10-02T23:22:09.189+05:30  INFO 25632 --- [smartmetro-api] [restartedMain] c.smartmetro.SmartmetroApiApplication    : Started SmartmetroApiApplication in 4.24 seconds (process running for 4.564)
2026-10-02T23:22:09.195+05:30  WARN 25632 --- [smartmetro-api] [restartedMain] o.s.core.events.SpringDocAppInitializer  : SpringDoc /v3/api-docs endpoint is enabled by default. To disable it in production, set the property 'springdoc.api-docs.enabled=false'
2026-10-02T23:22:09.195+05:30  WARN 25632 --- [smartmetro-api] [restartedMain] o.s.core.events.SpringDocAppInitializer  : SpringDoc /swagger-ui.html endpoint is enabled by default. To disable it in production, set the property 'springdoc.swagger-ui.enabled=false'
2026-10-02T23:22:09.196+05:30  INFO 25632 --- [smartmetro-api] [restartedMain] c.smartmetro.SmartmetroApiApplication    : SmartmetroApiApplication started
2026-10-02T23:22:19.559+05:30  INFO 25632 --- [smartmetro-api] [http-nio-8084-exec-1] o.a.c.c.C.[Tomcat].[localhost].[/]       : Initializing Spring DispatcherServlet 'dispatcherServlet'
2026-10-02T23:22:19.559+05:30  INFO 25632 --- [smartmetro-api] [http-nio-8084-exec-1] o.s.web.servlet.DispatcherServlet        : Initializing Servlet 'dispatcherServlet'
2026-10-02T23:22:19.561+05:30  INFO 25632 --- [smartmetro-api] [http-nio-8084-exec-1] o.s.web.servlet.DispatcherServlet        : Completed initialization in 2 ms
2026-10-02T23:22:20.418+05:30  INFO 25632 --- [smartmetro-api] [http-nio-8084-exec-9] o.springdoc.api.AbstractOpenApiResource  : Init duration for springdoc-openapi is: 522 ms
2026-10-02T23:22:31.437+05:30  INFO 25632 --- [smartmetro-api] [http-nio-8084-exec-3] c.s.controller.RouteStationController    : Inside the getRouteStationById method for id: 1
2026-10-02T23:22:31.438+05:30  INFO 25632 --- [smartmetro-api] [http-nio-8084-exec-3] c.s.service.RouteStationServiceImpl      : Inside the RouteStationServiceImpl.findRouteStationById
2026-10-02T23:22:31.466+05:30 ERROR 25632 --- [smartmetro-api] [http-nio-8084-exec-3] c.s.controller.RouteStationController    : Exception occurred while fetching card with id 1: 

org.springframework.dao.InvalidDataAccessApiUsageException: Supplied id had wrong type: entity 'com.smartmetro.entity.RouteStation' has id type 'class com.smartmetro.entity.RouteStation$RouteStationPK' but supplied id was of type 'class java.lang.Long'
	at org.springframework.orm.jpa.EntityManagerFactoryUtils.convertJpaAccessExceptionIfPossible(EntityManagerFactoryUtils.java:482) ~[spring-orm-7.0.9.jar:7.0.9]
	at org.springframework.orm.jpa.hibernate.HibernateExceptionTranslator.translateExceptionIfPossible(HibernateExceptionTranslator.java:112) ~[spring-orm-7.0.9.jar:7.0.9]
	at org.springframework.orm.jpa.vendor.HibernateJpaDialect.translateExceptionIfPossible(HibernateJpaDialect.java:223) ~[spring-orm-7.0.9.jar:7.0.9]
	at org.springframework.orm.jpa.AbstractEntityManagerFactoryBean.translateExceptionIfPossible(AbstractEntityManagerFactoryBean.java:577) ~[spring-orm-7.0.9.jar:7.0.9]
	at org.springframework.dao.support.ChainedPersistenceExceptionTranslator.translateExceptionIfPossible(ChainedPersistenceExceptionTranslator.java:61) ~[spring-tx-7.0.9.jar:7.0.9]
	at org.springframework.dao.support.DataAccessUtils.translateIfNecessary(DataAccessUtils.java:346) ~[spring-tx-7.0.9.jar:7.0.9]
	at org.springframework.dao.support.PersistenceExceptionTranslationInterceptor.invoke(PersistenceExceptionTranslationInterceptor.java:157) ~[spring-tx-7.0.9.jar:7.0.9]
	at org.springframework.aop.framework.ReflectiveMethodInvocation.proceed(ReflectiveMethodInvocation.java:179) ~[spring-aop-7.0.9.jar:7.0.9]
	at org.springframework.data.jpa.repository.support.CrudMethodMetadataPostProcessor$CrudMethodMetadataPopulatingMethodInterceptor.invoke(CrudMethodMetadataPostProcessor.java:166) ~[spring-data-jpa-4.1.1.jar:4.1.1]
	at org.springframework.aop.framework.ReflectiveMethodInvocation.proceed(ReflectiveMethodInvocation.java:179) ~[spring-aop-7.0.9.jar:7.0.9]
	at org.springframework.aop.framework.JdkDynamicAopProxy.invoke(JdkDynamicAopProxy.java:222) ~[spring-aop-7.0.9.jar:7.0.9]
	at jdk.proxy4/jdk.proxy4.$Proxy157.findById(Unknown Source) ~[na:na]
	at com.smartmetro.service.RouteStationServiceImpl.findRouteStationById(RouteStationServiceImpl.java:43) ~[main/:na]
	at com.smartmetro.controller.RouteStationController.getRouteStationById(RouteStationController.java:46) ~[main/:na]
	at java.base/jdk.internal.reflect.DirectMethodHandleAccessor.invoke(DirectMethodHandleAccessor.java:104) ~[na:na]
	at java.base/java.lang.reflect.Method.invoke(Method.java:565) ~[na:na]
	at org.springframework.web.method.support.InvocableHandlerMethod.doInvoke(InvocableHandlerMethod.java:252) ~[spring-web-7.0.9.jar:7.0.9]
	at org.springframework.web.method.support.InvocableHandlerMethod.invokeForRequest(InvocableHandlerMethod.java:184) ~[spring-web-7.0.9.jar:7.0.9]
	at org.springframework.web.servlet.mvc.method.annotation.ServletInvocableHandlerMethod.invokeAndHandle(ServletInvocableHandlerMethod.java:117) ~[spring-webmvc-7.0.9.jar:7.0.9]
	at org.springframework.web.servlet.mvc.method.annotation.RequestMappingHandlerAdapter.invokeHandlerMethod(RequestMappingHandlerAdapter.java:934) ~[spring-webmvc-7.0.9.jar:7.0.9]
	at org.springframework.web.servlet.mvc.method.annotation.RequestMappingHandlerAdapter.handleInternal(RequestMappingHandlerAdapter.java:853) ~[spring-webmvc-7.0.9.jar:7.0.9]
	at org.springframework.web.servlet.mvc.method.AbstractHandlerMethodAdapter.handle(AbstractHandlerMethodAdapter.java:86) ~[spring-webmvc-7.0.9.jar:7.0.9]
	at org.springframework.web.servlet.DispatcherServlet.doDispatch(DispatcherServlet.java:963) ~[spring-webmvc-7.0.9.jar:7.0.9]
	at org.springframework.web.servlet.DispatcherServlet.doService(DispatcherServlet.java:866) ~[spring-webmvc-7.0.9.jar:7.0.9]
	at org.springframework.web.servlet.FrameworkServlet.processRequest(FrameworkServlet.java:1000) ~[spring-webmvc-7.0.9.jar:7.0.9]
	at org.springframework.web.servlet.FrameworkServlet.doGet(FrameworkServlet.java:892) ~[spring-webmvc-7.0.9.jar:7.0.9]
	at jakarta.servlet.http.HttpServlet.service(HttpServlet.java:622) ~[tomcat-embed-core-11.0.24.jar:6.1]
	at org.springframework.web.servlet.FrameworkServlet.service(FrameworkServlet.java:874) ~[spring-webmvc-7.0.9.jar:7.0.9]
	at jakarta.servlet.http.HttpServlet.service(HttpServlet.java:710) ~[tomcat-embed-core-11.0.24.jar:6.1]
	at org.apache.catalina.core.ApplicationFilterChain.doFilter(ApplicationFilterChain.java:132) ~[tomcat-embed-core-11.0.24.jar:11.0.24]
	at org.apache.tomcat.websocket.server.WsFilter.doFilter(WsFilter.java:59) ~[tomcat-embed-websocket-11.0.24.jar:11.0.24]
	at org.apache.catalina.core.ApplicationFilterChain.doFilter(ApplicationFilterChain.java:111) ~[tomcat-embed-core-11.0.24.jar:11.0.24]
	at org.springframework.web.filter.RequestContextFilter.doFilterInternal(RequestContextFilter.java:100) ~[spring-web-7.0.9.jar:7.0.9]
	at org.springframework.web.filter.OncePerRequestFilter.doFilter(OncePerRequestFilter.java:116) ~[spring-web-7.0.9.jar:7.0.9]
	at org.apache.catalina.core.ApplicationFilterChain.doFilter(ApplicationFilterChain.java:111) ~[tomcat-embed-core-11.0.24.jar:11.0.24]
	at org.springframework.web.filter.FormContentFilter.doFilterInternal(FormContentFilter.java:93) ~[spring-web-7.0.9.jar:7.0.9]
	at org.springframework.web.filter.OncePerRequestFilter.doFilter(OncePerRequestFilter.java:116) ~[spring-web-7.0.9.jar:7.0.9]
	at org.apache.catalina.core.ApplicationFilterChain.doFilter(ApplicationFilterChain.java:111) ~[tomcat-embed-core-11.0.24.jar:11.0.24]
	at org.springframework.web.filter.ServerHttpObservationFilter.doFilterInternal(ServerHttpObservationFilter.java:110) ~[spring-web-7.0.9.jar:7.0.9]
	at org.springframework.web.filter.OncePerRequestFilter.doFilter(OncePerRequestFilter.java:116) ~[spring-web-7.0.9.jar:7.0.9]
	at org.apache.catalina.core.ApplicationFilterChain.doFilter(ApplicationFilterChain.java:111) ~[tomcat-embed-core-11.0.24.jar:11.0.24]
	at org.springframework.web.filter.CharacterEncodingFilter.doFilterInternal(CharacterEncodingFilter.java:199) ~[spring-web-7.0.9.jar:7.0.9]
	at org.springframework.web.filter.OncePerRequestFilter.doFilter(OncePerRequestFilter.java:116) ~[spring-web-7.0.9.jar:7.0.9]
	at org.apache.catalina.core.ApplicationFilterChain.doFilter(ApplicationFilterChain.java:111) ~[tomcat-embed-core-11.0.24.jar:11.0.24]
	at org.apache.catalina.core.StandardWrapperValve.invoke(StandardWrapperValve.java:165) ~[tomcat-embed-core-11.0.24.jar:11.0.24]
	at org.apache.catalina.core.StandardContextValve.invoke(StandardContextValve.java:77) ~[tomcat-embed-core-11.0.24.jar:11.0.24]
	at org.apache.catalina.authenticator.AuthenticatorBase.invoke(AuthenticatorBase.java:535) ~[tomcat-embed-core-11.0.24.jar:11.0.24]
	at org.apache.catalina.core.StandardHostValve.invoke(StandardHostValve.java:115) ~[tomcat-embed-core-11.0.24.jar:11.0.24]
	at org.apache.catalina.valves.ErrorReportValve.invoke(ErrorReportValve.java:86) ~[tomcat-embed-core-11.0.24.jar:11.0.24]
	at org.apache.catalina.core.StandardEngineValve.invoke(StandardEngineValve.java:71) ~[tomcat-embed-core-11.0.24.jar:11.0.24]
	at org.apache.catalina.connector.CoyoteAdapter.service(CoyoteAdapter.java:347) ~[tomcat-embed-core-11.0.24.jar:11.0.24]
	at org.apache.coyote.http11.Http11Processor.service(Http11Processor.java:406) ~[tomcat-embed-core-11.0.24.jar:11.0.24]
	at org.apache.coyote.AbstractProcessorLight.process(AbstractProcessorLight.java:71) ~[tomcat-embed-core-11.0.24.jar:11.0.24]
	at org.apache.coyote.AbstractProtocol$ConnectionHandler.process(AbstractProtocol.java:1307) ~[tomcat-embed-core-11.0.24.jar:11.0.24]
	at org.apache.tomcat.util.net.NioEndpoint$SocketProcessor.doRun(NioEndpoint.java:2036) ~[tomcat-embed-core-11.0.24.jar:11.0.24]
	at org.apache.tomcat.util.net.SocketProcessorBase.run(SocketProcessorBase.java:74) ~[tomcat-embed-core-11.0.24.jar:11.0.24]
	at org.apache.tomcat.util.threads.ThreadPoolExecutor.runWorker(ThreadPoolExecutor.java:949) ~[tomcat-embed-core-11.0.24.jar:11.0.24]
	at org.apache.tomcat.util.threads.ThreadPoolExecutor$Worker.run(ThreadPoolExecutor.java:483) ~[tomcat-embed-core-11.0.24.jar:11.0.24]
	at org.apache.tomcat.util.threads.TaskThread$WrappingRunnable.run(TaskThread.java:74) ~[tomcat-embed-core-11.0.24.jar:11.0.24]
	at java.base/java.lang.Thread.run(Thread.java:1516) ~[na:na]
Caused by: java.lang.IllegalArgumentException: Supplied id had wrong type: entity 'com.smartmetro.entity.RouteStation' has id type 'class com.smartmetro.entity.RouteStation$RouteStationPK' but supplied id was of type 'class java.lang.Long'
	at org.hibernate.internal.SessionImpl.find(SessionImpl.java:2211) ~[hibernate-core-7.4.5.Final.jar:7.4.5.Final]
	at org.hibernate.internal.SessionImpl.find(SessionImpl.java:2152) ~[hibernate-core-7.4.5.Final.jar:7.4.5.Final]
	at java.base/jdk.internal.reflect.DirectMethodHandleAccessor.invoke(DirectMethodHandleAccessor.java:104) ~[na:na]
	at java.base/java.lang.reflect.Method.invoke(Method.java:565) ~[na:na]
	at org.springframework.orm.jpa.ExtendedEntityManagerCreator$ExtendedEntityManagerInvocationHandler.invoke(ExtendedEntityManagerCreator.java:360) ~[spring-orm-7.0.9.jar:7.0.9]
	at jdk.proxy4/jdk.proxy4.$Proxy149.find(Unknown Source) ~[na:na]
	at java.base/jdk.internal.reflect.DirectMethodHandleAccessor.invoke(DirectMethodHandleAccessor.java:104) ~[na:na]
	at java.base/java.lang.reflect.Method.invoke(Method.java:565) ~[na:na]
	at org.springframework.orm.jpa.SharedEntityManagerCreator$SharedEntityHandlerInvocationHandler.invokeMethod(SharedEntityManagerCreator.java:239) ~[spring-orm-7.0.9.jar:7.0.9]
	at org.springframework.orm.jpa.SharedEntityManagerCreator$SharedEntityManagerInvocationHandler.invoke(SharedEntityManagerCreator.java:392) ~[spring-orm-7.0.9.jar:7.0.9]
	at jdk.proxy4/jdk.proxy4.$Proxy149.find(Unknown Source) ~[na:na]
	at org.springframework.data.jpa.repository.support.SimpleJpaRepository.findById(SimpleJpaRepository.java:342) ~[spring-data-jpa-4.1.1.jar:4.1.1]
	at java.base/jdk.internal.reflect.DirectMethodHandleAccessor.invoke(DirectMethodHandleAccessor.java:104) ~[na:na]
	at java.base/java.lang.reflect.Method.invoke(Method.java:565) ~[na:na]
	at org.springframework.aop.support.AopUtils.invokeJoinpointUsingReflection(AopUtils.java:359) ~[spring-aop-7.0.9.jar:7.0.9]
	at org.springframework.data.repository.core.support.RepositoryMethodInvoker$RepositoryFragmentMethodInvoker.lambda$new$0(RepositoryMethodInvoker.java:278) ~[spring-data-commons-4.1.1.jar:4.1.1]
	at org.springframework.data.repository.core.support.RepositoryMethodInvoker.doInvoke(RepositoryMethodInvoker.java:169) ~[spring-data-commons-4.1.1.jar:4.1.1]
	at org.springframework.data.repository.core.support.RepositoryMethodInvoker.invoke(RepositoryMethodInvoker.java:158) ~[spring-data-commons-4.1.1.jar:4.1.1]
	at org.springframework.data.repository.core.support.RepositoryComposition$RepositoryFragments.invoke(RepositoryComposition.java:545) ~[spring-data-commons-4.1.1.jar:4.1.1]
	at org.springframework.data.repository.core.support.RepositoryComposition.invoke(RepositoryComposition.java:290) ~[spring-data-commons-4.1.1.jar:4.1.1]
	at org.springframework.data.repository.core.support.RepositoryFactorySupport$ImplementationMethodExecutionInterceptor.invoke(RepositoryFactorySupport.java:690) ~[spring-data-commons-4.1.1.jar:4.1.1]
	at org.springframework.aop.framework.ReflectiveMethodInvocation.proceed(ReflectiveMethodInvocation.java:179) ~[spring-aop-7.0.9.jar:7.0.9]
	at org.springframework.data.repository.core.support.QueryExecutorMethodInterceptor.doInvoke(QueryExecutorMethodInterceptor.java:171) ~[spring-data-commons-4.1.1.jar:4.1.1]
	at org.springframework.data.repository.core.support.QueryExecutorMethodInterceptor.invoke(QueryExecutorMethodInterceptor.java:146) ~[spring-data-commons-4.1.1.jar:4.1.1]
	at org.springframework.aop.framework.ReflectiveMethodInvocation.proceed(ReflectiveMethodInvocation.java:179) ~[spring-aop-7.0.9.jar:7.0.9]
	at org.springframework.data.projection.DefaultMethodInvokingMethodInterceptor.invoke(DefaultMethodInvokingMethodInterceptor.java:69) ~[spring-data-commons-4.1.1.jar:4.1.1]
	at org.springframework.aop.framework.ReflectiveMethodInvocation.proceed(ReflectiveMethodInvocation.java:179) ~[spring-aop-7.0.9.jar:7.0.9]
	at org.springframework.transaction.interceptor.TransactionInterceptor$1.proceedWithInvocation(TransactionInterceptor.java:133) ~[spring-tx-7.0.9.jar:7.0.9]
	at org.springframework.transaction.interceptor.TransactionAspectSupport.invokeWithinTransaction(TransactionAspectSupport.java:371) ~[spring-tx-7.0.9.jar:7.0.9]
	at org.springframework.transaction.interceptor.TransactionInterceptor.invoke(TransactionInterceptor.java:130) ~[spring-tx-7.0.9.jar:7.0.9]
	at org.springframework.aop.framework.ReflectiveMethodInvocation.proceed(ReflectiveMethodInvocation.java:179) ~[spring-aop-7.0.9.jar:7.0.9]
	at org.springframework.dao.support.PersistenceExceptionTranslationInterceptor.invoke(PersistenceExceptionTranslationInterceptor.java:135) ~[spring-tx-7.0.9.jar:7.0.9]
	... 53 common frames omitted
Caused by: org.hibernate.TypeMismatchException: Supplied id had wrong type: entity 'com.smartmetro.entity.RouteStation' has id type 'class com.smartmetro.entity.RouteStation$RouteStationPK' but supplied id was of type 'class java.lang.Long'
	at org.hibernate.event.internal.DefaultLoadEventListener.checkId(DefaultLoadEventListener.java:68) ~[hibernate-core-7.4.5.Final.jar:7.4.5.Final]
	at org.hibernate.event.internal.DefaultLoadEventListener.onLoad(DefaultLoadEventListener.java:55) ~[hibernate-core-7.4.5.Final.jar:7.4.5.Final]
	at org.hibernate.event.service.internal.EventListenerGroupImpl.fireEventOnEachListener(EventListenerGroupImpl.java:149) ~[hibernate-core-7.4.5.Final.jar:7.4.5.Final]
	at org.hibernate.internal.SessionImpl.fireLoadNoChecks(SessionImpl.java:1282) ~[hibernate-core-7.4.5.Final.jar:7.4.5.Final]
	at org.hibernate.internal.SessionImpl.fireLoad(SessionImpl.java:1269) ~[hibernate-core-7.4.5.Final.jar:7.4.5.Final]
	at org.hibernate.internal.SessionImpl.load(SessionImpl.java:1252) ~[hibernate-core-7.4.5.Final.jar:7.4.5.Final]
	at org.hibernate.loader.internal.IdentifierLoadAccessImpl.doLoad(IdentifierLoadAccessImpl.java:178) ~[hibernate-core-7.4.5.Final.jar:7.4.5.Final]
	at org.hibernate.loader.internal.IdentifierLoadAccessImpl.lambda$load$0(IdentifierLoadAccessImpl.java:164) ~[hibernate-core-7.4.5.Final.jar:7.4.5.Final]
	at org.hibernate.loader.internal.IdentifierLoadAccessImpl.perform(IdentifierLoadAccessImpl.java:127) ~[hibernate-core-7.4.5.Final.jar:7.4.5.Final]
	at org.hibernate.loader.internal.IdentifierLoadAccessImpl.load(IdentifierLoadAccessImpl.java:164) ~[hibernate-core-7.4.5.Final.jar:7.4.5.Final]
	at org.hibernate.internal.SessionImpl.find(SessionImpl.java:2178) ~[hibernate-core-7.4.5.Final.jar:7.4.5.Final]
	... 84 common frames omitted

2026-10-02T23:32:02.195+05:30  INFO 25632 --- [smartmetro-api] [SpringApplicationShutdownHook] o.s.boot.tomcat.GracefulShutdown         : Commencing graceful shutdown. Waiting for active requests to complete
2026-10-02T23:32:02.198+05:30  INFO 25632 --- [smartmetro-api] [tomcat-shutdown] o.s.boot.tomcat.GracefulShutdown         : Graceful shutdown complete
2026-10-02T23:32:02.204+05:30  INFO 25632 --- [smartmetro-api] [SpringApplicationShutdownHook] j.LocalContainerEntityManagerFactoryBean : Closing JPA EntityManagerFactory for persistence unit 'default'
2026-10-02T23:32:02.208+05:30  INFO 25632 --- [smartmetro-api] [SpringApplicationShutdownHook] com.zaxxer.hikari.HikariDataSource       : HikariPool-1 - Shutdown initiated...
2026-10-02T23:32:02.215+05:30  INFO 25632 --- [smartmetro-api] [SpringApplicationShutdownHook] com.zaxxer.hikari.HikariDataSource       : HikariPool-1 - Shutdown completed.
